ISS (ZARYA)
1 25544U 20001A   26236.50000000  .00001000  00000+0  10000-4 0  9992
2 25544  51.6416 182.2582 0005423  94.3982  22.8423 15.49842105000013
TIANGONG (CSS)
1 48274U 20001A   26236.50000000  .00001000  00000+0  10000-4 0  9997
2 48274  41.4723 150.8123 0003500  75.2341 285.1245 15.62500000000015
HST (HUBBLE)
1 20580U 20001A   26236.50000000  .00001000  00000+0  10000-4 0  9997
2 20580  28.4695 245.1234 0002844 320.1234 140.5678 15.09245678000014
CHANDRAYAAN-2 ORBITER
1 44441U 20001A   26236.50000000  .00001000  00000+0  10000-4 0  9999
2 44441  90.0000  45.0000 0011999 120.0000 240.0000 12.50000000000014
CARTOSAT-3
1 44804U 20001A   26236.50000000  .00001000  00000+0  10000-4 0  9992
2 44804  97.5000 110.0000 0015000  80.0000 280.0000 15.18000000000015
RISAT-2B
1 44262U 20001A   26236.50000000  .00001000  00000+0  10000-4 0  9990
2 44262  37.0000 160.0000 0011000  95.0000 265.0000 15.22000000000017
OCEANSAT-3
1 54361U 20001A   26236.50000000  .00001000  00000+0  10000-4 0  9991
2 54361  98.2000 130.0000 0014000  70.0000 290.0000 14.85000000000016
ENVISAT
1 27386U 20001A   26236.50000000  .00001000  00000+0  10000-4 0  9998
2 27386  98.5400 205.1200 0001200  85.1200 275.1200 14.38000000000017
TERRA
1 25994U 20001A   26236.50000000  .00001000  00000+0  10000-4 0  9991
2 25994  98.1980 142.3400 0001450  65.1200 295.1200 14.57000000000011
AQUA
1 27424U 20001A   26236.50000000  .00001000  00000+0  10000-4 0  9991
2 27424  98.2010 143.1200 0001480  66.4500 294.1000 14.57100000000011
NOAA 19
1 33591U 20001A   26236.50000000  .00001000  00000+0  10000-4 0  9993
2 33591  98.7120  70.2310 0014000 110.1200 250.3400 14.12000000000016
NOAA 20
1 43013U 20001A   26236.50000000  .00001000  00000+0  10000-4 0  9993
2 43013  98.7400  85.1200 0013000 115.0000 245.0000 14.19000000000015
LANDSAT 8
1 39084U 20001A   26236.50000000  .00001000  00000+0  10000-4 0  9996
2 39084  98.2100 160.1200 0001499  70.1200 290.1200 14.57100000000012
LANDSAT 9
1 49260U 20001A   26236.50000000  .00001000  00000+0  10000-4 0  9993
2 49260  98.2200 165.0000 0001399  72.0000 288.0000 14.57100000000014
SENTINEL-1A
1 39634U 20001A   26236.50000000  .00001000  00000+0  10000-4 0  9997
2 39634  98.1800 175.4500 0001299  80.4500 280.1200 14.59000000000016
SENTINEL-2A
1 40697U 20001A   26236.50000000  .00001000  00000+0  10000-4 0  9998
2 40697  98.5700 190.0000 0001100  90.0000 270.0000 14.31000000000017
SENTINEL-3A
1 41335U 20001A   26236.50000000  .00001000  00000+0  10000-4 0  9998
2 41335  98.6300 215.0000 0001000 100.0000 260.0000 14.28000000000018
STARLINK-1007
1 44713U 20001A   26236.50000000  .00001000  00000+0  10000-4 0  9991
2 44713  53.0534 110.4562 0001420  80.1245 280.1245 15.06450000000011
STARLINK-1019
1 44725U 20001A   26236.50000000  .00001000  00000+0  10000-4 0  9994
2 44725  53.0540 110.4650 0001435  80.1300 280.1100 15.06450000000017
COSMOS 2251 DEBRIS #1
1 33801U 20001A   26236.50000000  .00001000  00000+0  10000-4 0  9997
2 33801  74.6971   9.0039 0131012 265.1296 243.6118 13.64642148000016
COSMOS 2251 DEBRIS #2
1 33802U 20001A   26236.50000000  .00001000  00000+0  10000-4 0  9998
2 33802  75.9609  31.2980 0195645  78.7097 181.9279 13.25959444000019
COSMOS 2251 DEBRIS #3
1 33803U 20001A   26236.50000000  .00001000  00000+0  10000-4 0  9999
2 33803  71.6327  71.5816 0295949  79.3586 212.1356 14.28988296000017
COSMOS 2251 DEBRIS #4
1 33804U 20001A   26236.50000000  .00001000  00000+0  10000-4 0  9990
2 33804  75.5472   2.3396 0364560 122.4902  55.9726 14.59627879000010
COSMOS 2251 DEBRIS #5
1 33805U 20001A   26236.50000000  .00001000  00000+0  10000-4 0  9991
2 33805  76.2861 121.1740 0050808 305.0980 217.3414 13.39343275000016
COSMOS 2251 DEBRIS #6
1 33806U 20001A   26236.50000000  .00001000  00000+0  10000-4 0  9992
2 33806  75.5356 262.7034 0245940 136.2724 198.7346 15.14623153000016
COSMOS 2251 DEBRIS #7
1 33807U 20001A   26236.50000000  .00001000  00000+0  10000-4 0  9993
2 33807  75.6470 222.6671 0389151 253.6459  16.4968 14.35470429000013
COSMOS 2251 DEBRIS #8
1 33808U 20001A   26236.50000000  .00001000  00000+0  10000-4 0  9994
2 33808  72.6395 104.1797 0045108  36.3605 100.0705 13.66558177000019
COSMOS 2251 DEBRIS #9
1 33809U 20001A   26236.50000000  .00001000  00000+0  10000-4 0  9995
2 33809  74.6784 131.3396 0172879  96.1120 337.1957 13.61901406000017
COSMOS 2251 DEBRIS #10
1 33810U 20001A   26236.50000000  .00001000  00000+0  10000-4 0  9997
2 33810  74.7402 219.2872 0085301  58.8249 136.6040 14.65825360000016
COSMOS 2251 DEBRIS #11
1 33811U 20001A   26236.50000000  .00001000  00000+0  10000-4 0  9998
2 33811  76.4476 230.3999 0255057 303.4267 279.3600 14.56922850000016
COSMOS 2251 DEBRIS #12
1 33812U 20001A   26236.50000000  .00001000  00000+0  10000-4 0  9999
2 33812  72.6452  11.5561 0148799  75.9538 339.4475 13.73548175000019
COSMOS 2251 DEBRIS #13
1 33813U 20001A   26236.50000000  .00001000  00000+0  10000-4 0  9990
2 33813  75.8818 113.2840 0298393 329.2371 165.1867 13.99126380000014
COSMOS 2251 DEBRIS #14
1 33814U 20001A   26236.50000000  .00001000  00000+0  10000-4 0  9991
2 33814  72.8244  88.7859 0257001 210.4510 323.2162 13.72548322000018
COSMOS 2251 DEBRIS #15
1 33815U 20001A   26236.50000000  .00001000  00000+0  10000-4 0  9992
2 33815  73.4970  78.9555 0448916  32.7274  16.9619 14.21905259000019
COSMOS 2251 DEBRIS #16
1 33816U 20001A   26236.50000000  .00001000  00000+0  10000-4 0  9993
2 33816  72.0482 225.8806 0358514  22.8700 137.3829 14.04431993000014
COSMOS 2251 DEBRIS #17
1 33817U 20001A   26236.50000000  .00001000  00000+0  10000-4 0  9994
2 33817  76.4806 190.4812 0437274   4.1332 259.4599 14.92155940000014
COSMOS 2251 DEBRIS #18
1 33818U 20001A   26236.50000000  .00001000  00000+0  10000-4 0  9995
2 33818  74.9086 193.3093 0127403  40.1588 156.5155 14.48192360000017
COSMOS 2251 DEBRIS #19
1 33819U 20001A   26236.50000000  .00001000  00000+0  10000-4 0  9996
2 33819  73.7686 343.3737 0395375 180.2110  64.3147 13.72677810000016
COSMOS 2251 DEBRIS #20
1 33820U 20001A   26236.50000000  .00001000  00000+0  10000-4 0  9998
2 33820  76.0631 313.3867 0141315 219.2293  55.0221 14.47789899000017
COSMOS 2251 DEBRIS #21
1 33821U 20001A   26236.50000000  .00001000  00000+0  10000-4 0  9999
2 33821  75.3126 194.1765 0352595   0.2059 116.6962 14.26070734000017
COSMOS 2251 DEBRIS #22
1 33822U 20001A   26236.50000000  .00001000  00000+0  10000-4 0  9990
2 33822  71.5974 334.4755 0396637 110.7051  20.8531 14.86333106000018
COSMOS 2251 DEBRIS #23
1 33823U 20001A   26236.50000000  .00001000  00000+0  10000-4 0  9991
2 33823  75.8900 340.9018 0047687  24.9165 273.8168 14.17198093000013
COSMOS 2251 DEBRIS #24
1 33824U 20001A   26236.50000000  .00001000  00000+0  10000-4 0  9992
2 33824  75.3292  46.2209 0219124  95.4204 314.0759 14.29960719000014
COSMOS 2251 DEBRIS #25
1 33825U 20001A   26236.50000000  .00001000  00000+0  10000-4 0  9993
2 33825  73.6157  76.2474 0247290  72.4144 112.2179 14.65986214000018
COSMOS 2251 DEBRIS #26
1 33826U 20001A   26236.50000000  .00001000  00000+0  10000-4 0  9994
2 33826  76.4757 233.9561 0202764  43.5615  80.8910 14.23515168000017
COSMOS 2251 DEBRIS #27
1 33827U 20001A   26236.50000000  .00001000  00000+0  10000-4 0  9995
2 33827  73.1904 211.7911 0111250  25.5575 227.1971 13.64043477000019
COSMOS 2251 DEBRIS #28
1 33828U 20001A   26236.50000000  .00001000  00000+0  10000-4 0  9996
2 33828  72.6447 325.9512 0388239  85.6817 240.8320 13.34171470000012
COSMOS 2251 DEBRIS #29
1 33829U 20001A   26236.50000000  .00001000  00000+0  10000-4 0  9997
2 33829  72.5712  47.6323 0421626 170.1616 282.4630 14.34208619000013
COSMOS 2251 DEBRIS #30
1 33830U 20001A   26236.50000000  .00001000  00000+0  10000-4 0  9999
2 33830  75.5375  68.5476 0052649 152.4883 168.1289 14.06210236000015
COSMOS 2251 DEBRIS #31
1 33831U 20001A   26236.50000000  .00001000  00000+0  10000-4 0  9990
2 33831  75.1454 242.4112 0443032 144.9437 122.1489 13.39683574000017
COSMOS 2251 DEBRIS #32
1 33832U 20001A   26236.50000000  .00001000  00000+0  10000-4 0  9991
2 33832  75.8084  89.5163 0093691 151.8774 100.2763 14.09722710000019
COSMOS 2251 DEBRIS #33
1 33833U 20001A   26236.50000000  .00001000  00000+0  10000-4 0  9992
2 33833  72.7490 332.3756 0204977 198.1171  18.2118 14.92269821000013
COSMOS 2251 DEBRIS #34
1 33834U 20001A   26236.50000000  .00001000  00000+0  10000-4 0  9993
2 33834  76.4964 300.9699 0436358 305.5305  59.8720 15.05273397000019
COSMOS 2251 DEBRIS #35
1 33835U 20001A   26236.50000000  .00001000  00000+0  10000-4 0  9994
2 33835  73.9282  76.9490 0186457 136.4303 354.7112 13.31727080000017
COSMOS 2251 DEBRIS #36
1 33836U 20001A   26236.50000000  .00001000  00000+0  10000-4 0  9995
2 33836  72.8260 282.2654 0210203 344.6344 358.3522 14.04601497000010
COSMOS 2251 DEBRIS #37
1 33837U 20001A   26236.50000000  .00001000  00000+0  10000-4 0  9996
2 33837  74.2788 258.6270 0078110 348.7354 208.5049 13.79341565000016
COSMOS 2251 DEBRIS #38
1 33838U 20001A   26236.50000000  .00001000  00000+0  10000-4 0  9997
2 33838  74.2110 269.2712 0035152 181.0261 306.9792 14.36835519000018
COSMOS 2251 DEBRIS #39
1 33839U 20001A   26236.50000000  .00001000  00000+0  10000-4 0  9998
2 33839  72.2872 345.8804 0045249 214.2126 243.0765 13.57164992000015
COSMOS 2251 DEBRIS #40
1 33840U 20001A   26236.50000000  .00001000  00000+0  10000-4 0  9990
2 33840  72.6760  43.1592 0401726 214.0269 222.9773 13.69243070000014
COSMOS 2251 DEBRIS #41
1 33841U 20001A   26236.50000000  .00001000  00000+0  10000-4 0  9991
2 33841  73.5961 210.1220 0240024  73.5333 257.8290 15.06941252000015
COSMOS 2251 DEBRIS #42
1 33842U 20001A   26236.50000000  .00001000  00000+0  10000-4 0  9992
2 33842  72.6934 142.4829 0305543 113.8238 270.6712 13.79999416000013
COSMOS 2251 DEBRIS #43
1 33843U 20001A   26236.50000000  .00001000  00000+0  10000-4 0  9993
2 33843  71.8627 164.9828 0449319  26.3739  76.7356 15.19219290000016
COSMOS 2251 DEBRIS #44
1 33844U 20001A   26236.50000000  .00001000  00000+0  10000-4 0  9994
2 33844  72.8260 335.9734 0397580 133.0298  56.7889 14.95854048000013
COSMOS 2251 DEBRIS #45
1 33845U 20001A   26236.50000000  .00001000  00000+0  10000-4 0  9995
2 33845  75.6687 253.2744 0279138 235.4315   2.8163 15.17446613000013
COSMOS 2251 DEBRIS #46
1 33846U 20001A   26236.50000000  .00001000  00000+0  10000-4 0  9996
2 33846  75.5855 107.7764 0301891  48.3448  41.5543 15.07786001000014
COSMOS 2251 DEBRIS #47
1 33847U 20001A   26236.50000000  .00001000  00000+0  10000-4 0  9997
2 33847  72.0352 199.1605 0129833 258.3404  73.2950 14.40965965000015
COSMOS 2251 DEBRIS #48
1 33848U 20001A   26236.50000000  .00001000  00000+0  10000-4 0  9998
2 33848  74.6712  95.0342 0224954 304.5973  33.2274 15.01067298000016
COSMOS 2251 DEBRIS #49
1 33849U 20001A   26236.50000000  .00001000  00000+0  10000-4 0  9999
2 33849  73.6179  99.6049 0011560 229.3608  94.3039 14.74223845000011
COSMOS 2251 DEBRIS #50
1 33850U 20001A   26236.50000000  .00001000  00000+0  10000-4 0  9991
2 33850  75.2062 198.6050 0198182  27.0878 317.9183 13.21933940000011
COSMOS 2251 DEBRIS #51
1 33851U 20001A   26236.50000000  .00001000  00000+0  10000-4 0  9992
2 33851  76.0196 196.4125 0377221  53.3138  45.8804 14.36501913000017
COSMOS 2251 DEBRIS #52
1 33852U 20001A   26236.50000000  .00001000  00000+0  10000-4 0  9993
2 33852  73.0413 323.6333 0360293 323.6129  75.6276 14.92140516000010
COSMOS 2251 DEBRIS #53
1 33853U 20001A   26236.50000000  .00001000  00000+0  10000-4 0  9994
2 33853  72.7476  37.0057 0353251 146.2959 223.4381 14.96826940000017
COSMOS 2251 DEBRIS #54
1 33854U 20001A   26236.50000000  .00001000  00000+0  10000-4 0  9995
2 33854  72.2728 334.7572 0390426 291.8778 317.3098 15.15241207000010
COSMOS 2251 DEBRIS #55
1 33855U 20001A   26236.50000000  .00001000  00000+0  10000-4 0  9996
2 33855  71.6239 265.1632 0156161 288.8047 311.0631 15.06163177000019
COSMOS 2251 DEBRIS #56
1 33856U 20001A   26236.50000000  .00001000  00000+0  10000-4 0  9997
2 33856  75.5537  96.0501 0356444 313.9800 309.0936 13.41619125000014
COSMOS 2251 DEBRIS #57
1 33857U 20001A   26236.50000000  .00001000  00000+0  10000-4 0  9998
2 33857  72.6122 293.9712 0212533 286.3244  81.9344 13.81038173000011
COSMOS 2251 DEBRIS #58
1 33858U 20001A   26236.50000000  .00001000  00000+0  10000-4 0  9999
2 33858  71.6183  69.5267 0154435 348.0801 100.4850 14.92870588000017
COSMOS 2251 DEBRIS #59
1 33859U 20001A   26236.50000000  .00001000  00000+0  10000-4 0  9990
2 33859  74.7074 143.8842 0441705 338.1254  41.5230 14.27243146000016
COSMOS 2251 DEBRIS #60
1 33860U 20001A   26236.50000000  .00001000  00000+0  10000-4 0  9992
2 33860  76.3520  64.2844 0433515  39.0249 156.4430 13.73093273000013
COSMOS 2251 DEBRIS #61
1 33861U 20001A   26236.50000000  .00001000  00000+0  10000-4 0  9993
2 33861  75.1427 112.9238 0276731 138.6704 207.5717 14.22284612000012
COSMOS 2251 DEBRIS #62
1 33862U 20001A   26236.50000000  .00001000  00000+0  10000-4 0  9994
2 33862  72.7736 255.1627 0010744 193.8427 258.9948 15.05115033000014
COSMOS 2251 DEBRIS #63
1 33863U 20001A   26236.50000000  .00001000  00000+0  10000-4 0  9995
2 33863  75.2098 241.4263 0170257 239.1256 118.8720 13.33994762000013
COSMOS 2251 DEBRIS #64
1 33864U 20001A   26236.50000000  .00001000  00000+0  10000-4 0  9996
2 33864  73.0696 305.2855 0326691 111.3425 147.0214 13.80064454000014
COSMOS 2251 DEBRIS #65
1 33865U 20001A   26236.50000000  .00001000  00000+0  10000-4 0  9997
2 33865  73.5120 106.4359 0066006 338.5309 243.8345 14.04089267000013
COSMOS 2251 DEBRIS #66
1 33866U 20001A   26236.50000000  .00001000  00000+0  10000-4 0  9998
2 33866  76.0140 221.5854 0142417   0.1461 103.2889 14.29587443000013
COSMOS 2251 DEBRIS #67
1 33867U 20001A   26236.50000000  .00001000  00000+0  10000-4 0  9999
2 33867  73.6494 208.7945 0298070 159.1775  76.9325 14.12997638000011
COSMOS 2251 DEBRIS #68
1 33868U 20001A   26236.50000000  .00001000  00000+0  10000-4 0  9990
2 33868  73.8659 324.4251 0360250  30.5264 185.5627 13.53938279000010
COSMOS 2251 DEBRIS #69
1 33869U 20001A   26236.50000000  .00001000  00000+0  10000-4 0  9991
2 33869  74.6647 120.6678 0370106 242.2064  80.8706 14.70227628000011
COSMOS 2251 DEBRIS #70
1 33870U 20001A   26236.50000000  .00001000  00000+0  10000-4 0  9993
2 33870  72.4956   8.7931 0117730 305.9056  26.2182 14.15027269000010
COSMOS 2251 DEBRIS #71
1 33871U 20001A   26236.50000000  .00001000  00000+0  10000-4 0  9994
2 33871  73.5722 226.7155 0095551 177.9758  87.8344 14.59270850000013
COSMOS 2251 DEBRIS #72
1 33872U 20001A   26236.50000000  .00001000  00000+0  10000-4 0  9995
2 33872  74.7803   1.9961 0340424  38.3714 153.0526 14.74009238000014
COSMOS 2251 DEBRIS #73
1 33873U 20001A   26236.50000000  .00001000  00000+0  10000-4 0  9996
2 33873  72.3794 344.8678 0237901  89.7114 305.4011 13.30043677000019
COSMOS 2251 DEBRIS #74
1 33874U 20001A   26236.50000000  .00001000  00000+0  10000-4 0  9997
2 33874  73.7823 288.5100 0303734 214.3628 342.0143 15.17578491000013
COSMOS 2251 DEBRIS #75
1 33875U 20001A   26236.50000000  .00001000  00000+0  10000-4 0  9998
2 33875  75.9571 220.5548 0326480 299.0049 197.2339 14.20955633000017
COSMOS 2251 DEBRIS #76
1 33876U 20001A   26236.50000000  .00001000  00000+0  10000-4 0  9999
2 33876  75.9860 267.7160 0218856  89.0063 229.5581 13.71838310000017
COSMOS 2251 DEBRIS #77
1 33877U 20001A   26236.50000000  .00001000  00000+0  10000-4 0  9990
2 33877  75.3291 187.6679 0285769  27.8940 102.8621 13.74919489000014
COSMOS 2251 DEBRIS #78
1 33878U 20001A   26236.50000000  .00001000  00000+0  10000-4 0  9991
2 33878  72.8586 115.0954 0247666  83.2541 249.8219 13.47674812000015
COSMOS 2251 DEBRIS #79
1 33879U 20001A   26236.50000000  .00001000  00000+0  10000-4 0  9992
2 33879  75.0321  23.1224 0189343 149.6787  74.4604 14.28522228000016
COSMOS 2251 DEBRIS #80
1 33880U 20001A   26236.50000000  .00001000  00000+0  10000-4 0  9994
2 33880  73.6007 325.7419 0266994 308.4235 275.6140 14.59104597000010
COSMOS 2251 DEBRIS #81
1 33881U 20001A   26236.50000000  .00001000  00000+0  10000-4 0  9995
2 33881  73.4019   2.1226 0164773 307.2413 343.2349 14.70695025000018
COSMOS 2251 DEBRIS #82
1 33882U 20001A   26236.50000000  .00001000  00000+0  10000-4 0  9996
2 33882  73.5951 269.1056 0250298  79.3939  78.9918 14.40650518000018
COSMOS 2251 DEBRIS #83
1 33883U 20001A   26236.50000000  .00001000  00000+0  10000-4 0  9997
2 33883  73.6792  10.4489 0157896 145.5540  59.4161 14.55828377000014
COSMOS 2251 DEBRIS #84
1 33884U 20001A   26236.50000000  .00001000  00000+0  10000-4 0  9998
2 33884  73.8370  45.9460 0283793 141.8473 203.1811 13.25393290000018
COSMOS 2251 DEBRIS #85
1 33885U 20001A   26236.50000000  .00001000  00000+0  10000-4 0  9999
2 33885  71.6355 231.3899 0069707  18.1025 136.4774 14.12339689000016
COSMOS 2251 DEBRIS #86
1 33886U 20001A   26236.50000000  .00001000  00000+0  10000-4 0  9990
2 33886  72.5583 117.6645 0344941 270.7235 299.4927 13.95825243000016
COSMOS 2251 DEBRIS #87
1 33887U 20001A   26236.50000000  .00001000  00000+0  10000-4 0  9991
2 33887  72.7614  29.4862 0018528 359.9668 125.9857 14.27883810000019
COSMOS 2251 DEBRIS #88
1 33888U 20001A   26236.50000000  .00001000  00000+0  10000-4 0  9992
2 33888  74.7507 281.2439 0296772 341.8602  71.7698 14.70846641000018
COSMOS 2251 DEBRIS #89
1 33889U 20001A   26236.50000000  .00001000  00000+0  10000-4 0  9993
2 33889  71.6019  54.8576 0065537 203.0290  78.4672 14.53891769000012
COSMOS 2251 DEBRIS #90
1 33890U 20001A   26236.50000000  .00001000  00000+0  10000-4 0  9995
2 33890  74.9973 276.0833 0083827 269.2532  41.2318 14.41449499000019
COSMOS 2251 DEBRIS #91
1 33891U 20001A   26236.50000000  .00001000  00000+0  10000-4 0  9996
2 33891  75.5965 347.2995 0057563 112.3046 243.8450 13.25135685000011
COSMOS 2251 DEBRIS #92
1 33892U 20001A   26236.50000000  .00001000  00000+0  10000-4 0  9997
2 33892  76.2909 142.7956 0324606 248.6212 225.8073 13.35199296000016
COSMOS 2251 DEBRIS #93
1 33893U 20001A   26236.50000000  .00001000  00000+0  10000-4 0  9998
2 33893  72.0095 278.0931 0384129  43.5798 354.1840 14.40082323000017
COSMOS 2251 DEBRIS #94
1 33894U 20001A   26236.50000000  .00001000  00000+0  10000-4 0  9999
2 33894  75.4132 124.9934 0198486 182.1459 122.8432 13.94114175000018
COSMOS 2251 DEBRIS #95
1 33895U 20001A   26236.50000000  .00001000  00000+0  10000-4 0  9990
2 33895  75.7479 296.0391 0056437 228.8106 298.3346 15.12157513000018
COSMOS 2251 DEBRIS #96
1 33896U 20001A   26236.50000000  .00001000  00000+0  10000-4 0  9991
2 33896  75.0365 156.7754 0332869  97.2297 290.9517 15.13094746000013
COSMOS 2251 DEBRIS #97
1 33897U 20001A   26236.50000000  .00001000  00000+0  10000-4 0  9992
2 33897  74.1909 174.0591 0201652  96.6224 306.6167 14.66205243000017
COSMOS 2251 DEBRIS #98
1 33898U 20001A   26236.50000000  .00001000  00000+0  10000-4 0  9993
2 33898  75.6537  31.1986 0397917 167.2950 219.7194 13.68772688000010
COSMOS 2251 DEBRIS #99
1 33899U 20001A   26236.50000000  .00001000  00000+0  10000-4 0  9994
2 33899  73.3949  10.3320 0384419  76.3631 287.2196 13.56367971000017
COSMOS 2251 DEBRIS #100
1 33900U 20001A   26236.50000000  .00001000  00000+0  10000-4 0  9997
2 33900  73.2017 316.9152 0318520   3.6544 341.3025 13.75253715000013
COSMOS 2251 DEBRIS #101
1 33901U 20001A   26236.50000000  .00001000  00000+0  10000-4 0  9998
2 33901  71.9281 259.2269 0224974 248.6194 232.5250 14.71632931000010
COSMOS 2251 DEBRIS #102
1 33902U 20001A   26236.50000000  .00001000  00000+0  10000-4 0  9999
2 33902  73.9541 285.4558 0050943 249.0434 110.2342 13.64319280000013
COSMOS 2251 DEBRIS #103
1 33903U 20001A   26236.50000000  .00001000  00000+0  10000-4 0  9990
2 33903  74.4078 170.3738 0243605 268.5368 119.0849 14.05100763000017
COSMOS 2251 DEBRIS #104
1 33904U 20001A   26236.50000000  .00001000  00000+0  10000-4 0  9991
2 33904  75.0143  97.5299 0120617  69.3303  43.0397 13.44131177000012
COSMOS 2251 DEBRIS #105
1 33905U 20001A   26236.50000000  .00001000  00000+0  10000-4 0  9992
2 33905  74.1793 274.3883 0091465 174.3115 260.8506 13.63276928000010
COSMOS 2251 DEBRIS #106
1 33906U 20001A   26236.50000000  .00001000  00000+0  10000-4 0  9993
2 33906  76.3830 188.8693 0134519  69.8823  81.8939 13.40105222000011
COSMOS 2251 DEBRIS #107
1 33907U 20001A   26236.50000000  .00001000  00000+0  10000-4 0  9994
2 33907  72.3972   5.0934 0245019 350.7462 199.2092 13.74862265000010
COSMOS 2251 DEBRIS #108
1 33908U 20001A   26236.50000000  .00001000  00000+0  10000-4 0  9995
2 33908  74.9871  45.4606 0392122 314.1791 206.6631 14.18175739000012
COSMOS 2251 DEBRIS #109
1 33909U 20001A   26236.50000000  .00001000  00000+0  10000-4 0  9996
2 33909  73.8470 158.5688 0091120 338.7829 171.9825 13.30275343000014
COSMOS 2251 DEBRIS #110
1 33910U 20001A   26236.50000000  .00001000  00000+0  10000-4 0  9998
2 33910  75.6106 144.2547 0042596  19.2993  53.7111 14.45889141000013
COSMOS 2251 DEBRIS #111
1 33911U 20001A   26236.50000000  .00001000  00000+0  10000-4 0  9999
2 33911  74.3142 109.3808 0447323 275.1996 218.2744 13.43690312000012
COSMOS 2251 DEBRIS #112
1 33912U 20001A   26236.50000000  .00001000  00000+0  10000-4 0  9990
2 33912  75.4537  81.2474 0239931 159.3796 309.6600 14.10102893000018
COSMOS 2251 DEBRIS #113
1 33913U 20001A   26236.50000000  .00001000  00000+0  10000-4 0  9991
2 33913  76.4502 109.9369 0283252 266.4321 341.1325 14.41926182000016
COSMOS 2251 DEBRIS #114
1 33914U 20001A   26236.50000000  .00001000  00000+0  10000-4 0  9992
2 33914  72.5389  75.9691 0300588  62.5729  27.0234 13.51411419000017
COSMOS 2251 DEBRIS #115
1 33915U 20001A   26236.50000000  .00001000  00000+0  10000-4 0  9993
2 33915  71.5134 162.1813 0271276  83.3314 254.5041 13.78251858000013
COSMOS 2251 DEBRIS #116
1 33916U 20001A   26236.50000000  .00001000  00000+0  10000-4 0  9994
2 33916  75.0149 163.4513 0312449 283.6181 225.0209 15.04782209000014
COSMOS 2251 DEBRIS #117
1 33917U 20001A   26236.50000000  .00001000  00000+0  10000-4 0  9995
2 33917  74.8059 336.1206 0197061 233.1485 327.0281 14.28912476000017
COSMOS 2251 DEBRIS #118
1 33918U 20001A   26236.50000000  .00001000  00000+0  10000-4 0  9996
2 33918  75.6332  25.7075 0083006 269.6248 204.9145 13.81522363000012
COSMOS 2251 DEBRIS #119
1 33919U 20001A   26236.50000000  .00001000  00000+0  10000-4 0  9997
2 33919  72.9431  44.7673 0313018 339.3634 180.1700 14.59946737000014
COSMOS 2251 DEBRIS #120
1 33920U 20001A   26236.50000000  .00001000  00000+0  10000-4 0  9999
2 33920  73.9690  28.9591 0027538 116.0358  90.1324 14.06405733000019
COSMOS 2251 DEBRIS #121
1 33921U 20001A   26236.50000000  .00001000  00000+0  10000-4 0  9990
2 33921  71.9566 346.2880 0377821 342.2831 359.8461 14.35039822000010
COSMOS 2251 DEBRIS #122
1 33922U 20001A   26236.50000000  .00001000  00000+0  10000-4 0  9991
2 33922  74.8614  97.0240 0027701 169.3803 234.5434 14.71253766000018
COSMOS 2251 DEBRIS #123
1 33923U 20001A   26236.50000000  .00001000  00000+0  10000-4 0  9992
2 33923  76.0804  65.3361 0267545 177.0213  32.8473 14.46956944000011
COSMOS 2251 DEBRIS #124
1 33924U 20001A   26236.50000000  .00001000  00000+0  10000-4 0  9993
2 33924  73.2398 119.9910 0304858 118.7293 249.7225 14.91546619000012
COSMOS 2251 DEBRIS #125
1 33925U 20001A   26236.50000000  .00001000  00000+0  10000-4 0  9994
2 33925  72.9411 340.2697 0367969 163.7373 113.2262 14.30019322000012
COSMOS 2251 DEBRIS #126
1 33926U 20001A   26236.50000000  .00001000  00000+0  10000-4 0  9995
2 33926  73.1164 349.2665 0187837 355.7229 236.7577 14.22919250000012
COSMOS 2251 DEBRIS #127
1 33927U 20001A   26236.50000000  .00001000  00000+0  10000-4 0  9996
2 33927  74.2130 148.7691 0092536 272.3195 225.1471 13.92355872000011
COSMOS 2251 DEBRIS #128
1 33928U 20001A   26236.50000000  .00001000  00000+0  10000-4 0  9997
2 33928  75.3000  73.2810 0251656 157.7218 251.3700 15.05534552000013
COSMOS 2251 DEBRIS #129
1 33929U 20001A   26236.50000000  .00001000  00000+0  10000-4 0  9998
2 33929  72.1071 350.3329 0277903  57.0161 198.3020 13.67859492000017
COSMOS 2251 DEBRIS #130
1 33930U 20001A   26236.50000000  .00001000  00000+0  10000-4 0  9990
2 33930  74.2613  33.5553 0446593 166.1212  42.2878 15.02585976000017
COSMOS 2251 DEBRIS #131
1 33931U 20001A   26236.50000000  .00001000  00000+0  10000-4 0  9991
2 33931  75.6607 179.4152 0325305  98.4330 300.5006 14.21774403000014
COSMOS 2251 DEBRIS #132
1 33932U 20001A   26236.50000000  .00001000  00000+0  10000-4 0  9992
2 33932  76.4012  87.7431 0252556 331.8725 182.9667 13.96717203000015
COSMOS 2251 DEBRIS #133
1 33933U 20001A   26236.50000000  .00001000  00000+0  10000-4 0  9993
2 33933  75.8966 311.0497 0131548 149.3793 336.3294 14.78001236000010
COSMOS 2251 DEBRIS #134
1 33934U 20001A   26236.50000000  .00001000  00000+0  10000-4 0  9994
2 33934  74.0387 295.3978 0134449 211.2976 359.6048 13.79711170000012
COSMOS 2251 DEBRIS #135
1 33935U 20001A   26236.50000000  .00001000  00000+0  10000-4 0  9995
2 33935  73.9482  53.4944 0246975 198.6903 195.6348 13.89024788000013
COSMOS 2251 DEBRIS #136
1 33936U 20001A   26236.50000000  .00001000  00000+0  10000-4 0  9996
2 33936  73.7767 115.8398 0093007 205.8472  84.0825 14.59499686000014
COSMOS 2251 DEBRIS #137
1 33937U 20001A   26236.50000000  .00001000  00000+0  10000-4 0  9997
2 33937  75.3777  15.7130 0337670 292.1072 138.9884 14.61045576000010
COSMOS 2251 DEBRIS #138
1 33938U 20001A   26236.50000000  .00001000  00000+0  10000-4 0  9998
2 33938  74.8184 295.4691 0441559  13.3271 180.8248 14.19065730000019
COSMOS 2251 DEBRIS #139
1 33939U 20001A   26236.50000000  .00001000  00000+0  10000-4 0  9999
2 33939  74.4509 313.0921 0394643 189.3424 164.4941 14.08061242000015
COSMOS 2251 DEBRIS #140
1 33940U 20001A   26236.50000000  .00001000  00000+0  10000-4 0  9991
2 33940  75.1122 147.5923 0298103 169.0166 348.9133 13.50872244000010
COSMOS 2251 DEBRIS #141
1 33941U 20001A   26236.50000000  .00001000  00000+0  10000-4 0  9992
2 33941  73.1928 249.3737 0295928 306.8429 309.3632 14.90353058000019
COSMOS 2251 DEBRIS #142
1 33942U 20001A   26236.50000000  .00001000  00000+0  10000-4 0  9993
2 33942  73.4000 113.9980 0326235 314.0579  12.9237 14.71880362000013
COSMOS 2251 DEBRIS #143
1 33943U 20001A   26236.50000000  .00001000  00000+0  10000-4 0  9994
2 33943  71.8421 227.2180 0415208 268.8359 156.2297 15.19485185000010
COSMOS 2251 DEBRIS #144
1 33944U 20001A   26236.50000000  .00001000  00000+0  10000-4 0  9995
2 33944  71.9922 228.1492 0393934 249.8404 325.2327 14.08735710000016
COSMOS 2251 DEBRIS #145
1 33945U 20001A   26236.50000000  .00001000  00000+0  10000-4 0  9996
2 33945  71.7300 286.6116 0139081  52.4051 191.2199 13.94968218000017
COSMOS 2251 DEBRIS #146
1 33946U 20001A   26236.50000000  .00001000  00000+0  10000-4 0  9997
2 33946  74.3296 285.3070 0084792 313.5023 223.0957 13.35793670000013
COSMOS 2251 DEBRIS #147
1 33947U 20001A   26236.50000000  .00001000  00000+0  10000-4 0  9998
2 33947  72.7041 328.6184 0072971  91.4318  91.9176 14.12229983000018
COSMOS 2251 DEBRIS #148
1 33948U 20001A   26236.50000000  .00001000  00000+0  10000-4 0  9999
2 33948  71.5470 289.6679 0406532  56.8712 159.0227 14.55522177000015
COSMOS 2251 DEBRIS #149
1 33949U 20001A   26236.50000000  .00001000  00000+0  10000-4 0  9990
2 33949  73.2278 211.5258 0291133  90.0354 304.3094 14.04861788000014
COSMOS 2251 DEBRIS #150
1 33950U 20001A   26236.50000000  .00001000  00000+0  10000-4 0  9992
2 33950  72.4961 138.4896 0222611 205.8922 206.9323 13.67441140000019
COSMOS 2251 DEBRIS #151
1 33951U 20001A   26236.50000000  .00001000  00000+0  10000-4 0  9993
2 33951  76.4635 106.2831 0440295  98.8129 203.7344 14.51645963000014
COSMOS 2251 DEBRIS #152
1 33952U 20001A   26236.50000000  .00001000  00000+0  10000-4 0  9994
2 33952  74.9290 268.0808 0031579 178.8218 325.4959 14.41281299000016
COSMOS 2251 DEBRIS #153
1 33953U 20001A   26236.50000000  .00001000  00000+0  10000-4 0  9995
2 33953  72.9310 287.5896 0277108 229.1824 223.5208 13.90464191000016
COSMOS 2251 DEBRIS #154
1 33954U 20001A   26236.50000000  .00001000  00000+0  10000-4 0  9996
2 33954  74.8888 259.5342 0300039 226.1693 325.2253 14.87667423000014
COSMOS 2251 DEBRIS #155
1 33955U 20001A   26236.50000000  .00001000  00000+0  10000-4 0  9997
2 33955  74.7317 111.2158 0203962 263.6495  32.4480 14.35914761000015
COSMOS 2251 DEBRIS #156
1 33956U 20001A   26236.50000000  .00001000  00000+0  10000-4 0  9998
2 33956  72.9756 269.0931 0087281 194.1868 349.7362 13.46431960000019
COSMOS 2251 DEBRIS #157
1 33957U 20001A   26236.50000000  .00001000  00000+0  10000-4 0  9999
2 33957  74.1543 328.8553 0375407 296.8883 173.4652 13.71394017000012
COSMOS 2251 DEBRIS #158
1 33958U 20001A   26236.50000000  .00001000  00000+0  10000-4 0  9990
2 33958  75.5324 268.7614 0159034 346.6416  50.6725 13.43033941000019
COSMOS 2251 DEBRIS #159
1 33959U 20001A   26236.50000000  .00001000  00000+0  10000-4 0  9991
2 33959  76.3325 309.6506 0328655 348.2171 289.6516 15.15988449000013
COSMOS 2251 DEBRIS #160
1 33960U 20001A   26236.50000000  .00001000  00000+0  10000-4 0  9993
2 33960  73.3289 284.6455 0016124 163.7230 242.2182 14.27314462000011
COSMOS 2251 DEBRIS #161
1 33961U 20001A   26236.50000000  .00001000  00000+0  10000-4 0  9994
2 33961  74.8617 210.4416 0371863  39.0046  84.1759 15.08058378000015
COSMOS 2251 DEBRIS #162
1 33962U 20001A   26236.50000000  .00001000  00000+0  10000-4 0  9995
2 33962  71.6251 318.3245 0257019  79.6922  22.7581 15.03051182000014
COSMOS 2251 DEBRIS #163
1 33963U 20001A   26236.50000000  .00001000  00000+0  10000-4 0  9996
2 33963  75.6193 327.3795 0142963  50.3197 340.6542 14.01659171000013
COSMOS 2251 DEBRIS #164
1 33964U 20001A   26236.50000000  .00001000  00000+0  10000-4 0  9997
2 33964  73.0218 177.3449 0052764  48.8391 163.3118 14.97451862000011
COSMOS 2251 DEBRIS #165
1 33965U 20001A   26236.50000000  .00001000  00000+0  10000-4 0  9998
2 33965  74.8524 267.5304 0426228 267.2168  55.6282 14.03825351000012
COSMOS 2251 DEBRIS #166
1 33966U 20001A   26236.50000000  .00001000  00000+0  10000-4 0  9999
2 33966  73.5744  35.6478 0225312 342.5477  11.7779 14.01623177000014
COSMOS 2251 DEBRIS #167
1 33967U 20001A   26236.50000000  .00001000  00000+0  10000-4 0  9990
2 33967  73.3526 159.6179 0428244  35.7677 246.8449 14.91090039000017
COSMOS 2251 DEBRIS #168
1 33968U 20001A   26236.50000000  .00001000  00000+0  10000-4 0  9991
2 33968  74.2223 352.0233 0167816  68.3311  43.9775 13.99627929000013
COSMOS 2251 DEBRIS #169
1 33969U 20001A   26236.50000000  .00001000  00000+0  10000-4 0  9992
2 33969  75.7402 163.6983 0301618 214.9725   7.6887 14.48340893000013
COSMOS 2251 DEBRIS #170
1 33970U 20001A   26236.50000000  .00001000  00000+0  10000-4 0  9994
2 33970  75.4340  87.6848 0065406  24.6997 275.4567 14.32915595000017
COSMOS 2251 DEBRIS #171
1 33971U 20001A   26236.50000000  .00001000  00000+0  10000-4 0  9995
2 33971  72.5358  77.7425 0392665  53.1195 324.1912 13.85711911000012
COSMOS 2251 DEBRIS #172
1 33972U 20001A   26236.50000000  .00001000  00000+0  10000-4 0  9996
2 33972  71.5142 309.0262 0073662  90.2355  62.8190 13.45998426000014
COSMOS 2251 DEBRIS #173
1 33973U 20001A   26236.50000000  .00001000  00000+0  10000-4 0  9997
2 33973  74.8053   9.2809 0016538  85.6554 116.5577 14.77996933000019
COSMOS 2251 DEBRIS #174
1 33974U 20001A   26236.50000000  .00001000  00000+0  10000-4 0  9998
2 33974  72.3712  18.8636 0336355 268.4395 171.4485 14.25217105000013
COSMOS 2251 DEBRIS #175
1 33975U 20001A   26236.50000000  .00001000  00000+0  10000-4 0  9999
2 33975  75.3901 184.7657 0057983 340.3496  15.6114 14.20767738000017
COSMOS 2251 DEBRIS #176
1 33976U 20001A   26236.50000000  .00001000  00000+0  10000-4 0  9990
2 33976  75.4161 312.1131 0239438 347.0494  21.8971 14.11608504000015
COSMOS 2251 DEBRIS #177
1 33977U 20001A   26236.50000000  .00001000  00000+0  10000-4 0  9991
2 33977  73.8949 144.5822 0311882 327.4923  26.4567 14.18053771000018
COSMOS 2251 DEBRIS #178
1 33978U 20001A   26236.50000000  .00001000  00000+0  10000-4 0  9992
2 33978  71.9040 218.9871 0038900 227.9076 197.4083 13.75003200000016
COSMOS 2251 DEBRIS #179
1 33979U 20001A   26236.50000000  .00001000  00000+0  10000-4 0  9993
2 33979  73.1259 358.0660 0243445 217.9536  35.7042 14.10743084000017
COSMOS 2251 DEBRIS #180
1 33980U 20001A   26236.50000000  .00001000  00000+0  10000-4 0  9995
2 33980  75.0089 307.0054 0296403 259.5024  77.4083 14.73792546000012
COSMOS 2251 DEBRIS #181
1 33981U 20001A   26236.50000000  .00001000  00000+0  10000-4 0  9996
2 33981  73.7578  82.2577 0159129 149.7563  34.2309 14.10699781000014
COSMOS 2251 DEBRIS #182
1 33982U 20001A   26236.50000000  .00001000  00000+0  10000-4 0  9997
2 33982  73.6338 239.4388 0174692 332.2746  24.1680 13.50527785000015
COSMOS 2251 DEBRIS #183
1 33983U 20001A   26236.50000000  .00001000  00000+0  10000-4 0  9998
2 33983  75.6589  33.5628 0052488 292.2369 200.2935 14.67759200000018
COSMOS 2251 DEBRIS #184
1 33984U 20001A   26236.50000000  .00001000  00000+0  10000-4 0  9999
2 33984  74.4323 202.1711 0155044 127.2953 239.5226 13.44446257000014
COSMOS 2251 DEBRIS #185
1 33985U 20001A   26236.50000000  .00001000  00000+0  10000-4 0  9990
2 33985  75.2514 312.5132 0327266 216.1476 126.5926 15.13679725000012
COSMOS 2251 DEBRIS #186
1 33986U 20001A   26236.50000000  .00001000  00000+0  10000-4 0  9991
2 33986  74.3896  76.5860 0298963  38.9586 304.3344 13.64848974000012
COSMOS 2251 DEBRIS #187
1 33987U 20001A   26236.50000000  .00001000  00000+0  10000-4 0  9992
2 33987  73.3378 274.5380 0262604 304.2559 350.8368 14.81444274000013
COSMOS 2251 DEBRIS #188
1 33988U 20001A   26236.50000000  .00001000  00000+0  10000-4 0  9993
2 33988  75.5921 220.8864 0292787 334.4703 298.6059 13.25250766000018
COSMOS 2251 DEBRIS #189
1 33989U 20001A   26236.50000000  .00001000  00000+0  10000-4 0  9994
2 33989  72.8372  64.9498 0319187 122.3369   2.1981 13.81796938000015
COSMOS 2251 DEBRIS #190
1 33990U 20001A   26236.50000000  .00001000  00000+0  10000-4 0  9996
2 33990  75.8493 203.8756 0186345 227.9419  11.0366 13.48374931000015
COSMOS 2251 DEBRIS #191
1 33991U 20001A   26236.50000000  .00001000  00000+0  10000-4 0  9997
2 33991  75.2306  77.4478 0194726 133.2191 259.7745 13.88179196000019
COSMOS 2251 DEBRIS #192
1 33992U 20001A   26236.50000000  .00001000  00000+0  10000-4 0  9998
2 33992  75.3842 204.3337 0047381  56.6676 222.4217 13.30521765000012
COSMOS 2251 DEBRIS #193
1 33993U 20001A   26236.50000000  .00001000  00000+0  10000-4 0  9999
2 33993  74.8698  97.9570 0301253 159.1359  98.3401 14.17132341000018
COSMOS 2251 DEBRIS #194
1 33994U 20001A   26236.50000000  .00001000  00000+0  10000-4 0  9990
2 33994  75.2747  40.9743 0199161 244.2551 175.1878 13.76649294000018
COSMOS 2251 DEBRIS #195
1 33995U 20001A   26236.50000000  .00001000  00000+0  10000-4 0  9991
2 33995  74.8357  16.3503 0183915   2.7674 108.5110 14.39864991000017
COSMOS 2251 DEBRIS #196
1 33996U 20001A   26236.50000000  .00001000  00000+0  10000-4 0  9992
2 33996  72.5562  49.4045 0122428   2.7828 268.9251 13.85624471000016
COSMOS 2251 DEBRIS #197
1 33997U 20001A   26236.50000000  .00001000  00000+0  10000-4 0  9993
2 33997  72.3785 136.8747 0319615 300.0075 290.2321 14.20052469000014
COSMOS 2251 DEBRIS #198
1 33998U 20001A   26236.50000000  .00001000  00000+0  10000-4 0  9994
2 33998  71.8604 310.2352 0028612 331.6185 310.3596 13.23748307000018
COSMOS 2251 DEBRIS #199
1 33999U 20001A   26236.50000000  .00001000  00000+0  10000-4 0  9995
2 33999  74.3788 206.4239 0322179  41.4624   7.5084 14.03538792000010
COSMOS 2251 DEBRIS #200
1 34000U 20001A   26236.50000000  .00001000  00000+0  10000-4 0  9999
2 34000  73.1238 288.4760 0281975 331.1171  31.7268 14.86405183000015
COSMOS 2251 DEBRIS #201
1 34001U 20001A   26236.50000000  .00001000  00000+0  10000-4 0  9990
2 34001  75.7224  87.5939 0269103 142.4760 111.6988 14.24792509000011
COSMOS 2251 DEBRIS #202
1 34002U 20001A   26236.50000000  .00001000  00000+0  10000-4 0  9991
2 34002  73.1976 119.9047 0083978  41.0496 183.5827 14.22096657000011
COSMOS 2251 DEBRIS #203
1 34003U 20001A   26236.50000000  .00001000  00000+0  10000-4 0  9992
2 34003  76.0296 125.7751 0330046 293.4133  85.0568 14.83789720000013
COSMOS 2251 DEBRIS #204
1 34004U 20001A   26236.50000000  .00001000  00000+0  10000-4 0  9993
2 34004  72.2322  71.0178 0275055 235.9832  63.7726 14.72043059000018
COSMOS 2251 DEBRIS #205
1 34005U 20001A   26236.50000000  .00001000  00000+0  10000-4 0  9994
2 34005  75.3642 177.8821 0341956 161.6059 332.6955 14.71975430000016
COSMOS 2251 DEBRIS #206
1 34006U 20001A   26236.50000000  .00001000  00000+0  10000-4 0  9995
2 34006  74.3225 228.7074 0284789 225.7983  54.3447 14.92849375000012
COSMOS 2251 DEBRIS #207
1 34007U 20001A   26236.50000000  .00001000  00000+0  10000-4 0  9996
2 34007  71.8414 159.1949 0143240  20.2220 182.6413 13.74934733000011
COSMOS 2251 DEBRIS #208
1 34008U 20001A   26236.50000000  .00001000  00000+0  10000-4 0  9997
2 34008  73.0520 162.6890 0035031  27.6232 311.1300 14.86339326000015
COSMOS 2251 DEBRIS #209
1 34009U 20001A   26236.50000000  .00001000  00000+0  10000-4 0  9998
2 34009  75.7765 221.4030 0233109 199.5539 285.0544 14.12542332000012
COSMOS 2251 DEBRIS #210
1 34010U 20001A   26236.50000000  .00001000  00000+0  10000-4 0  9990
2 34010  75.9794 161.9041 0366319 115.7496 171.2265 14.50367491000019
COSMOS 2251 DEBRIS #211
1 34011U 20001A   26236.50000000  .00001000  00000+0  10000-4 0  9991
2 34011  72.2543  22.2745 0055540 123.6376 257.1536 14.99825367000017
COSMOS 2251 DEBRIS #212
1 34012U 20001A   26236.50000000  .00001000  00000+0  10000-4 0  9992
2 34012  74.0227  62.1212 0119007 158.1918 188.1893 14.07551655000017
COSMOS 2251 DEBRIS #213
1 34013U 20001A   26236.50000000  .00001000  00000+0  10000-4 0  9993
2 34013  72.2937 134.2267 0134473 121.8122 215.2389 14.01753879000013
COSMOS 2251 DEBRIS #214
1 34014U 20001A   26236.50000000  .00001000  00000+0  10000-4 0  9994
2 34014  75.4461 233.0299 0039001 244.2166 102.2929 13.38901190000018
COSMOS 2251 DEBRIS #215
1 34015U 20001A   26236.50000000  .00001000  00000+0  10000-4 0  9995
2 34015  75.1187 236.3631 0408790 120.0103 209.7862 14.94655932000016
COSMOS 2251 DEBRIS #216
1 34016U 20001A   26236.50000000  .00001000  00000+0  10000-4 0  9996
2 34016  72.2071 125.9355 0435786 141.1049 214.2148 14.59695993000011
COSMOS 2251 DEBRIS #217
1 34017U 20001A   26236.50000000  .00001000  00000+0  10000-4 0  9997
2 34017  76.1900 111.4495 0175738 292.7465 241.2419 14.78332392000017
COSMOS 2251 DEBRIS #218
1 34018U 20001A   26236.50000000  .00001000  00000+0  10000-4 0  9998
2 34018  75.6448 265.9589 0311582 232.5689 152.4263 14.25278668000014
COSMOS 2251 DEBRIS #219
1 34019U 20001A   26236.50000000  .00001000  00000+0  10000-4 0  9999
2 34019  73.3091 130.5352 0089315 341.1606 175.0575 13.62838532000010
COSMOS 2251 DEBRIS #220
1 34020U 20001A   26236.50000000  .00001000  00000+0  10000-4 0  9991
2 34020  72.6327  49.5235 0043952  36.4107 277.5149 14.88885678000019
COSMOS 2251 DEBRIS #221
1 34021U 20001A   26236.50000000  .00001000  00000+0  10000-4 0  9992
2 34021  75.6756 318.1256 0026608 275.8707  47.1777 13.87352874000014
COSMOS 2251 DEBRIS #222
1 34022U 20001A   26236.50000000  .00001000  00000+0  10000-4 0  9993
2 34022  73.3836  58.4090 0375791 291.2557  59.5941 14.74219563000018
COSMOS 2251 DEBRIS #223
1 34023U 20001A   26236.50000000  .00001000  00000+0  10000-4 0  9994
2 34023  73.6884 147.9091 0307599 159.9115 102.5741 13.67506040000018
COSMOS 2251 DEBRIS #224
1 34024U 20001A   26236.50000000  .00001000  00000+0  10000-4 0  9995
2 34024  75.2427 161.6141 0244964 291.1046 168.8456 13.81893579000017
COSMOS 2251 DEBRIS #225
1 34025U 20001A   26236.50000000  .00001000  00000+0  10000-4 0  9996
2 34025  75.6756 132.4227 0426737 166.2048 101.4378 15.16887959000013
COSMOS 2251 DEBRIS #226
1 34026U 20001A   26236.50000000  .00001000  00000+0  10000-4 0  9997
2 34026  73.4094 189.8855 0435157 288.4533  49.8235 14.83378248000016
COSMOS 2251 DEBRIS #227
1 34027U 20001A   26236.50000000  .00001000  00000+0  10000-4 0  9998
2 34027  72.7500 230.8245 0394611  36.9323 304.5212 14.30908149000010
COSMOS 2251 DEBRIS #228
1 34028U 20001A   26236.50000000  .00001000  00000+0  10000-4 0  9999
2 34028  75.7558 102.6227 0345771 325.9102  53.0455 13.74558260000019
COSMOS 2251 DEBRIS #229
1 34029U 20001A   26236.50000000  .00001000  00000+0  10000-4 0  9990
2 34029  73.6874 340.7088 0107696 125.8506   9.6013 14.10225598000018
COSMOS 2251 DEBRIS #230
1 34030U 20001A   26236.50000000  .00001000  00000+0  10000-4 0  9992
2 34030  71.7663 180.7226 0113742 134.9686  10.1475 15.18905070000018
COSMOS 2251 DEBRIS #231
1 34031U 20001A   26236.50000000  .00001000  00000+0  10000-4 0  9993
2 34031  76.1541 302.1035 0295982  49.5359 103.2766 14.78276127000012
COSMOS 2251 DEBRIS #232
1 34032U 20001A   26236.50000000  .00001000  00000+0  10000-4 0  9994
2 34032  75.6488 250.5859 0071068 161.4965   1.8904 14.61107235000013
COSMOS 2251 DEBRIS #233
1 34033U 20001A   26236.50000000  .00001000  00000+0  10000-4 0  9995
2 34033  71.8961  92.1326 0377383 261.8045 189.9977 14.29760849000018
COSMOS 2251 DEBRIS #234
1 34034U 20001A   26236.50000000  .00001000  00000+0  10000-4 0  9996
2 34034  72.0559 103.7166 0142506 151.1372 285.8037 13.29549889000018
COSMOS 2251 DEBRIS #235
1 34035U 20001A   26236.50000000  .00001000  00000+0  10000-4 0  9997
2 34035  73.7856  39.9088 0408264   5.9167 185.5353 14.39347809000011
COSMOS 2251 DEBRIS #236
1 34036U 20001A   26236.50000000  .00001000  00000+0  10000-4 0  9998
2 34036  72.7097  51.6877 0198865  86.6031 149.9643 14.42961917000016
COSMOS 2251 DEBRIS #237
1 34037U 20001A   26236.50000000  .00001000  00000+0  10000-4 0  9999
2 34037  74.8219  30.8210 0438847 189.3814 182.6380 13.33535865000013
COSMOS 2251 DEBRIS #238
1 34038U 20001A   26236.50000000  .00001000  00000+0  10000-4 0  9990
2 34038  76.4417 199.4947 0181799 228.8415 353.1742 14.14027016000019
COSMOS 2251 DEBRIS #239
1 34039U 20001A   26236.50000000  .00001000  00000+0  10000-4 0  9991
2 34039  72.7683   5.8472 0356948 263.8588 226.1725 13.88960499000018
COSMOS 2251 DEBRIS #240
1 34040U 20001A   26236.50000000  .00001000  00000+0  10000-4 0  9993
2 34040  75.3575 264.6673 0156308 196.5649 292.8632 13.28867138000012
COSMOS 2251 DEBRIS #241
1 34041U 20001A   26236.50000000  .00001000  00000+0  10000-4 0  9994
2 34041  72.3754 280.4913 0214434 227.4249 292.1392 14.59077850000012
COSMOS 2251 DEBRIS #242
1 34042U 20001A   26236.50000000  .00001000  00000+0  10000-4 0  9995
2 34042  71.8155 279.4285 0211379  15.7703  71.8091 13.78688514000013
COSMOS 2251 DEBRIS #243
1 34043U 20001A   26236.50000000  .00001000  00000+0  10000-4 0  9996
2 34043  71.7095 336.0136 0236768 195.4911  91.1930 15.17824540000010
COSMOS 2251 DEBRIS #244
1 34044U 20001A   26236.50000000  .00001000  00000+0  10000-4 0  9997
2 34044  75.2665  68.7972 0167068 311.6874 119.4929 14.76168313000011
COSMOS 2251 DEBRIS #245
1 34045U 20001A   26236.50000000  .00001000  00000+0  10000-4 0  9998
2 34045  72.1224 132.4869 0401374 322.0695 139.1921 14.68661541000014
COSMOS 2251 DEBRIS #246
1 34046U 20001A   26236.50000000  .00001000  00000+0  10000-4 0  9999
2 34046  76.3686 178.6332 0228910 186.9393 288.4133 15.04862093000014
COSMOS 2251 DEBRIS #247
1 34047U 20001A   26236.50000000  .00001000  00000+0  10000-4 0  9990
2 34047  75.1354  28.4137 0275079 196.3708 115.6361 14.84468256000016
COSMOS 2251 DEBRIS #248
1 34048U 20001A   26236.50000000  .00001000  00000+0  10000-4 0  9991
2 34048  71.9003 237.9309 0144858 153.4018 248.3153 14.40524326000014
COSMOS 2251 DEBRIS #249
1 34049U 20001A   26236.50000000  .00001000  00000+0  10000-4 0  9992
2 34049  73.2577  15.2479 0392816 359.3342  98.8399 13.90511862000012
COSMOS 2251 DEBRIS #250
1 34050U 20001A   26236.50000000  .00001000  00000+0  10000-4 0  9994
2 34050  76.4001 341.2456 0043018 130.7920 288.3946 14.47502508000012
COSMOS 2251 DEBRIS #251
1 34051U 20001A   26236.50000000  .00001000  00000+0  10000-4 0  9995
2 34051  74.8971 343.0042 0072822 281.2723  12.5276 14.41514581000011
COSMOS 2251 DEBRIS #252
1 34052U 20001A   26236.50000000  .00001000  00000+0  10000-4 0  9996
2 34052  71.8362 280.2655 0171184 204.2081 217.8341 13.96570880000014
COSMOS 2251 DEBRIS #253
1 34053U 20001A   26236.50000000  .00001000  00000+0  10000-4 0  9997
2 34053  74.8953 341.5765 0173685 206.6118 190.6056 14.72616894000014
COSMOS 2251 DEBRIS #254
1 34054U 20001A   26236.50000000  .00001000  00000+0  10000-4 0  9998
2 34054  73.4902 233.8419 0119829 264.8429 179.6558 13.42689723000015
COSMOS 2251 DEBRIS #255
1 34055U 20001A   26236.50000000  .00001000  00000+0  10000-4 0  9999
2 34055  73.4349 202.2022 0125181 160.6583 358.6914 13.72057954000016
COSMOS 2251 DEBRIS #256
1 34056U 20001A   26236.50000000  .00001000  00000+0  10000-4 0  9990
2 34056  72.9279 329.9324 0226128 307.0175 162.7354 13.44527484000013
COSMOS 2251 DEBRIS #257
1 34057U 20001A   26236.50000000  .00001000  00000+0  10000-4 0  9991
2 34057  75.9934 160.2400 0048627 304.3876 115.0516 14.56385852000016
COSMOS 2251 DEBRIS #258
1 34058U 20001A   26236.50000000  .00001000  00000+0  10000-4 0  9992
2 34058  73.2371  23.3781 0248555 306.4903 256.2513 14.98266336000016
COSMOS 2251 DEBRIS #259
1 34059U 20001A   26236.50000000  .00001000  00000+0  10000-4 0  9993
2 34059  76.1366 229.5720 0359226  43.6905  72.3529 14.21751149000017
COSMOS 2251 DEBRIS #260
1 34060U 20001A   26236.50000000  .00001000  00000+0  10000-4 0  9995
2 34060  72.1944 284.5343 0021564 132.8080 289.3182 14.30804287000012
COSMOS 2251 DEBRIS #261
1 34061U 20001A   26236.50000000  .00001000  00000+0  10000-4 0  9996
2 34061  74.2582 220.3014 0047934 359.8542 258.7931 13.81858144000018
COSMOS 2251 DEBRIS #262
1 34062U 20001A   26236.50000000  .00001000  00000+0  10000-4 0  9997
2 34062  74.1285 276.8992 0372269 350.0567 231.2419 13.34750143000016
COSMOS 2251 DEBRIS #263
1 34063U 20001A   26236.50000000  .00001000  00000+0  10000-4 0  9998
2 34063  73.7499 244.8392 0161586 280.8947 230.3258 14.95592030000016
COSMOS 2251 DEBRIS #264
1 34064U 20001A   26236.50000000  .00001000  00000+0  10000-4 0  9999
2 34064  72.4098 347.8553 0200352  19.9486  44.6980 15.02142454000013
COSMOS 2251 DEBRIS #265
1 34065U 20001A   26236.50000000  .00001000  00000+0  10000-4 0  9990
2 34065  72.2651  59.2765 0151970 124.5683 338.7255 14.61866427000018
COSMOS 2251 DEBRIS #266
1 34066U 20001A   26236.50000000  .00001000  00000+0  10000-4 0  9991
2 34066  75.9746 304.5361 0120266 198.3029  45.0613 14.47011418000011
COSMOS 2251 DEBRIS #267
1 34067U 20001A   26236.50000000  .00001000  00000+0  10000-4 0  9992
2 34067  73.0141 192.0521 0231132 338.9785  55.5099 13.53727180000014
COSMOS 2251 DEBRIS #268
1 34068U 20001A   26236.50000000  .00001000  00000+0  10000-4 0  9993
2 34068  74.7937 259.4278 0276261 202.9025 297.0851 14.88506001000017
COSMOS 2251 DEBRIS #269
1 34069U 20001A   26236.50000000  .00001000  00000+0  10000-4 0  9994
2 34069  71.6419  16.3662 0292239 234.4068 276.1052 14.35354246000011
COSMOS 2251 DEBRIS #270
1 34070U 20001A   26236.50000000  .00001000  00000+0  10000-4 0  9996
2 34070  73.5829 230.0368 0229136 104.2818 344.3941 14.45432802000011
COSMOS 2251 DEBRIS #271
1 34071U 20001A   26236.50000000  .00001000  00000+0  10000-4 0  9997
2 34071  73.9147 289.6877 0311395  26.2703  21.5687 13.79486774000013
COSMOS 2251 DEBRIS #272
1 34072U 20001A   26236.50000000  .00001000  00000+0  10000-4 0  9998
2 34072  73.6980 174.3304 0099770 112.5297 258.6106 14.41332053000017
COSMOS 2251 DEBRIS #273
1 34073U 20001A   26236.50000000  .00001000  00000+0  10000-4 0  9999
2 34073  75.1710 309.8799 0439164 133.3945 202.1944 13.46153230000011
COSMOS 2251 DEBRIS #274
1 34074U 20001A   26236.50000000  .00001000  00000+0  10000-4 0  9990
2 34074  73.0956 167.9301 0127687  34.8522 104.4763 13.69583777000014
COSMOS 2251 DEBRIS #275
1 34075U 20001A   26236.50000000  .00001000  00000+0  10000-4 0  9991
2 34075  73.4207 221.5359 0119238  57.4919 117.8769 14.93061500000019
COSMOS 2251 DEBRIS #276
1 34076U 20001A   26236.50000000  .00001000  00000+0  10000-4 0  9992
2 34076  74.3884 112.5774 0345773 185.3009 179.5535 14.19653108000012
COSMOS 2251 DEBRIS #277
1 34077U 20001A   26236.50000000  .00001000  00000+0  10000-4 0  9993
2 34077  73.0427   8.3435 0425902 348.0072  77.4520 14.21088893000015
COSMOS 2251 DEBRIS #278
1 34078U 20001A   26236.50000000  .00001000  00000+0  10000-4 0  9994
2 34078  73.2645  18.1945 0227753 235.5336 169.4113 14.96467895000017
COSMOS 2251 DEBRIS #279
1 34079U 20001A   26236.50000000  .00001000  00000+0  10000-4 0  9995
2 34079  74.1835 304.9821 0199608 261.9029 274.9884 14.96491146000010
COSMOS 2251 DEBRIS #280
1 34080U 20001A   26236.50000000  .00001000  00000+0  10000-4 0  9997
2 34080  73.3297 144.2094 0260923 199.1603  26.4714 13.58931060000014
COSMOS 2251 DEBRIS #281
1 34081U 20001A   26236.50000000  .00001000  00000+0  10000-4 0  9998
2 34081  74.0213 275.1855 0133077 244.9435  42.7720 15.17818140000019
COSMOS 2251 DEBRIS #282
1 34082U 20001A   26236.50000000  .00001000  00000+0  10000-4 0  9999
2 34082  76.3754 141.8053 0359754 338.0215 271.7875 13.87817060000017
COSMOS 2251 DEBRIS #283
1 34083U 20001A   26236.50000000  .00001000  00000+0  10000-4 0  9990
2 34083  72.4953 183.2841 0230034  49.3331 119.8947 13.29060670000016
COSMOS 2251 DEBRIS #284
1 34084U 20001A   26236.50000000  .00001000  00000+0  10000-4 0  9991
2 34084  73.8687 164.5159 0276754 118.0677 220.7045 14.23101146000016
COSMOS 2251 DEBRIS #285
1 34085U 20001A   26236.50000000  .00001000  00000+0  10000-4 0  9992
2 34085  72.3125 356.6217 0335300 121.0944 298.1842 13.79846869000013
COSMOS 2251 DEBRIS #286
1 34086U 20001A   26236.50000000  .00001000  00000+0  10000-4 0  9993
2 34086  74.1617 255.1463 0141907 132.6088 242.5703 14.83149767000019
COSMOS 2251 DEBRIS #287
1 34087U 20001A   26236.50000000  .00001000  00000+0  10000-4 0  9994
2 34087  76.3995 210.1328 0360572 247.6957   9.5930 14.65064843000011
COSMOS 2251 DEBRIS #288
1 34088U 20001A   26236.50000000  .00001000  00000+0  10000-4 0  9995
2 34088  73.8730 348.1455 0354477 207.9484 259.7040 14.75232405000018
COSMOS 2251 DEBRIS #289
1 34089U 20001A   26236.50000000  .00001000  00000+0  10000-4 0  9996
2 34089  74.4176  61.3843 0286771 302.8202  53.1993 14.43947161000019
COSMOS 2251 DEBRIS #290
1 34090U 20001A   26236.50000000  .00001000  00000+0  10000-4 0  9998
2 34090  74.9036  11.3654 0427210   6.8175 112.9293 13.41979104000017
COSMOS 2251 DEBRIS #291
1 34091U 20001A   26236.50000000  .00001000  00000+0  10000-4 0  9999
2 34091  72.2572 248.5801 0190566 331.3875 314.2144 14.74994460000017
COSMOS 2251 DEBRIS #292
1 34092U 20001A   26236.50000000  .00001000  00000+0  10000-4 0  9990
2 34092  75.1792  22.4213 0070756 117.0178 238.4016 13.61468341000017
COSMOS 2251 DEBRIS #293
1 34093U 20001A   26236.50000000  .00001000  00000+0  10000-4 0  9991
2 34093  74.1274 112.9509 0086200 123.2377 127.5433 15.02424832000011
COSMOS 2251 DEBRIS #294
1 34094U 20001A   26236.50000000  .00001000  00000+0  10000-4 0  9992
2 34094  75.3599 259.5328 0293056 219.6276  69.2151 14.58662662000013
COSMOS 2251 DEBRIS #295
1 34095U 20001A   26236.50000000  .00001000  00000+0  10000-4 0  9993
2 34095  72.7326 200.9112 0108941 107.1412 104.0415 15.14582126000015
COSMOS 2251 DEBRIS #296
1 34096U 20001A   26236.50000000  .00001000  00000+0  10000-4 0  9994
2 34096  72.5364 253.7958 0149497 336.1321 286.3459 13.89760635000019
COSMOS 2251 DEBRIS #297
1 34097U 20001A   26236.50000000  .00001000  00000+0  10000-4 0  9995
2 34097  72.8673  43.8747 0307713 352.8578 294.6159 13.95938837000013
COSMOS 2251 DEBRIS #298
1 34098U 20001A   26236.50000000  .00001000  00000+0  10000-4 0  9996
2 34098  76.2730 289.6617 0137799 257.0909 124.6909 13.77526068000015
COSMOS 2251 DEBRIS #299
1 34099U 20001A   26236.50000000  .00001000  00000+0  10000-4 0  9997
2 34099  73.7119  92.3198 0220794 193.8881 335.8886 13.60413601000016
COSMOS 2251 DEBRIS #300
1 34100U 20001A   26236.50000000  .00001000  00000+0  10000-4 0  9990
2 34100  74.9809  49.4183 0280897  87.2849 241.1402 14.37366100000014
COSMOS 2251 DEBRIS #301
1 34101U 20001A   26236.50000000  .00001000  00000+0  10000-4 0  9991
2 34101  74.1552 229.6600 0033096 258.2489  36.1962 14.02660273000018
COSMOS 2251 DEBRIS #302
1 34102U 20001A   26236.50000000  .00001000  00000+0  10000-4 0  9992
2 34102  75.3538   1.8653 0252155 146.4867 336.6116 15.05819936000016
COSMOS 2251 DEBRIS #303
1 34103U 20001A   26236.50000000  .00001000  00000+0  10000-4 0  9993
2 34103  75.8920 171.8815 0097760 115.6204 232.5233 15.12782808000016
COSMOS 2251 DEBRIS #304
1 34104U 20001A   26236.50000000  .00001000  00000+0  10000-4 0  9994
2 34104  76.0397  32.2059 0262618 260.3224 337.2010 14.27030455000019
COSMOS 2251 DEBRIS #305
1 34105U 20001A   26236.50000000  .00001000  00000+0  10000-4 0  9995
2 34105  76.0661  63.0233 0398187 331.0685 358.9818 13.55157742000013
COSMOS 2251 DEBRIS #306
1 34106U 20001A   26236.50000000  .00001000  00000+0  10000-4 0  9996
2 34106  73.4850 178.3382 0422107 333.3743 315.6275 15.12426276000013
COSMOS 2251 DEBRIS #307
1 34107U 20001A   26236.50000000  .00001000  00000+0  10000-4 0  9997
2 34107  71.5463 204.4663 0057212 102.4422 356.0758 15.16598778000012
COSMOS 2251 DEBRIS #308
1 34108U 20001A   26236.50000000  .00001000  00000+0  10000-4 0  9998
2 34108  74.2165 177.8085 0422966 168.4875  69.4121 14.90211948000010
COSMOS 2251 DEBRIS #309
1 34109U 20001A   26236.50000000  .00001000  00000+0  10000-4 0  9999
2 34109  72.0632  58.4979 0211922  67.0317 265.1824 13.71452976000016
COSMOS 2251 DEBRIS #310
1 34110U 20001A   26236.50000000  .00001000  00000+0  10000-4 0  9991
2 34110  75.4538 204.4012 0343204 308.2127 322.9354 13.55098983000015
COSMOS 2251 DEBRIS #311
1 34111U 20001A   26236.50000000  .00001000  00000+0  10000-4 0  9992
2 34111  75.6349 185.5010 0048164  66.5212  50.6203 14.53851171000014
COSMOS 2251 DEBRIS #312
1 34112U 20001A   26236.50000000  .00001000  00000+0  10000-4 0  9993
2 34112  73.1180  89.2970 0124745 271.3524 343.4525 13.67104251000012
COSMOS 2251 DEBRIS #313
1 34113U 20001A   26236.50000000  .00001000  00000+0  10000-4 0  9994
2 34113  73.0097 260.2377 0015031 249.3967  22.3648 14.50736673000015
COSMOS 2251 DEBRIS #314
1 34114U 20001A   26236.50000000  .00001000  00000+0  10000-4 0  9995
2 34114  72.0911 110.4503 0188383 322.2426 253.2805 14.20504094000016
COSMOS 2251 DEBRIS #315
1 34115U 20001A   26236.50000000  .00001000  00000+0  10000-4 0  9996
2 34115  73.0549  42.2697 0413097 221.2652  78.8863 13.79007520000013
COSMOS 2251 DEBRIS #316
1 34116U 20001A   26236.50000000  .00001000  00000+0  10000-4 0  9997
2 34116  72.1678  55.1468 0339003 149.7044 197.7244 14.41147790000017
COSMOS 2251 DEBRIS #317
1 34117U 20001A   26236.50000000  .00001000  00000+0  10000-4 0  9998
2 34117  73.8541 193.5064 0302201  89.0876 271.7062 13.63682325000015
COSMOS 2251 DEBRIS #318
1 34118U 20001A   26236.50000000  .00001000  00000+0  10000-4 0  9999
2 34118  75.8657  29.4733 0206569  28.1170 203.1007 14.60753225000011
COSMOS 2251 DEBRIS #319
1 34119U 20001A   26236.50000000  .00001000  00000+0  10000-4 0  9990
2 34119  71.8088 197.1537 0232414  53.9469 118.1223 14.34540335000018
COSMOS 2251 DEBRIS #320
1 34120U 20001A   26236.50000000  .00001000  00000+0  10000-4 0  9992
2 34120  74.1017  41.8464 0100376  32.7390 183.7351 14.36629536000014
COSMOS 2251 DEBRIS #321
1 34121U 20001A   26236.50000000  .00001000  00000+0  10000-4 0  9993
2 34121  75.5435 163.2356 0235829  20.7852 166.4562 14.11359695000016
COSMOS 2251 DEBRIS #322
1 34122U 20001A   26236.50000000  .00001000  00000+0  10000-4 0  9994
2 34122  75.5346 260.3808 0184217 268.4896 208.1921 14.83290645000013
COSMOS 2251 DEBRIS #323
1 34123U 20001A   26236.50000000  .00001000  00000+0  10000-4 0  9995
2 34123  71.7264 124.0304 0038054 336.4498  24.8469 15.18824732000018
COSMOS 2251 DEBRIS #324
1 34124U 20001A   26236.50000000  .00001000  00000+0  10000-4 0  9996
2 34124  76.1689  11.4246 0189901 275.6980 352.2000 14.73794413000012
COSMOS 2251 DEBRIS #325
1 34125U 20001A   26236.50000000  .00001000  00000+0  10000-4 0  9997
2 34125  74.7294 151.3303 0446856 313.0633 326.4362 13.96495924000017
COSMOS 2251 DEBRIS #326
1 34126U 20001A   26236.50000000  .00001000  00000+0  10000-4 0  9998
2 34126  73.3782 245.7829 0301188 235.2723 125.1972 14.27860053000014
COSMOS 2251 DEBRIS #327
1 34127U 20001A   26236.50000000  .00001000  00000+0  10000-4 0  9999
2 34127  72.3924 193.4131 0242690  80.1685   1.2504 14.65571628000017
COSMOS 2251 DEBRIS #328
1 34128U 20001A   26236.50000000  .00001000  00000+0  10000-4 0  9990
2 34128  71.6137 107.4107 0306339 191.4961 296.4098 14.28889068000013
COSMOS 2251 DEBRIS #329
1 34129U 20001A   26236.50000000  .00001000  00000+0  10000-4 0  9991
2 34129  72.7376 124.6175 0131285 261.0086  40.6241 15.07482072000016
COSMOS 2251 DEBRIS #330
1 34130U 20001A   26236.50000000  .00001000  00000+0  10000-4 0  9993
2 34130  75.5474 150.9266 0347063   5.6325  74.1894 14.96751324000014
COSMOS 2251 DEBRIS #331
1 34131U 20001A   26236.50000000  .00001000  00000+0  10000-4 0  9994
2 34131  72.0045  12.0875 0273025  17.5235 266.5948 14.60657253000017
COSMOS 2251 DEBRIS #332
1 34132U 20001A   26236.50000000  .00001000  00000+0  10000-4 0  9995
2 34132  73.5113  84.3621 0105598  20.3199 181.4025 14.92746049000019
COSMOS 2251 DEBRIS #333
1 34133U 20001A   26236.50000000  .00001000  00000+0  10000-4 0  9996
2 34133  72.9463 293.6831 0331867 215.2504 242.1115 13.83780739000012
COSMOS 2251 DEBRIS #334
1 34134U 20001A   26236.50000000  .00001000  00000+0  10000-4 0  9997
2 34134  73.1033 108.6352 0073034  79.5754 108.1803 14.52042485000010
COSMOS 2251 DEBRIS #335
1 34135U 20001A   26236.50000000  .00001000  00000+0  10000-4 0  9998
2 34135  71.8048 341.4673 0397074 225.3575 153.7922 15.02315533000011
COSMOS 2251 DEBRIS #336
1 34136U 20001A   26236.50000000  .00001000  00000+0  10000-4 0  9999
2 34136  73.9781 350.0245 0424298 282.8897 114.7444 14.54268505000012
COSMOS 2251 DEBRIS #337
1 34137U 20001A   26236.50000000  .00001000  00000+0  10000-4 0  9990
2 34137  73.5816  53.7183 0175642 170.4668 305.7627 14.70883219000018
COSMOS 2251 DEBRIS #338
1 34138U 20001A   26236.50000000  .00001000  00000+0  10000-4 0  9991
2 34138  73.0037 254.7276 0364541 202.4589 348.4030 15.02948235000019
COSMOS 2251 DEBRIS #339
1 34139U 20001A   26236.50000000  .00001000  00000+0  10000-4 0  9992
2 34139  74.2864  48.2734 0116857 232.8141 332.0014 13.60667347000017
COSMOS 2251 DEBRIS #340
1 34140U 20001A   26236.50000000  .00001000  00000+0  10000-4 0  9994
2 34140  75.7357  33.2870 0328817  96.6462 242.5219 13.58096324000010
COSMOS 2251 DEBRIS #341
1 34141U 20001A   26236.50000000  .00001000  00000+0  10000-4 0  9995
2 34141  74.5146 314.5034 0092791 260.7499 201.1862 14.72339284000011
COSMOS 2251 DEBRIS #342
1 34142U 20001A   26236.50000000  .00001000  00000+0  10000-4 0  9996
2 34142  73.8970 313.0106 0156504   5.5201 337.3775 15.11403952000015
COSMOS 2251 DEBRIS #343
1 34143U 20001A   26236.50000000  .00001000  00000+0  10000-4 0  9997
2 34143  76.3104  42.2338 0449811  87.3335 217.5846 14.15784175000013
COSMOS 2251 DEBRIS #344
1 34144U 20001A   26236.50000000  .00001000  00000+0  10000-4 0  9998
2 34144  72.5226 329.4455 0252914 137.0382 192.1140 14.75102776000010
COSMOS 2251 DEBRIS #345
1 34145U 20001A   26236.50000000  .00001000  00000+0  10000-4 0  9999
2 34145  73.2963  94.1622 0235639  35.4990 353.2746 14.19455459000019
COSMOS 2251 DEBRIS #346
1 34146U 20001A   26236.50000000  .00001000  00000+0  10000-4 0  9990
2 34146  73.8475 302.3032 0412305 149.0149 202.5089 13.94140984000010
COSMOS 2251 DEBRIS #347
1 34147U 20001A   26236.50000000  .00001000  00000+0  10000-4 0  9991
2 34147  72.6064  52.5322 0124740 208.4915 150.3281 15.06951650000011
COSMOS 2251 DEBRIS #348
1 34148U 20001A   26236.50000000  .00001000  00000+0  10000-4 0  9992
2 34148  72.2621 118.7515 0177129 179.7485 235.6589 14.86672543000013
COSMOS 2251 DEBRIS #349
1 34149U 20001A   26236.50000000  .00001000  00000+0  10000-4 0  9993
2 34149  74.9242  92.6376 0371500 231.0100 176.6144 15.13301653000015
COSMOS 2251 DEBRIS #350
1 34150U 20001A   26236.50000000  .00001000  00000+0  10000-4 0  9995
2 34150  72.3412 286.1912 0084476 175.7939 330.0838 14.64062706000015
COSMOS 2251 DEBRIS #351
1 34151U 20001A   26236.50000000  .00001000  00000+0  10000-4 0  9996
2 34151  74.2107 231.0514 0035842 304.8111 340.2677 13.26764751000015
COSMOS 2251 DEBRIS #352
1 34152U 20001A   26236.50000000  .00001000  00000+0  10000-4 0  9997
2 34152  74.8411 275.1620 0191452  83.3160 254.5810 14.88508943000014
COSMOS 2251 DEBRIS #353
1 34153U 20001A   26236.50000000  .00001000  00000+0  10000-4 0  9998
2 34153  71.5457 182.0639 0174208 240.0317 221.9470 14.43567047000012
COSMOS 2251 DEBRIS #354
1 34154U 20001A   26236.50000000  .00001000  00000+0  10000-4 0  9999
2 34154  73.9160 175.6276 0012909   4.2663 190.5904 14.30328712000011
COSMOS 2251 DEBRIS #355
1 34155U 20001A   26236.50000000  .00001000  00000+0  10000-4 0  9990
2 34155  72.8737 351.8926 0017542 242.6519 290.2204 14.82631444000013
COSMOS 2251 DEBRIS #356
1 34156U 20001A   26236.50000000  .00001000  00000+0  10000-4 0  9991
2 34156  76.0489  38.5259 0052378  69.0955 189.5242 13.49779497000018
COSMOS 2251 DEBRIS #357
1 34157U 20001A   26236.50000000  .00001000  00000+0  10000-4 0  9992
2 34157  75.5761  96.2369 0184634 146.1699 203.4008 13.94610317000013
COSMOS 2251 DEBRIS #358
1 34158U 20001A   26236.50000000  .00001000  00000+0  10000-4 0  9993
2 34158  76.4512  81.3086 0310978 235.3449 308.9589 14.89573420000018
COSMOS 2251 DEBRIS #359
1 34159U 20001A   26236.50000000  .00001000  00000+0  10000-4 0  9994
2 34159  75.2979  33.6602 0176876  20.2014   3.4021 14.30540288000013
COSMOS 2251 DEBRIS #360
1 34160U 20001A   26236.50000000  .00001000  00000+0  10000-4 0  9996
2 34160  72.3569 179.9490 0200920 203.7084 308.8657 14.76875262000010
COSMOS 2251 DEBRIS #361
1 34161U 20001A   26236.50000000  .00001000  00000+0  10000-4 0  9997
2 34161  71.9768 190.1373 0028722 312.5221 319.5196 13.62283411000012
COSMOS 2251 DEBRIS #362
1 34162U 20001A   26236.50000000  .00001000  00000+0  10000-4 0  9998
2 34162  73.8775  16.7623 0042713 323.7522 202.8636 15.05116962000015
COSMOS 2251 DEBRIS #363
1 34163U 20001A   26236.50000000  .00001000  00000+0  10000-4 0  9999
2 34163  71.6645 334.3559 0148373 211.3330 270.8116 15.12293838000017
COSMOS 2251 DEBRIS #364
1 34164U 20001A   26236.50000000  .00001000  00000+0  10000-4 0  9990
2 34164  75.0636 143.3866 0043852  86.5700 300.4742 13.52490050000016
COSMOS 2251 DEBRIS #365
1 34165U 20001A   26236.50000000  .00001000  00000+0  10000-4 0  9991
2 34165  73.4458 322.7493 0155961  50.3822 355.8521 14.71121853000012
COSMOS 2251 DEBRIS #366
1 34166U 20001A   26236.50000000  .00001000  00000+0  10000-4 0  9992
2 34166  75.1208 180.2854 0438702 157.3518 301.9229 13.30739286000016
COSMOS 2251 DEBRIS #367
1 34167U 20001A   26236.50000000  .00001000  00000+0  10000-4 0  9993
2 34167  73.2030 276.8420 0430137 278.4798  10.6652 13.99340610000017
COSMOS 2251 DEBRIS #368
1 34168U 20001A   26236.50000000  .00001000  00000+0  10000-4 0  9994
2 34168  72.8666 357.3309 0225865 338.8114 155.4653 13.91162240000014
COSMOS 2251 DEBRIS #369
1 34169U 20001A   26236.50000000  .00001000  00000+0  10000-4 0  9995
2 34169  74.8985 237.8419 0047705 287.2999 256.7191 14.43723178000011
COSMOS 2251 DEBRIS #370
1 34170U 20001A   26236.50000000  .00001000  00000+0  10000-4 0  9997
2 34170  71.9102  55.5195 0323137 266.2759 114.0042 14.46780176000010
COSMOS 2251 DEBRIS #371
1 34171U 20001A   26236.50000000  .00001000  00000+0  10000-4 0  9998
2 34171  72.0328   1.8703 0145637  97.1159  47.7025 13.91983499000019
COSMOS 2251 DEBRIS #372
1 34172U 20001A   26236.50000000  .00001000  00000+0  10000-4 0  9999
2 34172  72.4370 161.5837 0254085   9.4543 127.4091 14.01608835000013
COSMOS 2251 DEBRIS #373
1 34173U 20001A   26236.50000000  .00001000  00000+0  10000-4 0  9990
2 34173  71.9653 215.2958 0152749 105.0650 139.6078 13.97047583000010
COSMOS 2251 DEBRIS #374
1 34174U 20001A   26236.50000000  .00001000  00000+0  10000-4 0  9991
2 34174  71.9235 324.4090 0408291 205.9058  61.0499 15.15634613000018
COSMOS 2251 DEBRIS #375
1 34175U 20001A   26236.50000000  .00001000  00000+0  10000-4 0  9992
2 34175  73.4037  49.9824 0142497  22.7762 156.4835 14.18624788000017
COSMOS 2251 DEBRIS #376
1 34176U 20001A   26236.50000000  .00001000  00000+0  10000-4 0  9993
2 34176  73.6055 174.3233 0043845  88.7724 225.0121 13.70339948000013
COSMOS 2251 DEBRIS #377
1 34177U 20001A   26236.50000000  .00001000  00000+0  10000-4 0  9994
2 34177  74.4690  70.3974 0057067 341.5764 119.5982 13.80931599000013
COSMOS 2251 DEBRIS #378
1 34178U 20001A   26236.50000000  .00001000  00000+0  10000-4 0  9995
2 34178  74.6010 289.4675 0154998 293.5712 309.4230 13.86947245000010
COSMOS 2251 DEBRIS #379
1 34179U 20001A   26236.50000000  .00001000  00000+0  10000-4 0  9996
2 34179  76.3711  49.0048 0151092  72.3065 113.1060 15.09455784000018
COSMOS 2251 DEBRIS #380
1 34180U 20001A   26236.50000000  .00001000  00000+0  10000-4 0  9998
2 34180  76.3229 348.7411 0138237 176.7626 207.3165 14.58991554000010
COSMOS 2251 DEBRIS #381
1 34181U 20001A   26236.50000000  .00001000  00000+0  10000-4 0  9999
2 34181  72.7121 135.3799 0369257  40.9996 202.9862 13.98587026000014
COSMOS 2251 DEBRIS #382
1 34182U 20001A   26236.50000000  .00001000  00000+0  10000-4 0  9990
2 34182  74.4611 196.4265 0309953 343.0817 166.1840 14.30019831000018
COSMOS 2251 DEBRIS #383
1 34183U 20001A   26236.50000000  .00001000  00000+0  10000-4 0  9991
2 34183  75.0418 157.8438 0138185 294.8276 286.4365 14.58567056000018
COSMOS 2251 DEBRIS #384
1 34184U 20001A   26236.50000000  .00001000  00000+0  10000-4 0  9992
2 34184  73.5457 179.7492 0288667 237.1187 257.4851 13.68404234000016
COSMOS 2251 DEBRIS #385
1 34185U 20001A   26236.50000000  .00001000  00000+0  10000-4 0  9993
2 34185  75.4454  26.6274 0445908 144.2898 182.3806 14.15846940000016
COSMOS 2251 DEBRIS #386
1 34186U 20001A   26236.50000000  .00001000  00000+0  10000-4 0  9994
2 34186  76.1020 249.0152 0249203 129.4306 322.3805 14.78144183000013
COSMOS 2251 DEBRIS #387
1 34187U 20001A   26236.50000000  .00001000  00000+0  10000-4 0  9995
2 34187  74.1845 229.7449 0047392 236.7366 127.8032 14.73790810000013
COSMOS 2251 DEBRIS #388
1 34188U 20001A   26236.50000000  .00001000  00000+0  10000-4 0  9996
2 34188  74.7350  15.9468 0442787 143.8624 270.9658 14.55494379000014
COSMOS 2251 DEBRIS #389
1 34189U 20001A   26236.50000000  .00001000  00000+0  10000-4 0  9997
2 34189  76.3286 154.9640 0014641 183.8434 186.7672 13.71747674000010
COSMOS 2251 DEBRIS #390
1 34190U 20001A   26236.50000000  .00001000  00000+0  10000-4 0  9999
2 34190  74.4026 207.0847 0206142 278.0432 211.8924 13.98226834000015
COSMOS 2251 DEBRIS #391
1 34191U 20001A   26236.50000000  .00001000  00000+0  10000-4 0  9990
2 34191  74.0023 124.1883 0020807 149.7512 346.2220 13.40909872000012
COSMOS 2251 DEBRIS #392
1 34192U 20001A   26236.50000000  .00001000  00000+0  10000-4 0  9991
2 34192  72.0803 338.6434 0072337 163.9197  74.4722 13.82378069000014
COSMOS 2251 DEBRIS #393
1 34193U 20001A   26236.50000000  .00001000  00000+0  10000-4 0  9992
2 34193  73.9146 171.4185 0202793 114.8074 108.0951 14.59352653000015
COSMOS 2251 DEBRIS #394
1 34194U 20001A   26236.50000000  .00001000  00000+0  10000-4 0  9993
2 34194  75.5509  41.4307 0383639 243.7702  59.1675 14.49593983000019
COSMOS 2251 DEBRIS #395
1 34195U 20001A   26236.50000000  .00001000  00000+0  10000-4 0  9994
2 34195  76.4195  87.8087 0086759 201.5456 345.0465 13.52027142000017
COSMOS 2251 DEBRIS #396
1 34196U 20001A   26236.50000000  .00001000  00000+0  10000-4 0  9995
2 34196  72.6593 145.8171 0091158 155.5684  10.5092 14.48095775000010
COSMOS 2251 DEBRIS #397
1 34197U 20001A   26236.50000000  .00001000  00000+0  10000-4 0  9996
2 34197  74.5705  71.0368 0270569 253.7048  74.0824 13.97767156000015
COSMOS 2251 DEBRIS #398
1 34198U 20001A   26236.50000000  .00001000  00000+0  10000-4 0  9997
2 34198  75.2616 291.1427 0037528 313.9126  67.3055 13.40350410000018
COSMOS 2251 DEBRIS #399
1 34199U 20001A   26236.50000000  .00001000  00000+0  10000-4 0  9998
2 34199  73.1299 164.7182 0125435 189.9774 230.0791 14.92527309000018
COSMOS 2251 DEBRIS #400
1 34200U 20001A   26236.50000000  .00001000  00000+0  10000-4 0  9991
2 34200  74.4849 220.0710 0268282 304.3864 222.2506 13.89584927000011
COSMOS 2251 DEBRIS #401
1 34201U 20001A   26236.50000000  .00001000  00000+0  10000-4 0  9992
2 34201  75.5687 254.1558 0140875  30.5107  48.2212 14.42896903000017
COSMOS 2251 DEBRIS #402
1 34202U 20001A   26236.50000000  .00001000  00000+0  10000-4 0  9993
2 34202  72.0893 109.9368 0090539 183.8970 150.5661 14.58687308000015
COSMOS 2251 DEBRIS #403
1 34203U 20001A   26236.50000000  .00001000  00000+0  10000-4 0  9994
2 34203  72.1893 138.1356 0091731 249.6359 232.2936 14.47100328000018
COSMOS 2251 DEBRIS #404
1 34204U 20001A   26236.50000000  .00001000  00000+0  10000-4 0  9995
2 34204  76.4995 199.7685 0225442 113.2488 162.3603 13.48059307000018
COSMOS 2251 DEBRIS #405
1 34205U 20001A   26236.50000000  .00001000  00000+0  10000-4 0  9996
2 34205  71.7681 129.2541 0014216 293.4777 346.9785 13.47306943000016
COSMOS 2251 DEBRIS #406
1 34206U 20001A   26236.50000000  .00001000  00000+0  10000-4 0  9997
2 34206  74.0272 178.1891 0311266 302.3610 175.9318 14.03126087000015
COSMOS 2251 DEBRIS #407
1 34207U 20001A   26236.50000000  .00001000  00000+0  10000-4 0  9998
2 34207  71.9134  11.1099 0344864  98.9471 193.5391 13.78417982000013
COSMOS 2251 DEBRIS #408
1 34208U 20001A   26236.50000000  .00001000  00000+0  10000-4 0  9999
2 34208  72.3410 164.6357 0336708 197.9014  40.7560 14.73183911000017
COSMOS 2251 DEBRIS #409
1 34209U 20001A   26236.50000000  .00001000  00000+0  10000-4 0  9990
2 34209  72.0710 279.0407 0372244 296.1399  14.9798 13.93372354000016
COSMOS 2251 DEBRIS #410
1 34210U 20001A   26236.50000000  .00001000  00000+0  10000-4 0  9992
2 34210  75.0949 196.6872 0445501 298.8255 270.4844 13.40483288000014
COSMOS 2251 DEBRIS #411
1 34211U 20001A   26236.50000000  .00001000  00000+0  10000-4 0  9993
2 34211  72.9885 359.7526 0207882 294.0223 158.0652 13.89715395000017
COSMOS 2251 DEBRIS #412
1 34212U 20001A   26236.50000000  .00001000  00000+0  10000-4 0  9994
2 34212  76.4698 279.2274 0114256 211.6526 126.2271 14.82140543000013
COSMOS 2251 DEBRIS #413
1 34213U 20001A   26236.50000000  .00001000  00000+0  10000-4 0  9995
2 34213  75.0538 227.7974 0083031  74.3831  74.4994 13.47846993000014
COSMOS 2251 DEBRIS #414
1 34214U 20001A   26236.50000000  .00001000  00000+0  10000-4 0  9996
2 34214  71.7968 126.2936 0133677 116.5153 253.4594 14.27753709000010
COSMOS 2251 DEBRIS #415
1 34215U 20001A   26236.50000000  .00001000  00000+0  10000-4 0  9997
2 34215  72.9467  96.2435 0387527 244.5478  34.2811 15.17097660000019
COSMOS 2251 DEBRIS #416
1 34216U 20001A   26236.50000000  .00001000  00000+0  10000-4 0  9998
2 34216  76.3139 282.8488 0414258 312.1371  45.6797 15.18497245000014
COSMOS 2251 DEBRIS #417
1 34217U 20001A   26236.50000000  .00001000  00000+0  10000-4 0  9999
2 34217  75.8304  89.8838 0323013 274.1305 243.4444 14.85696361000019
COSMOS 2251 DEBRIS #418
1 34218U 20001A   26236.50000000  .00001000  00000+0  10000-4 0  9990
2 34218  73.9473 207.8732 0128235 162.7170 228.1060 14.02845018000010
COSMOS 2251 DEBRIS #419
1 34219U 20001A   26236.50000000  .00001000  00000+0  10000-4 0  9991
2 34219  75.9006  33.5141 0236869 337.0810 132.8656 13.75645138000016
COSMOS 2251 DEBRIS #420
1 34220U 20001A   26236.50000000  .00001000  00000+0  10000-4 0  9993
2 34220  76.2513 117.8241 0011088 263.7806 263.1355 14.74827058000013
COSMOS 2251 DEBRIS #421
1 34221U 20001A   26236.50000000  .00001000  00000+0  10000-4 0  9994
2 34221  73.7922 239.0918 0167618 192.3928  78.4188 13.32666137000014
COSMOS 2251 DEBRIS #422
1 34222U 20001A   26236.50000000  .00001000  00000+0  10000-4 0  9995
2 34222  73.6482  76.2665 0128156 121.5919 208.0561 14.85668723000011
COSMOS 2251 DEBRIS #423
1 34223U 20001A   26236.50000000  .00001000  00000+0  10000-4 0  9996
2 34223  74.3307 174.7216 0161245  17.4273  35.8469 14.56510385000015
COSMOS 2251 DEBRIS #424
1 34224U 20001A   26236.50000000  .00001000  00000+0  10000-4 0  9997
2 34224  75.4194 165.4494 0064664 158.8629   0.2433 14.91530320000016
COSMOS 2251 DEBRIS #425
1 34225U 20001A   26236.50000000  .00001000  00000+0  10000-4 0  9998
2 34225  76.2902  72.8346 0312980 233.9990  57.2319 13.46382617000011
COSMOS 2251 DEBRIS #426
1 34226U 20001A   26236.50000000  .00001000  00000+0  10000-4 0  9999
2 34226  76.1636  98.6470 0298018 133.8638 325.3681 13.70077856000015
COSMOS 2251 DEBRIS #427
1 34227U 20001A   26236.50000000  .00001000  00000+0  10000-4 0  9990
2 34227  72.3276 142.6830 0144424  84.2918 235.9747 14.59888274000016
COSMOS 2251 DEBRIS #428
1 34228U 20001A   26236.50000000  .00001000  00000+0  10000-4 0  9991
2 34228  75.0185   0.3911 0219794  81.4287 244.7938 13.46539958000014
COSMOS 2251 DEBRIS #429
1 34229U 20001A   26236.50000000  .00001000  00000+0  10000-4 0  9992
2 34229  71.5464 250.4150 0369527 152.0330  47.5831 15.17630982000013
COSMOS 2251 DEBRIS #430
1 34230U 20001A   26236.50000000  .00001000  00000+0  10000-4 0  9994
2 34230  71.8541 137.9052 0331535 112.8065 317.1560 13.40485434000010
COSMOS 2251 DEBRIS #431
1 34231U 20001A   26236.50000000  .00001000  00000+0  10000-4 0  9995
2 34231  72.1856 278.4458 0341389 357.4585  51.4271 13.46629246000011
COSMOS 2251 DEBRIS #432
1 34232U 20001A   26236.50000000  .00001000  00000+0  10000-4 0  9996
2 34232  74.1525   3.0509 0296008 260.0755 226.1088 14.08019884000018
COSMOS 2251 DEBRIS #433
1 34233U 20001A   26236.50000000  .00001000  00000+0  10000-4 0  9997
2 34233  72.2569 148.2156 0312089  31.2077  36.1674 14.91992505000011
COSMOS 2251 DEBRIS #434
1 34234U 20001A   26236.50000000  .00001000  00000+0  10000-4 0  9998
2 34234  75.2622 212.2466 0178974 113.2213  50.3389 15.12649742000014
COSMOS 2251 DEBRIS #435
1 34235U 20001A   26236.50000000  .00001000  00000+0  10000-4 0  9999
2 34235  72.8848  30.3295 0253494 218.7335 280.4291 14.40001573000016
COSMOS 2251 DEBRIS #436
1 34236U 20001A   26236.50000000  .00001000  00000+0  10000-4 0  9990
2 34236  74.9524 305.2412 0299698 186.3897 183.4281 13.80329867000018
COSMOS 2251 DEBRIS #437
1 34237U 20001A   26236.50000000  .00001000  00000+0  10000-4 0  9991
2 34237  75.2392 106.3951 0034010 343.6817 178.1596 14.99582512000018
COSMOS 2251 DEBRIS #438
1 34238U 20001A   26236.50000000  .00001000  00000+0  10000-4 0  9992
2 34238  72.0637 179.8497 0271329 351.9709 355.2777 14.25657300000010
COSMOS 2251 DEBRIS #439
1 34239U 20001A   26236.50000000  .00001000  00000+0  10000-4 0  9993
2 34239  76.1696  47.5138 0388758 131.5485 245.8591 14.33676078000012
COSMOS 2251 DEBRIS #440
1 34240U 20001A   26236.50000000  .00001000  00000+0  10000-4 0  9995
2 34240  75.3136 343.6031 0348961  24.3117  94.3867 13.23337880000015
COSMOS 2251 DEBRIS #441
1 34241U 20001A   26236.50000000  .00001000  00000+0  10000-4 0  9996
2 34241  71.6991  21.7688 0357287 226.2855 180.3776 14.21322121000015
COSMOS 2251 DEBRIS #442
1 34242U 20001A   26236.50000000  .00001000  00000+0  10000-4 0  9997
2 34242  73.5772 252.6518 0046268 221.7769  99.8884 14.27312963000012
COSMOS 2251 DEBRIS #443
1 34243U 20001A   26236.50000000  .00001000  00000+0  10000-4 0  9998
2 34243  73.0495 184.0697 0099406 193.1005 140.6633 14.81612016000012
COSMOS 2251 DEBRIS #444
1 34244U 20001A   26236.50000000  .00001000  00000+0  10000-4 0  9999
2 34244  74.6715 300.4295 0309664 251.5233 262.7850 13.33223017000017
COSMOS 2251 DEBRIS #445
1 34245U 20001A   26236.50000000  .00001000  00000+0  10000-4 0  9990
2 34245  75.7323  20.8461 0047933 163.2139 219.1797 14.06896718000016
COSMOS 2251 DEBRIS #446
1 34246U 20001A   26236.50000000  .00001000  00000+0  10000-4 0  9991
2 34246  73.0465 267.0097 0335889 254.8442 252.5399 13.43888601000010
COSMOS 2251 DEBRIS #447
1 34247U 20001A   26236.50000000  .00001000  00000+0  10000-4 0  9992
2 34247  72.3192 343.0858 0240122 259.4756  60.1067 14.76597420000012
COSMOS 2251 DEBRIS #448
1 34248U 20001A   26236.50000000  .00001000  00000+0  10000-4 0  9993
2 34248  72.1347 281.2046 0128256 277.7149  10.5683 14.97282952000014
COSMOS 2251 DEBRIS #449
1 34249U 20001A   26236.50000000  .00001000  00000+0  10000-4 0  9994
2 34249  75.5355  97.9130 0038103 207.5946  27.7452 14.62464650000017
COSMOS 2251 DEBRIS #450
1 34250U 20001A   26236.50000000  .00001000  00000+0  10000-4 0  9996
2 34250  73.7760 129.6446 0229828 132.3676  91.8418 14.33377226000017
COSMOS 2251 DEBRIS #451
1 34251U 20001A   26236.50000000  .00001000  00000+0  10000-4 0  9997
2 34251  72.0145 206.6084 0328022 183.1770  15.8536 13.65680885000015
COSMOS 2251 DEBRIS #452
1 34252U 20001A   26236.50000000  .00001000  00000+0  10000-4 0  9998
2 34252  75.8146  88.0385 0217576  54.0305 335.2176 13.96595895000014
COSMOS 2251 DEBRIS #453
1 34253U 20001A   26236.50000000  .00001000  00000+0  10000-4 0  9999
2 34253  75.7874 199.0313 0412136 150.9729 115.8487 14.68133166000017
COSMOS 2251 DEBRIS #454
1 34254U 20001A   26236.50000000  .00001000  00000+0  10000-4 0  9990
2 34254  73.5813 259.3037 0129353 134.2109 180.7347 13.35577414000010
COSMOS 2251 DEBRIS #455
1 34255U 20001A   26236.50000000  .00001000  00000+0  10000-4 0  9991
2 34255  76.0097  64.5640 0363908 343.4686  24.8135 15.16282773000014
COSMOS 2251 DEBRIS #456
1 34256U 20001A   26236.50000000  .00001000  00000+0  10000-4 0  9992
2 34256  73.8255 101.6305 0381732 199.1129   2.8689 13.85460184000018
COSMOS 2251 DEBRIS #457
1 34257U 20001A   26236.50000000  .00001000  00000+0  10000-4 0  9993
2 34257  72.5034 202.9704 0143720 167.0136 213.0087 14.44543505000016
COSMOS 2251 DEBRIS #458
1 34258U 20001A   26236.50000000  .00001000  00000+0  10000-4 0  9994
2 34258  73.9668 278.1408 0095985 273.7736  88.2457 15.00088659000011
COSMOS 2251 DEBRIS #459
1 34259U 20001A   26236.50000000  .00001000  00000+0  10000-4 0  9995
2 34259  71.5319 147.6130 0112519 302.2466 315.7915 13.89284740000013
COSMOS 2251 DEBRIS #460
1 34260U 20001A   26236.50000000  .00001000  00000+0  10000-4 0  9997
2 34260  76.2550   0.5263 0299213 261.7974  37.4216 14.89801198000013
COSMOS 2251 DEBRIS #461
1 34261U 20001A   26236.50000000  .00001000  00000+0  10000-4 0  9998
2 34261  74.1491  85.7403 0226492 358.9053 256.1949 13.31979015000015
COSMOS 2251 DEBRIS #462
1 34262U 20001A   26236.50000000  .00001000  00000+0  10000-4 0  9999
2 34262  71.9651 331.6588 0404806 252.3049 134.0971 14.23951844000016
COSMOS 2251 DEBRIS #463
1 34263U 20001A   26236.50000000  .00001000  00000+0  10000-4 0  9990
2 34263  76.3728  30.5649 0052053 295.1866  26.9390 13.46702770000019
COSMOS 2251 DEBRIS #464
1 34264U 20001A   26236.50000000  .00001000  00000+0  10000-4 0  9991
2 34264  74.3391 156.5938 0434256  93.9567 113.4032 13.67354347000016
COSMOS 2251 DEBRIS #465
1 34265U 20001A   26236.50000000  .00001000  00000+0  10000-4 0  9992
2 34265  75.5041 252.2612 0333555  97.9041  26.8875 13.83611544000011
COSMOS 2251 DEBRIS #466
1 34266U 20001A   26236.50000000  .00001000  00000+0  10000-4 0  9993
2 34266  72.5136 280.7773 0267271  59.1750 167.7798 13.51082110000011
COSMOS 2251 DEBRIS #467
1 34267U 20001A   26236.50000000  .00001000  00000+0  10000-4 0  9994
2 34267  73.5326 192.9328 0434439 110.9908  95.4029 13.61527245000015
COSMOS 2251 DEBRIS #468
1 34268U 20001A   26236.50000000  .00001000  00000+0  10000-4 0  9995
2 34268  72.0996  56.7415 0311864 250.8761  14.5187 14.85277338000013
COSMOS 2251 DEBRIS #469
1 34269U 20001A   26236.50000000  .00001000  00000+0  10000-4 0  9996
2 34269  75.6796 118.0057 0050133 128.0674 184.8455 13.69643758000016
COSMOS 2251 DEBRIS #470
1 34270U 20001A   26236.50000000  .00001000  00000+0  10000-4 0  9998
2 34270  74.8859  93.6600 0445897 145.5812 162.7924 13.26216419000013
COSMOS 2251 DEBRIS #471
1 34271U 20001A   26236.50000000  .00001000  00000+0  10000-4 0  9999
2 34271  75.2404  89.9469 0213299  50.3255   4.3045 14.80779351000014
COSMOS 2251 DEBRIS #472
1 34272U 20001A   26236.50000000  .00001000  00000+0  10000-4 0  9990
2 34272  75.6519 353.7242 0067514 134.0063 226.9071 14.84734683000015
COSMOS 2251 DEBRIS #473
1 34273U 20001A   26236.50000000  .00001000  00000+0  10000-4 0  9991
2 34273  74.7234 209.6366 0123881   7.8481  23.2099 14.82549418000013
COSMOS 2251 DEBRIS #474
1 34274U 20001A   26236.50000000  .00001000  00000+0  10000-4 0  9992
2 34274  76.0125 159.6353 0066668 298.5682 119.3580 15.01015594000016
COSMOS 2251 DEBRIS #475
1 34275U 20001A   26236.50000000  .00001000  00000+0  10000-4 0  9993
2 34275  71.7135 165.9582 0083915 295.8067 142.1995 14.34776840000012
COSMOS 2251 DEBRIS #476
1 34276U 20001A   26236.50000000  .00001000  00000+0  10000-4 0  9994
2 34276  71.6474 245.9567 0086035  67.3744 100.7476 13.62943221000013
COSMOS 2251 DEBRIS #477
1 34277U 20001A   26236.50000000  .00001000  00000+0  10000-4 0  9995
2 34277  75.9171  12.4738 0282437 106.2379 148.3172 13.69156956000012
COSMOS 2251 DEBRIS #478
1 34278U 20001A   26236.50000000  .00001000  00000+0  10000-4 0  9996
2 34278  74.2534  21.9525 0133101  71.8048 318.4749 13.47447203000014
COSMOS 2251 DEBRIS #479
1 34279U 20001A   26236.50000000  .00001000  00000+0  10000-4 0  9997
2 34279  74.1291 227.0716 0362953 356.1853 281.4897 14.78969249000014
COSMOS 2251 DEBRIS #480
1 34280U 20001A   26236.50000000  .00001000  00000+0  10000-4 0  9999
2 34280  73.2956 196.0264 0223258 180.8616 139.8173 15.02535403000012
COSMOS 2251 DEBRIS #481
1 34281U 20001A   26236.50000000  .00001000  00000+0  10000-4 0  9990
2 34281  72.3991 114.7959 0106368 280.2738  21.0928 14.99152956000015
COSMOS 2251 DEBRIS #482
1 34282U 20001A   26236.50000000  .00001000  00000+0  10000-4 0  9991
2 34282  76.4577 190.5956 0347410 350.6328  36.0484 15.19921149000016
COSMOS 2251 DEBRIS #483
1 34283U 20001A   26236.50000000  .00001000  00000+0  10000-4 0  9992
2 34283  74.7843  95.9497 0369165  20.1271 358.7011 15.03451897000010
COSMOS 2251 DEBRIS #484
1 34284U 20001A   26236.50000000  .00001000  00000+0  10000-4 0  9993
2 34284  72.5971 304.7418 0360851 302.1200 304.2795 13.90960927000019
COSMOS 2251 DEBRIS #485
1 34285U 20001A   26236.50000000  .00001000  00000+0  10000-4 0  9994
2 34285  72.3805 213.3070 0364732 329.0328  10.1544 14.59525313000011
COSMOS 2251 DEBRIS #486
1 34286U 20001A   26236.50000000  .00001000  00000+0  10000-4 0  9995
2 34286  75.0028 341.1211 0257986  67.7641 355.6822 14.32621778000011
COSMOS 2251 DEBRIS #487
1 34287U 20001A   26236.50000000  .00001000  00000+0  10000-4 0  9996
2 34287  75.9081 177.2016 0145983  32.4927  83.7444 14.18087284000011
COSMOS 2251 DEBRIS #488
1 34288U 20001A   26236.50000000  .00001000  00000+0  10000-4 0  9997
2 34288  72.5940 189.5215 0010300  72.5272  46.9762 15.03579237000011
COSMOS 2251 DEBRIS #489
1 34289U 20001A   26236.50000000  .00001000  00000+0  10000-4 0  9998
2 34289  75.0847 330.7611 0381484   7.8886 211.1793 13.84717762000016
COSMOS 2251 DEBRIS #490
1 34290U 20001A   26236.50000000  .00001000  00000+0  10000-4 0  9990
2 34290  76.0861 278.7719 0382451 345.8012 134.4927 14.92133893000019
COSMOS 2251 DEBRIS #491
1 34291U 20001A   26236.50000000  .00001000  00000+0  10000-4 0  9991
2 34291  76.2096 142.4144 0054454  49.1226  56.7014 13.80353031000018
COSMOS 2251 DEBRIS #492
1 34292U 20001A   26236.50000000  .00001000  00000+0  10000-4 0  9992
2 34292  76.2435 285.0633 0432691  62.7130 348.7474 14.49836053000011
COSMOS 2251 DEBRIS #493
1 34293U 20001A   26236.50000000  .00001000  00000+0  10000-4 0  9993
2 34293  74.9678 334.3843 0356276 212.0221  63.1266 13.64647443000018
COSMOS 2251 DEBRIS #494
1 34294U 20001A   26236.50000000  .00001000  00000+0  10000-4 0  9994
2 34294  73.0341 247.8594 0066033 341.5637 341.5313 14.65766191000015
COSMOS 2251 DEBRIS #495
1 34295U 20001A   26236.50000000  .00001000  00000+0  10000-4 0  9995
2 34295  73.4580 357.9419 0434680 216.8599 331.5738 13.26476549000013
COSMOS 2251 DEBRIS #496
1 34296U 20001A   26236.50000000  .00001000  00000+0  10000-4 0  9996
2 34296  76.3377  79.5223 0258842  50.6316 268.3236 15.07337559000013
COSMOS 2251 DEBRIS #497
1 34297U 20001A   26236.50000000  .00001000  00000+0  10000-4 0  9997
2 34297  72.6900 353.6567 0083870  31.9414 255.2277 14.97064051000012
COSMOS 2251 DEBRIS #498
1 34298U 20001A   26236.50000000  .00001000  00000+0  10000-4 0  9998
2 34298  74.6955 319.1953 0206517  89.8347  24.4061 13.73042488000013
COSMOS 2251 DEBRIS #499
1 34299U 20001A   26236.50000000  .00001000  00000+0  10000-4 0  9999
2 34299  72.7833  38.8925 0010563 263.7304 348.8767 13.97187420000010
COSMOS 2251 DEBRIS #500
1 34300U 20001A   26236.50000000  .00001000  00000+0  10000-4 0  9992
2 34300  75.9228 177.5095 0176633  36.5143 172.6161 14.29204794000014
COSMOS 2251 DEBRIS #501
1 34301U 20001A   26236.50000000  .00001000  00000+0  10000-4 0  9993
2 34301  75.8203 234.3490 0312350  26.5354 304.4745 13.52531302000015
COSMOS 2251 DEBRIS #502
1 34302U 20001A   26236.50000000  .00001000  00000+0  10000-4 0  9994
2 34302  72.9745 114.7381 0428731  61.2379 135.1648 13.34840080000016
COSMOS 2251 DEBRIS #503
1 34303U 20001A   26236.50000000  .00001000  00000+0  10000-4 0  9995
2 34303  75.1599 196.9367 0405174 213.8510 220.9121 13.38620937000013
COSMOS 2251 DEBRIS #504
1 34304U 20001A   26236.50000000  .00001000  00000+0  10000-4 0  9996
2 34304  73.9137  11.1576 0424674 320.3112  56.5574 13.52999439000013
COSMOS 2251 DEBRIS #505
1 34305U 20001A   26236.50000000  .00001000  00000+0  10000-4 0  9997
2 34305  72.0063  73.9982 0093593 259.9337 262.7906 14.59439341000016
COSMOS 2251 DEBRIS #506
1 34306U 20001A   26236.50000000  .00001000  00000+0  10000-4 0  9998
2 34306  72.8263 101.3483 0114521 205.8371 302.3476 13.29927089000012
COSMOS 2251 DEBRIS #507
1 34307U 20001A   26236.50000000  .00001000  00000+0  10000-4 0  9999
2 34307  72.2679 129.8984 0198146 238.3273 216.0776 13.78909890000014
COSMOS 2251 DEBRIS #508
1 34308U 20001A   26236.50000000  .00001000  00000+0  10000-4 0  9990
2 34308  72.4984   9.2648 0085166  29.4970 303.7569 13.78362293000018
COSMOS 2251 DEBRIS #509
1 34309U 20001A   26236.50000000  .00001000  00000+0  10000-4 0  9991
2 34309  73.0418 143.0882 0225202  32.8093 195.8854 14.52208011000013
COSMOS 2251 DEBRIS #510
1 34310U 20001A   26236.50000000  .00001000  00000+0  10000-4 0  9993
2 34310  72.4244 318.7774 0172536  94.7865 167.4209 14.09155054000010
COSMOS 2251 DEBRIS #511
1 34311U 20001A   26236.50000000  .00001000  00000+0  10000-4 0  9994
2 34311  72.6312  96.6823 0037121 240.2886  30.8546 14.70447028000017
COSMOS 2251 DEBRIS #512
1 34312U 20001A   26236.50000000  .00001000  00000+0  10000-4 0  9995
2 34312  73.2190 194.9216 0437110 199.2967 302.6870 14.37945288000016
COSMOS 2251 DEBRIS #513
1 34313U 20001A   26236.50000000  .00001000  00000+0  10000-4 0  9996
2 34313  75.5920 150.7075 0245626 170.9368 317.3954 14.93378803000017
COSMOS 2251 DEBRIS #514
1 34314U 20001A   26236.50000000  .00001000  00000+0  10000-4 0  9997
2 34314  73.8813  28.4238 0407221 180.7565 324.1638 14.62861140000013
COSMOS 2251 DEBRIS #515
1 34315U 20001A   26236.50000000  .00001000  00000+0  10000-4 0  9998
2 34315  75.5023 243.9126 0282920 272.5880  62.2364 13.44056375000014
COSMOS 2251 DEBRIS #516
1 34316U 20001A   26236.50000000  .00001000  00000+0  10000-4 0  9999
2 34316  76.4218 349.9794 0365722 152.4150 355.7808 13.45237200000019
COSMOS 2251 DEBRIS #517
1 34317U 20001A   26236.50000000  .00001000  00000+0  10000-4 0  9990
2 34317  73.6770 359.0169 0285979  92.8391 327.8896 14.86821624000011
COSMOS 2251 DEBRIS #518
1 34318U 20001A   26236.50000000  .00001000  00000+0  10000-4 0  9991
2 34318  76.0709  24.1243 0180763 117.4056  99.4323 13.99470999000016
COSMOS 2251 DEBRIS #519
1 34319U 20001A   26236.50000000  .00001000  00000+0  10000-4 0  9992
2 34319  73.7908 314.4479 0356082 188.1223 151.0538 14.44611586000011
COSMOS 2251 DEBRIS #520
1 34320U 20001A   26236.50000000  .00001000  00000+0  10000-4 0  9994
2 34320  73.5722  53.3519 0268691 338.2740 332.9741 14.71675478000015
COSMOS 2251 DEBRIS #521
1 34321U 20001A   26236.50000000  .00001000  00000+0  10000-4 0  9995
2 34321  74.3134  36.3566 0135880 123.7929 147.9204 14.27126696000016
COSMOS 2251 DEBRIS #522
1 34322U 20001A   26236.50000000  .00001000  00000+0  10000-4 0  9996
2 34322  73.4152 174.8105 0277943  99.1491  51.7870 13.27493134000015
COSMOS 2251 DEBRIS #523
1 34323U 20001A   26236.50000000  .00001000  00000+0  10000-4 0  9997
2 34323  74.5433 249.7181 0027064 119.3379  85.5285 14.97914843000011
COSMOS 2251 DEBRIS #524
1 34324U 20001A   26236.50000000  .00001000  00000+0  10000-4 0  9998
2 34324  75.2287 331.5006 0404693 294.2589 109.0998 13.24046578000019
COSMOS 2251 DEBRIS #525
1 34325U 20001A   26236.50000000  .00001000  00000+0  10000-4 0  9999
2 34325  72.9017 176.9829 0316320 312.8040  48.3788 13.39643478000017
COSMOS 2251 DEBRIS #526
1 34326U 20001A   26236.50000000  .00001000  00000+0  10000-4 0  9990
2 34326  76.3711 159.5198 0373362 150.0382 232.3997 13.73883996000019
COSMOS 2251 DEBRIS #527
1 34327U 20001A   26236.50000000  .00001000  00000+0  10000-4 0  9991
2 34327  72.4397  76.1006 0372546 273.4176 312.1880 14.68188960000015
COSMOS 2251 DEBRIS #528
1 34328U 20001A   26236.50000000  .00001000  00000+0  10000-4 0  9992
2 34328  75.6051 185.4971 0079947 182.4463  48.8339 13.82224619000019
COSMOS 2251 DEBRIS #529
1 34329U 20001A   26236.50000000  .00001000  00000+0  10000-4 0  9993
2 34329  75.7565 316.5597 0022737 299.8548 301.3116 13.58552689000018
COSMOS 2251 DEBRIS #530
1 34330U 20001A   26236.50000000  .00001000  00000+0  10000-4 0  9995
2 34330  72.7475 164.3215 0413933  98.6319 296.4623 14.60926789000013
COSMOS 2251 DEBRIS #531
1 34331U 20001A   26236.50000000  .00001000  00000+0  10000-4 0  9996
2 34331  74.0256 228.7475 0064504 134.0880 213.8557 13.26112638000013
COSMOS 2251 DEBRIS #532
1 34332U 20001A   26236.50000000  .00001000  00000+0  10000-4 0  9997
2 34332  72.3879 313.3731 0268227  58.8649 322.0171 13.89951980000011
COSMOS 2251 DEBRIS #533
1 34333U 20001A   26236.50000000  .00001000  00000+0  10000-4 0  9998
2 34333  75.2448 247.9862 0135430  58.6467 206.0129 13.97313134000014
COSMOS 2251 DEBRIS #534
1 34334U 20001A   26236.50000000  .00001000  00000+0  10000-4 0  9999
2 34334  76.3246 308.5600 0294847  96.8701 147.4226 14.55539049000016
COSMOS 2251 DEBRIS #535
1 34335U 20001A   26236.50000000  .00001000  00000+0  10000-4 0  9990
2 34335  71.6003 280.9093 0347732 328.1456 233.0538 13.21779597000019
COSMOS 2251 DEBRIS #536
1 34336U 20001A   26236.50000000  .00001000  00000+0  10000-4 0  9991
2 34336  74.5057   3.0469 0121051 109.9655 348.1288 14.81017114000019
COSMOS 2251 DEBRIS #537
1 34337U 20001A   26236.50000000  .00001000  00000+0  10000-4 0  9992
2 34337  74.7137 152.5704 0175649  90.7195 168.0113 13.89741840000014
COSMOS 2251 DEBRIS #538
1 34338U 20001A   26236.50000000  .00001000  00000+0  10000-4 0  9993
2 34338  74.8860 296.7519 0184747 184.1449 238.4480 13.40462421000014
COSMOS 2251 DEBRIS #539
1 34339U 20001A   26236.50000000  .00001000  00000+0  10000-4 0  9994
2 34339  75.7164 134.7227 0294830 107.4513  38.9176 14.41810021000014
COSMOS 2251 DEBRIS #540
1 34340U 20001A   26236.50000000  .00001000  00000+0  10000-4 0  9996
2 34340  71.8192 355.8099 0291861  94.0129 255.9938 14.92298320000017
COSMOS 2251 DEBRIS #541
1 34341U 20001A   26236.50000000  .00001000  00000+0  10000-4 0  9997
2 34341  75.9619 107.5648 0075968 323.8873 289.9547 14.73094878000010
COSMOS 2251 DEBRIS #542
1 34342U 20001A   26236.50000000  .00001000  00000+0  10000-4 0  9998
2 34342  75.5118 216.0120 0300633 259.6620 235.9442 14.56151150000011
COSMOS 2251 DEBRIS #543
1 34343U 20001A   26236.50000000  .00001000  00000+0  10000-4 0  9999
2 34343  76.4873  93.3935 0194168  12.7148 254.9048 13.97654984000017
COSMOS 2251 DEBRIS #544
1 34344U 20001A   26236.50000000  .00001000  00000+0  10000-4 0  9990
2 34344  74.3602  68.3695 0329681 192.4686 282.5629 13.64472639000014
COSMOS 2251 DEBRIS #545
1 34345U 20001A   26236.50000000  .00001000  00000+0  10000-4 0  9991
2 34345  76.0326 241.8727 0233218 302.6299 315.5381 14.89083849000017
COSMOS 2251 DEBRIS #546
1 34346U 20001A   26236.50000000  .00001000  00000+0  10000-4 0  9992
2 34346  72.4057  35.1371 0066295 291.0038 274.6506 13.71730370000011
COSMOS 2251 DEBRIS #547
1 34347U 20001A   26236.50000000  .00001000  00000+0  10000-4 0  9993
2 34347  72.4153 244.6965 0157678 127.9020 267.9156 13.37859964000018
COSMOS 2251 DEBRIS #548
1 34348U 20001A   26236.50000000  .00001000  00000+0  10000-4 0  9994
2 34348  73.0354 283.7126 0155779 105.8584 306.4370 13.72111847000019
COSMOS 2251 DEBRIS #549
1 34349U 20001A   26236.50000000  .00001000  00000+0  10000-4 0  9995
2 34349  73.8527 311.9016 0266772  25.6377 320.1934 15.08860197000016
COSMOS 2251 DEBRIS #550
1 34350U 20001A   26236.50000000  .00001000  00000+0  10000-4 0  9997
2 34350  74.0024 312.2992 0177934  19.4623 307.5263 13.79671151000016
COSMOS 2251 DEBRIS #551
1 34351U 20001A   26236.50000000  .00001000  00000+0  10000-4 0  9998
2 34351  72.1868  72.1068 0190044 326.3835 164.7257 14.33880718000018
COSMOS 2251 DEBRIS #552
1 34352U 20001A   26236.50000000  .00001000  00000+0  10000-4 0  9999
2 34352  73.0819 257.6406 0352734 227.1718  63.6567 14.17516169000014
COSMOS 2251 DEBRIS #553
1 34353U 20001A   26236.50000000  .00001000  00000+0  10000-4 0  9990
2 34353  74.6725   1.6969 0130352  60.6981 275.2141 14.72238656000013
COSMOS 2251 DEBRIS #554
1 34354U 20001A   26236.50000000  .00001000  00000+0  10000-4 0  9991
2 34354  73.9479 274.8849 0048738 228.0555 145.2217 14.42895948000016
COSMOS 2251 DEBRIS #555
1 34355U 20001A   26236.50000000  .00001000  00000+0  10000-4 0  9992
2 34355  76.3266 137.9939 0026599 134.3165   5.0678 13.59882850000013
COSMOS 2251 DEBRIS #556
1 34356U 20001A   26236.50000000  .00001000  00000+0  10000-4 0  9993
2 34356  73.1111 299.9623 0093853 225.6073  89.5763 14.55349628000016
COSMOS 2251 DEBRIS #557
1 34357U 20001A   26236.50000000  .00001000  00000+0  10000-4 0  9994
2 34357  74.9676 123.9659 0066729 211.9214  60.1273 13.96710095000019
COSMOS 2251 DEBRIS #558
1 34358U 20001A   26236.50000000  .00001000  00000+0  10000-4 0  9995
2 34358  75.6192 107.3528 0137964 214.6932 121.6207 14.65566382000014
COSMOS 2251 DEBRIS #559
1 34359U 20001A   26236.50000000  .00001000  00000+0  10000-4 0  9996
2 34359  75.9399 358.3701 0160802 129.3303  67.8334 15.00276755000013
COSMOS 2251 DEBRIS #560
1 34360U 20001A   26236.50000000  .00001000  00000+0  10000-4 0  9998
2 34360  76.2404 330.5539 0187492 261.7808  47.2341 13.65683657000014
COSMOS 2251 DEBRIS #561
1 34361U 20001A   26236.50000000  .00001000  00000+0  10000-4 0  9999
2 34361  75.1704 212.2894 0084353 234.1945  13.4508 13.93318290000013
COSMOS 2251 DEBRIS #562
1 34362U 20001A   26236.50000000  .00001000  00000+0  10000-4 0  9990
2 34362  75.8827  92.0841 0245282 358.0849 238.3092 13.29717392000013
COSMOS 2251 DEBRIS #563
1 34363U 20001A   26236.50000000  .00001000  00000+0  10000-4 0  9991
2 34363  74.7678   7.1070 0313489 136.8914 197.0217 14.03355113000019
COSMOS 2251 DEBRIS #564
1 34364U 20001A   26236.50000000  .00001000  00000+0  10000-4 0  9992
2 34364  73.8720  55.1258 0315884 108.4019 238.1992 14.46062268000011
COSMOS 2251 DEBRIS #565
1 34365U 20001A   26236.50000000  .00001000  00000+0  10000-4 0  9993
2 34365  74.8124  97.1918 0276479 299.0350  37.7691 13.47432705000017
COSMOS 2251 DEBRIS #566
1 34366U 20001A   26236.50000000  .00001000  00000+0  10000-4 0  9994
2 34366  75.0938  42.3844 0060165  71.5128  71.9098 13.41252742000019
COSMOS 2251 DEBRIS #567
1 34367U 20001A   26236.50000000  .00001000  00000+0  10000-4 0  9995
2 34367  72.8150 188.3326 0098736 106.3264  14.1861 14.60687350000016
COSMOS 2251 DEBRIS #568
1 34368U 20001A   26236.50000000  .00001000  00000+0  10000-4 0  9996
2 34368  73.9818  74.7698 0420574   0.9857 241.7879 13.86120723000016
COSMOS 2251 DEBRIS #569
1 34369U 20001A   26236.50000000  .00001000  00000+0  10000-4 0  9997
2 34369  76.0344 300.6836 0304369  32.4298 184.2139 13.49828899000010
COSMOS 2251 DEBRIS #570
1 34370U 20001A   26236.50000000  .00001000  00000+0  10000-4 0  9999
2 34370  75.1178  36.4646 0122592 355.9197 106.5680 13.66232057000019
COSMOS 2251 DEBRIS #571
1 34371U 20001A   26236.50000000  .00001000  00000+0  10000-4 0  9990
2 34371  73.8214  35.9312 0086868 104.6042 288.5746 13.27888904000012
COSMOS 2251 DEBRIS #572
1 34372U 20001A   26236.50000000  .00001000  00000+0  10000-4 0  9991
2 34372  73.0635 265.8745 0051799  16.5201 306.7195 14.71640801000012
COSMOS 2251 DEBRIS #573
1 34373U 20001A   26236.50000000  .00001000  00000+0  10000-4 0  9992
2 34373  74.8168  61.3844 0167312 223.8505 316.2512 14.07542903000013
COSMOS 2251 DEBRIS #574
1 34374U 20001A   26236.50000000  .00001000  00000+0  10000-4 0  9993
2 34374  71.9648 293.3871 0090462 346.4316  97.8599 14.00155503000011
COSMOS 2251 DEBRIS #575
1 34375U 20001A   26236.50000000  .00001000  00000+0  10000-4 0  9994
2 34375  73.4286 306.2418 0361955 286.8874  40.7004 14.49769297000014
COSMOS 2251 DEBRIS #576
1 34376U 20001A   26236.50000000  .00001000  00000+0  10000-4 0  9995
2 34376  74.9808  21.1127 0424685 149.7700 212.6701 13.51879079000012
COSMOS 2251 DEBRIS #577
1 34377U 20001A   26236.50000000  .00001000  00000+0  10000-4 0  9996
2 34377  75.5113 244.2215 0089754 129.0956  10.3738 13.95950156000010
COSMOS 2251 DEBRIS #578
1 34378U 20001A   26236.50000000  .00001000  00000+0  10000-4 0  9997
2 34378  74.9223 301.8731 0438315 331.3433  40.6575 13.46131066000010
COSMOS 2251 DEBRIS #579
1 34379U 20001A   26236.50000000  .00001000  00000+0  10000-4 0  9998
2 34379  73.5564  16.5500 0125109 253.6445 244.0544 13.82847589000011
COSMOS 2251 DEBRIS #580
1 34380U 20001A   26236.50000000  .00001000  00000+0  10000-4 0  9990
2 34380  75.3376 207.5936 0258605 241.1440 121.7882 15.15579112000012
COSMOS 2251 DEBRIS #581
1 34381U 20001A   26236.50000000  .00001000  00000+0  10000-4 0  9991
2 34381  74.1155 252.2089 0051906  89.4877 124.4698 14.52342653000016
COSMOS 2251 DEBRIS #582
1 34382U 20001A   26236.50000000  .00001000  00000+0  10000-4 0  9992
2 34382  74.8815 138.5556 0379174 355.6050  19.6438 14.31668847000013
COSMOS 2251 DEBRIS #583
1 34383U 20001A   26236.50000000  .00001000  00000+0  10000-4 0  9993
2 34383  74.7170  56.4939 0383492 312.9896  26.9515 14.90374230000014
COSMOS 2251 DEBRIS #584
1 34384U 20001A   26236.50000000  .00001000  00000+0  10000-4 0  9994
2 34384  73.9582  86.7211 0436863  80.1743 231.5942 13.30070143000015
COSMOS 2251 DEBRIS #585
1 34385U 20001A   26236.50000000  .00001000  00000+0  10000-4 0  9995
2 34385  73.5164  84.6000 0212001 161.3155 308.3721 14.80252258000019
COSMOS 2251 DEBRIS #586
1 34386U 20001A   26236.50000000  .00001000  00000+0  10000-4 0  9996
2 34386  73.7353  42.7345 0228844  36.9516 148.4419 14.50674601000013
COSMOS 2251 DEBRIS #587
1 34387U 20001A   26236.50000000  .00001000  00000+0  10000-4 0  9997
2 34387  74.2857   0.0611 0049994 222.8638 109.6553 14.40840655000011
COSMOS 2251 DEBRIS #588
1 34388U 20001A   26236.50000000  .00001000  00000+0  10000-4 0  9998
2 34388  74.0417  74.4664 0305448 130.8033  19.5391 15.10071026000016
COSMOS 2251 DEBRIS #589
1 34389U 20001A   26236.50000000  .00001000  00000+0  10000-4 0  9999
2 34389  72.6146 163.6056 0256466 170.3281 236.5802 14.43951594000015
COSMOS 2251 DEBRIS #590
1 34390U 20001A   26236.50000000  .00001000  00000+0  10000-4 0  9991
2 34390  75.0796  41.0484 0344100 122.8886 298.7582 13.64349422000013
COSMOS 2251 DEBRIS #591
1 34391U 20001A   26236.50000000  .00001000  00000+0  10000-4 0  9992
2 34391  76.3222 105.1141 0239673  16.4801  59.0959 14.60419211000014
COSMOS 2251 DEBRIS #592
1 34392U 20001A   26236.50000000  .00001000  00000+0  10000-4 0  9993
2 34392  72.2022 258.0682 0327486 219.9066  67.5156 13.41392301000010
COSMOS 2251 DEBRIS #593
1 34393U 20001A   26236.50000000  .00001000  00000+0  10000-4 0  9994
2 34393  76.1511 141.4427 0211100 258.0436  38.7957 14.76284081000012
COSMOS 2251 DEBRIS #594
1 34394U 20001A   26236.50000000  .00001000  00000+0  10000-4 0  9995
2 34394  73.5724 333.5856 0378485 277.9723 162.1817 14.37762222000011
COSMOS 2251 DEBRIS #595
1 34395U 20001A   26236.50000000  .00001000  00000+0  10000-4 0  9996
2 34395  74.7923 344.2285 0069239 190.9312  17.4858 14.19765728000014
COSMOS 2251 DEBRIS #596
1 34396U 20001A   26236.50000000  .00001000  00000+0  10000-4 0  9997
2 34396  76.1765 301.9738 0222490 331.6184  63.7929 14.21666580000011
COSMOS 2251 DEBRIS #597
1 34397U 20001A   26236.50000000  .00001000  00000+0  10000-4 0  9998
2 34397  74.3928 262.9781 0066487 216.1966 317.7705 13.97481116000010
COSMOS 2251 DEBRIS #598
1 34398U 20001A   26236.50000000  .00001000  00000+0  10000-4 0  9999
2 34398  74.0206 138.4785 0440980 274.4549  98.4945 15.03182048000016
COSMOS 2251 DEBRIS #599
1 34399U 20001A   26236.50000000  .00001000  00000+0  10000-4 0  9990
2 34399  76.3180 349.3770 0209252 148.5884 252.0051 13.46674366000018
COSMOS 2251 DEBRIS #600
1 34400U 20001A   26236.50000000  .00001000  00000+0  10000-4 0  9993
2 34400  75.2421 107.6087 0318657 256.2748 336.7843 14.92141509000018
COSMOS 2251 DEBRIS #601
1 34401U 20001A   26236.50000000  .00001000  00000+0  10000-4 0  9994
2 34401  74.6629  72.3201 0284633 124.3057 242.0545 13.78115899000016
COSMOS 2251 DEBRIS #602
1 34402U 20001A   26236.50000000  .00001000  00000+0  10000-4 0  9995
2 34402  76.4067 234.0311 0431663 249.9523 116.0573 14.20778688000011
COSMOS 2251 DEBRIS #603
1 34403U 20001A   26236.50000000  .00001000  00000+0  10000-4 0  9996
2 34403  72.0770 126.8056 0221362 240.1766 150.2921 14.34127639000010
COSMOS 2251 DEBRIS #604
1 34404U 20001A   26236.50000000  .00001000  00000+0  10000-4 0  9997
2 34404  75.2393 302.9001 0135808 290.9897 188.1828 14.89460218000010
COSMOS 2251 DEBRIS #605
1 34405U 20001A   26236.50000000  .00001000  00000+0  10000-4 0  9998
2 34405  71.6264  52.3176 0304911 270.0666  57.9367 13.59980483000011
COSMOS 2251 DEBRIS #606
1 34406U 20001A   26236.50000000  .00001000  00000+0  10000-4 0  9999
2 34406  72.9331  90.2020 0379327 106.2506 271.2938 14.58118970000015
COSMOS 2251 DEBRIS #607
1 34407U 20001A   26236.50000000  .00001000  00000+0  10000-4 0  9990
2 34407  71.6615 293.0494 0055091 266.2173 311.3429 14.93607075000010
COSMOS 2251 DEBRIS #608
1 34408U 20001A   26236.50000000  .00001000  00000+0  10000-4 0  9991
2 34408  75.2121 202.0574 0114542 287.5758 103.5499 14.76861435000015
COSMOS 2251 DEBRIS #609
1 34409U 20001A   26236.50000000  .00001000  00000+0  10000-4 0  9992
2 34409  74.8225 333.5345 0180524 351.2962 112.5554 15.11340394000019
COSMOS 2251 DEBRIS #610
1 34410U 20001A   26236.50000000  .00001000  00000+0  10000-4 0  9994
2 34410  74.2606   4.6675 0120590 281.1330 313.2425 14.44112339000015
COSMOS 2251 DEBRIS #611
1 34411U 20001A   26236.50000000  .00001000  00000+0  10000-4 0  9995
2 34411  75.6499 328.1351 0320036 271.8388 196.7814 14.49526477000015
COSMOS 2251 DEBRIS #612
1 34412U 20001A   26236.50000000  .00001000  00000+0  10000-4 0  9996
2 34412  74.5169 279.4128 0434287  63.8733 245.7572 13.78835544000010
COSMOS 2251 DEBRIS #613
1 34413U 20001A   26236.50000000  .00001000  00000+0  10000-4 0  9997
2 34413  72.4349  62.5662 0236092 154.2628 200.3755 13.95439645000015
COSMOS 2251 DEBRIS #614
1 34414U 20001A   26236.50000000  .00001000  00000+0  10000-4 0  9998
2 34414  72.1503 210.2350 0122207 255.4881  55.7301 13.86112558000018
COSMOS 2251 DEBRIS #615
1 34415U 20001A   26236.50000000  .00001000  00000+0  10000-4 0  9999
2 34415  72.2685 116.1468 0032376 221.6191 238.2805 15.06476373000010
COSMOS 2251 DEBRIS #616
1 34416U 20001A   26236.50000000  .00001000  00000+0  10000-4 0  9990
2 34416  73.9528 206.1637 0167557 114.4292  79.1863 14.76806290000011
COSMOS 2251 DEBRIS #617
1 34417U 20001A   26236.50000000  .00001000  00000+0  10000-4 0  9991
2 34417  72.4193  24.5435 0232261 193.3329  33.1004 14.03186249000016
COSMOS 2251 DEBRIS #618
1 34418U 20001A   26236.50000000  .00001000  00000+0  10000-4 0  9992
2 34418  72.6060  76.8074 0156028  78.6403 270.9560 13.92159565000011
COSMOS 2251 DEBRIS #619
1 34419U 20001A   26236.50000000  .00001000  00000+0  10000-4 0  9993
2 34419  74.1525 358.7872 0372422   3.1693 240.8178 15.16226640000013
COSMOS 2251 DEBRIS #620
1 34420U 20001A   26236.50000000  .00001000  00000+0  10000-4 0  9995
2 34420  73.7283 325.6187 0280028 345.2029 245.7185 14.44226340000015
COSMOS 2251 DEBRIS #621
1 34421U 20001A   26236.50000000  .00001000  00000+0  10000-4 0  9996
2 34421  73.1047 329.7357 0425794 194.4854 101.8184 13.97175187000013
COSMOS 2251 DEBRIS #622
1 34422U 20001A   26236.50000000  .00001000  00000+0  10000-4 0  9997
2 34422  76.0567 295.9593 0174981 160.4005  15.7866 14.80563348000012
COSMOS 2251 DEBRIS #623
1 34423U 20001A   26236.50000000  .00001000  00000+0  10000-4 0  9998
2 34423  75.9914  69.3045 0236113  60.2621 344.2594 15.09642364000015
COSMOS 2251 DEBRIS #624
1 34424U 20001A   26236.50000000  .00001000  00000+0  10000-4 0  9999
2 34424  74.1899   2.6390 0038807 278.4896 311.3823 14.54067025000013
COSMOS 2251 DEBRIS #625
1 34425U 20001A   26236.50000000  .00001000  00000+0  10000-4 0  9990
2 34425  73.6210  37.4137 0246611 351.4406 279.0744 14.60548573000014
COSMOS 2251 DEBRIS #626
1 34426U 20001A   26236.50000000  .00001000  00000+0  10000-4 0  9991
2 34426  74.7328 338.3104 0338631 165.3211 119.4175 13.50750915000012
COSMOS 2251 DEBRIS #627
1 34427U 20001A   26236.50000000  .00001000  00000+0  10000-4 0  9992
2 34427  71.9376  19.5365 0359454 206.9864  81.9524 14.31616841000014
COSMOS 2251 DEBRIS #628
1 34428U 20001A   26236.50000000  .00001000  00000+0  10000-4 0  9993
2 34428  72.7932 139.6917 0287295   6.0807 242.3875 14.06605007000014
COSMOS 2251 DEBRIS #629
1 34429U 20001A   26236.50000000  .00001000  00000+0  10000-4 0  9994
2 34429  74.1742 230.9122 0282073 210.8189 252.3175 14.71192119000011
COSMOS 2251 DEBRIS #630
1 34430U 20001A   26236.50000000  .00001000  00000+0  10000-4 0  9996
2 34430  71.8629 334.0972 0056699 108.4863  31.1419 14.77378380000010
COSMOS 2251 DEBRIS #631
1 34431U 20001A   26236.50000000  .00001000  00000+0  10000-4 0  9997
2 34431  75.3264 157.5634 0183849 170.6356 192.0484 14.52144633000018
COSMOS 2251 DEBRIS #632
1 34432U 20001A   26236.50000000  .00001000  00000+0  10000-4 0  9998
2 34432  72.1819 140.7573 0360893 345.6483  51.8672 14.29144894000011
COSMOS 2251 DEBRIS #633
1 34433U 20001A   26236.50000000  .00001000  00000+0  10000-4 0  9999
2 34433  74.8864 329.1008 0359807 134.3270 341.8074 14.65864915000018
COSMOS 2251 DEBRIS #634
1 34434U 20001A   26236.50000000  .00001000  00000+0  10000-4 0  9990
2 34434  74.2676 199.8251 0064223 214.7958 193.3747 13.21005968000010
COSMOS 2251 DEBRIS #635
1 34435U 20001A   26236.50000000  .00001000  00000+0  10000-4 0  9991
2 34435  76.2349 109.6888 0339250 123.7866 148.5556 15.00709275000018
COSMOS 2251 DEBRIS #636
1 34436U 20001A   26236.50000000  .00001000  00000+0  10000-4 0  9992
2 34436  74.7297 184.5190 0080819 300.5094  69.9574 13.64157594000019
COSMOS 2251 DEBRIS #637
1 34437U 20001A   26236.50000000  .00001000  00000+0  10000-4 0  9993
2 34437  72.4068 287.8776 0384990 335.6532 357.9527 14.90277544000017
COSMOS 2251 DEBRIS #638
1 34438U 20001A   26236.50000000  .00001000  00000+0  10000-4 0  9994
2 34438  73.8063 197.8793 0137887  35.3529 261.2121 13.33472551000016
COSMOS 2251 DEBRIS #639
1 34439U 20001A   26236.50000000  .00001000  00000+0  10000-4 0  9995
2 34439  73.9360 119.1063 0066414  36.0162 223.0257 14.51094596000019
COSMOS 2251 DEBRIS #640
1 34440U 20001A   26236.50000000  .00001000  00000+0  10000-4 0  9997
2 34440  76.0006 114.4029 0208284 110.0432 210.3012 14.43268486000018
COSMOS 2251 DEBRIS #641
1 34441U 20001A   26236.50000000  .00001000  00000+0  10000-4 0  9998
2 34441  74.3278 131.2176 0149186   1.7395  88.6230 14.05661479000015
COSMOS 2251 DEBRIS #642
1 34442U 20001A   26236.50000000  .00001000  00000+0  10000-4 0  9999
2 34442  72.6076 266.3338 0201894  48.3501 263.8702 14.88022012000010
COSMOS 2251 DEBRIS #643
1 34443U 20001A   26236.50000000  .00001000  00000+0  10000-4 0  9990
2 34443  75.8894 166.6254 0167846 198.6019  63.2773 13.81094359000019
COSMOS 2251 DEBRIS #644
1 34444U 20001A   26236.50000000  .00001000  00000+0  10000-4 0  9991
2 34444  74.5331 303.0455 0387834 193.9025  94.7645 13.48000334000018
COSMOS 2251 DEBRIS #645
1 34445U 20001A   26236.50000000  .00001000  00000+0  10000-4 0  9992
2 34445  75.9317  27.5265 0043175 182.5842  11.2299 13.23726059000014
COSMOS 2251 DEBRIS #646
1 34446U 20001A   26236.50000000  .00001000  00000+0  10000-4 0  9993
2 34446  74.4095 145.8484 0269615 198.5738 195.6490 15.01260715000019
COSMOS 2251 DEBRIS #647
1 34447U 20001A   26236.50000000  .00001000  00000+0  10000-4 0  9994
2 34447  76.4936 169.9574 0351086  80.3904 277.9721 13.93163726000014
COSMOS 2251 DEBRIS #648
1 34448U 20001A   26236.50000000  .00001000  00000+0  10000-4 0  9995
2 34448  75.1661 104.7597 0214468 142.8427 180.7802 14.22082399000014
COSMOS 2251 DEBRIS #649
1 34449U 20001A   26236.50000000  .00001000  00000+0  10000-4 0  9996
2 34449  74.8134 305.2735 0364877  59.7037 185.0892 14.42807195000019
COSMOS 2251 DEBRIS #650
1 34450U 20001A   26236.50000000  .00001000  00000+0  10000-4 0  9998
2 34450  73.7311  64.4923 0427433 348.3848 264.9311 14.51882661000018
COSMOS 2251 DEBRIS #651
1 34451U 20001A   26236.50000000  .00001000  00000+0  10000-4 0  9999
2 34451  73.9175 129.1664 0106280  22.6300 132.9967 14.17528430000013
COSMOS 2251 DEBRIS #652
1 34452U 20001A   26236.50000000  .00001000  00000+0  10000-4 0  9990
2 34452  71.7140  74.4387 0409399 169.0827 163.6716 13.92250273000015
COSMOS 2251 DEBRIS #653
1 34453U 20001A   26236.50000000  .00001000  00000+0  10000-4 0  9991
2 34453  71.7322 353.0123 0152591 187.6942 298.6730 14.60747251000013
COSMOS 2251 DEBRIS #654
1 34454U 20001A   26236.50000000  .00001000  00000+0  10000-4 0  9992
2 34454  75.6744  94.7938 0249514 235.3231 131.5068 13.54769963000017
COSMOS 2251 DEBRIS #655
1 34455U 20001A   26236.50000000  .00001000  00000+0  10000-4 0  9993
2 34455  74.7667 300.7689 0237331 326.6073 185.8938 13.95265756000011
COSMOS 2251 DEBRIS #656
1 34456U 20001A   26236.50000000  .00001000  00000+0  10000-4 0  9994
2 34456  73.2645 312.3790 0224219 217.5160 180.6613 14.16422018000013
COSMOS 2251 DEBRIS #657
1 34457U 20001A   26236.50000000  .00001000  00000+0  10000-4 0  9995
2 34457  72.1948  59.6181 0043918  76.1462  67.2860 14.48695400000018
COSMOS 2251 DEBRIS #658
1 34458U 20001A   26236.50000000  .00001000  00000+0  10000-4 0  9996
2 34458  73.3111 258.2290 0062065 292.0221 259.2920 13.66069267000013
COSMOS 2251 DEBRIS #659
1 34459U 20001A   26236.50000000  .00001000  00000+0  10000-4 0  9997
2 34459  73.9076 172.3733 0102709 300.0114   8.0806 13.52249252000011
COSMOS 2251 DEBRIS #660
1 34460U 20001A   26236.50000000  .00001000  00000+0  10000-4 0  9999
2 34460  71.7157 206.4551 0080896  14.1087 206.0169 14.45908085000011
COSMOS 2251 DEBRIS #661
1 34461U 20001A   26236.50000000  .00001000  00000+0  10000-4 0  9990
2 34461  71.7796  92.9735 0089216 215.7687 202.8977 15.11647667000014
COSMOS 2251 DEBRIS #662
1 34462U 20001A   26236.50000000  .00001000  00000+0  10000-4 0  9991
2 34462  71.5931 259.0370 0301167  30.8695 161.7132 13.76690925000012
COSMOS 2251 DEBRIS #663
1 34463U 20001A   26236.50000000  .00001000  00000+0  10000-4 0  9992
2 34463  76.4639 312.2289 0085049 216.3019 286.0618 14.86072715000015
COSMOS 2251 DEBRIS #664
1 34464U 20001A   26236.50000000  .00001000  00000+0  10000-4 0  9993
2 34464  75.6023  65.4783 0300245 260.7072 123.3617 13.72904140000012
COSMOS 2251 DEBRIS #665
1 34465U 20001A   26236.50000000  .00001000  00000+0  10000-4 0  9994
2 34465  73.7674 212.6146 0111118  39.0852  72.8455 13.97092377000010
COSMOS 2251 DEBRIS #666
1 34466U 20001A   26236.50000000  .00001000  00000+0  10000-4 0  9995
2 34466  75.7980 181.5694 0194709  34.6675 171.3129 13.49912239000014
COSMOS 2251 DEBRIS #667
1 34467U 20001A   26236.50000000  .00001000  00000+0  10000-4 0  9996
2 34467  74.5737  14.0532 0354902  42.3059 173.6067 14.20665842000019
COSMOS 2251 DEBRIS #668
1 34468U 20001A   26236.50000000  .00001000  00000+0  10000-4 0  9997
2 34468  72.1516 217.2509 0374109 278.9534 233.7234 14.99393791000017
COSMOS 2251 DEBRIS #669
1 34469U 20001A   26236.50000000  .00001000  00000+0  10000-4 0  9998
2 34469  74.1102 133.3359 0029112  82.6151 288.8281 14.25963304000013
COSMOS 2251 DEBRIS #670
1 34470U 20001A   26236.50000000  .00001000  00000+0  10000-4 0  9990
2 34470  75.4478 137.2451 0269181 274.1541 250.8147 14.68278808000019
COSMOS 2251 DEBRIS #671
1 34471U 20001A   26236.50000000  .00001000  00000+0  10000-4 0  9991
2 34471  71.9886  48.1979 0219942 309.2592 101.9760 13.66502578000013
COSMOS 2251 DEBRIS #672
1 34472U 20001A   26236.50000000  .00001000  00000+0  10000-4 0  9992
2 34472  75.8838 147.1128 0093169 284.1921 208.0754 14.61829767000018
COSMOS 2251 DEBRIS #673
1 34473U 20001A   26236.50000000  .00001000  00000+0  10000-4 0  9993
2 34473  72.0891   2.5899 0298000 113.7246 130.4171 14.57553347000018
COSMOS 2251 DEBRIS #674
1 34474U 20001A   26236.50000000  .00001000  00000+0  10000-4 0  9994
2 34474  72.2739 234.5673 0121598 152.4822 131.6319 14.90995385000012
COSMOS 2251 DEBRIS #675
1 34475U 20001A   26236.50000000  .00001000  00000+0  10000-4 0  9995
2 34475  72.8778 245.0181 0342187 282.1638 173.6884 14.02645632000011
COSMOS 2251 DEBRIS #676
1 34476U 20001A   26236.50000000  .00001000  00000+0  10000-4 0  9996
2 34476  73.3511 199.7681 0121662 123.9683 253.9781 13.81330617000016
COSMOS 2251 DEBRIS #677
1 34477U 20001A   26236.50000000  .00001000  00000+0  10000-4 0  9997
2 34477  75.1789 307.7996 0300084 160.7742 251.7521 14.69562839000014
COSMOS 2251 DEBRIS #678
1 34478U 20001A   26236.50000000  .00001000  00000+0  10000-4 0  9998
2 34478  72.3090  77.2049 0186246 198.2074 250.9407 13.87687569000014
COSMOS 2251 DEBRIS #679
1 34479U 20001A   26236.50000000  .00001000  00000+0  10000-4 0  9999
2 34479  75.0339  57.8657 0434410  32.7919  52.3182 13.21058127000013
COSMOS 2251 DEBRIS #680
1 34480U 20001A   26236.50000000  .00001000  00000+0  10000-4 0  9991
2 34480  76.1293 156.7359 0038195  28.8143  13.5919 13.64354049000015
COSMOS 2251 DEBRIS #681
1 34481U 20001A   26236.50000000  .00001000  00000+0  10000-4 0  9992
2 34481  73.4216 354.4013 0280144 256.1781 215.0901 14.24201109000017
COSMOS 2251 DEBRIS #682
1 34482U 20001A   26236.50000000  .00001000  00000+0  10000-4 0  9993
2 34482  76.2286 295.2823 0291728  72.6146 236.4783 14.07794410000011
COSMOS 2251 DEBRIS #683
1 34483U 20001A   26236.50000000  .00001000  00000+0  10000-4 0  9994
2 34483  75.5195 102.9623 0024788 185.6929  83.4016 14.39902983000019
COSMOS 2251 DEBRIS #684
1 34484U 20001A   26236.50000000  .00001000  00000+0  10000-4 0  9995
2 34484  72.3474  12.9820 0115272  56.6801 358.8542 13.20057454000015
COSMOS 2251 DEBRIS #685
1 34485U 20001A   26236.50000000  .00001000  00000+0  10000-4 0  9996
2 34485  75.3984 127.1260 0183862 186.3874 265.2932 14.37216033000016
COSMOS 2251 DEBRIS #686
1 34486U 20001A   26236.50000000  .00001000  00000+0  10000-4 0  9997
2 34486  71.8431  32.4597 0135177 329.4032 125.3143 14.85952960000017
COSMOS 2251 DEBRIS #687
1 34487U 20001A   26236.50000000  .00001000  00000+0  10000-4 0  9998
2 34487  76.3164  99.5428 0276799 334.6970 206.9664 13.58905039000011
COSMOS 2251 DEBRIS #688
1 34488U 20001A   26236.50000000  .00001000  00000+0  10000-4 0  9999
2 34488  72.8055 146.5685 0056844 105.9307 340.9256 13.34477194000016
COSMOS 2251 DEBRIS #689
1 34489U 20001A   26236.50000000  .00001000  00000+0  10000-4 0  9990
2 34489  75.5147 344.4154 0395489 206.9618 249.9091 14.82629470000012
COSMOS 2251 DEBRIS #690
1 34490U 20001A   26236.50000000  .00001000  00000+0  10000-4 0  9992
2 34490  76.3303 202.7407 0348785 346.0459 165.1854 14.71494657000011
COSMOS 2251 DEBRIS #691
1 34491U 20001A   26236.50000000  .00001000  00000+0  10000-4 0  9993
2 34491  73.8036 211.2575 0022034  24.3195 228.1182 13.43253660000016
COSMOS 2251 DEBRIS #692
1 34492U 20001A   26236.50000000  .00001000  00000+0  10000-4 0  9994
2 34492  76.4710 243.6887 0111169 343.9604 185.9415 13.83146139000018
COSMOS 2251 DEBRIS #693
1 34493U 20001A   26236.50000000  .00001000  00000+0  10000-4 0  9995
2 34493  71.5486 299.5837 0119233 242.5313 295.5869 13.38601886000017
COSMOS 2251 DEBRIS #694
1 34494U 20001A   26236.50000000  .00001000  00000+0  10000-4 0  9996
2 34494  71.8801 335.3026 0219684 321.9539  96.8673 13.90707585000010
COSMOS 2251 DEBRIS #695
1 34495U 20001A   26236.50000000  .00001000  00000+0  10000-4 0  9997
2 34495  76.2356 245.9186 0410368  71.8800 264.7545 14.19799868000013
COSMOS 2251 DEBRIS #696
1 34496U 20001A   26236.50000000  .00001000  00000+0  10000-4 0  9998
2 34496  75.8637  74.4403 0099217 222.6949  56.1584 13.69939087000013
COSMOS 2251 DEBRIS #697
1 34497U 20001A   26236.50000000  .00001000  00000+0  10000-4 0  9999
2 34497  72.0334 331.2677 0307357 220.9777 275.1279 14.52684816000015
COSMOS 2251 DEBRIS #698
1 34498U 20001A   26236.50000000  .00001000  00000+0  10000-4 0  9990
2 34498  74.2074  15.2147 0222208 177.2425 354.7301 14.44133495000010
COSMOS 2251 DEBRIS #699
1 34499U 20001A   26236.50000000  .00001000  00000+0  10000-4 0  9991
2 34499  75.9850 312.7568 0225954 329.7625 100.8960 15.16878937000018
COSMOS 2251 DEBRIS #700
1 34500U 20001A   26236.50000000  .00001000  00000+0  10000-4 0  9994
2 34500  72.6105 207.5995 0033825 172.1952 194.6765 14.79853984000017
COSMOS 2251 DEBRIS #701
1 34501U 20001A   26236.50000000  .00001000  00000+0  10000-4 0  9995
2 34501  74.0124 141.7381 0311989 351.5426 251.3680 13.54960072000018
COSMOS 2251 DEBRIS #702
1 34502U 20001A   26236.50000000  .00001000  00000+0  10000-4 0  9996
2 34502  73.8004 248.1158 0015200 209.1630 117.1570 13.62150477000015
COSMOS 2251 DEBRIS #703
1 34503U 20001A   26236.50000000  .00001000  00000+0  10000-4 0  9997
2 34503  74.5639  93.4923 0251367 169.6843 220.7103 13.67427831000010
COSMOS 2251 DEBRIS #704
1 34504U 20001A   26236.50000000  .00001000  00000+0  10000-4 0  9998
2 34504  73.3296 179.5572 0102634 134.0315 307.5574 14.60142525000019
COSMOS 2251 DEBRIS #705
1 34505U 20001A   26236.50000000  .00001000  00000+0  10000-4 0  9999
2 34505  72.8981  64.7601 0067701  82.2840  35.9531 14.35178546000014
COSMOS 2251 DEBRIS #706
1 34506U 20001A   26236.50000000  .00001000  00000+0  10000-4 0  9990
2 34506  72.8497  84.8899 0200176  52.5037 345.2933 13.96176676000013
COSMOS 2251 DEBRIS #707
1 34507U 20001A   26236.50000000  .00001000  00000+0  10000-4 0  9991
2 34507  72.2477 290.0406 0087707 358.4022 305.7804 14.19919565000012
COSMOS 2251 DEBRIS #708
1 34508U 20001A   26236.50000000  .00001000  00000+0  10000-4 0  9992
2 34508  74.0850 259.4017 0355546 202.3698 204.4204 13.80006836000014
COSMOS 2251 DEBRIS #709
1 34509U 20001A   26236.50000000  .00001000  00000+0  10000-4 0  9993
2 34509  73.4920 248.5955 0036416 171.5542 226.7504 14.82763614000010
COSMOS 2251 DEBRIS #710
1 34510U 20001A   26236.50000000  .00001000  00000+0  10000-4 0  9995
2 34510  73.7493 120.4764 0168823 335.4640  92.7773 14.32070007000015
COSMOS 2251 DEBRIS #711
1 34511U 20001A   26236.50000000  .00001000  00000+0  10000-4 0  9996
2 34511  71.5992  43.6455 0391642  71.6249 207.3220 15.12623312000013
COSMOS 2251 DEBRIS #712
1 34512U 20001A   26236.50000000  .00001000  00000+0  10000-4 0  9997
2 34512  74.7457  62.8340 0353336 242.3494 175.4977 13.91021808000019
COSMOS 2251 DEBRIS #713
1 34513U 20001A   26236.50000000  .00001000  00000+0  10000-4 0  9998
2 34513  75.1826 320.2677 0177671 227.4164  52.1454 13.77304715000019
COSMOS 2251 DEBRIS #714
1 34514U 20001A   26236.50000000  .00001000  00000+0  10000-4 0  9999
2 34514  72.3379 290.7782 0158450 205.7895 305.6043 14.46254682000018
COSMOS 2251 DEBRIS #715
1 34515U 20001A   26236.50000000  .00001000  00000+0  10000-4 0  9990
2 34515  71.8567  58.3198 0110415 104.8883  96.2901 13.83375648000018
COSMOS 2251 DEBRIS #716
1 34516U 20001A   26236.50000000  .00001000  00000+0  10000-4 0  9991
2 34516  74.7232  97.6493 0205755 130.7393 211.2911 14.92561297000018
COSMOS 2251 DEBRIS #717
1 34517U 20001A   26236.50000000  .00001000  00000+0  10000-4 0  9992
2 34517  76.3276 149.0361 0090909 261.9981 238.3281 13.24620218000017
COSMOS 2251 DEBRIS #718
1 34518U 20001A   26236.50000000  .00001000  00000+0  10000-4 0  9993
2 34518  76.2022 252.2509 0045228  37.0834  22.9653 13.53382093000018
COSMOS 2251 DEBRIS #719
1 34519U 20001A   26236.50000000  .00001000  00000+0  10000-4 0  9994
2 34519  75.8935 197.4361 0021600 275.3987  29.9704 13.99402504000011
COSMOS 2251 DEBRIS #720
1 34520U 20001A   26236.50000000  .00001000  00000+0  10000-4 0  9996
2 34520  72.8123  55.8988 0298126 111.3734  89.0627 14.97094263000018
COSMOS 2251 DEBRIS #721
1 34521U 20001A   26236.50000000  .00001000  00000+0  10000-4 0  9997
2 34521  72.9209 225.5330 0067761  10.2857 238.8777 14.87703556000015
COSMOS 2251 DEBRIS #722
1 34522U 20001A   26236.50000000  .00001000  00000+0  10000-4 0  9998
2 34522  75.8018 117.0725 0219508 194.6103  98.0692 15.14996309000011
COSMOS 2251 DEBRIS #723
1 34523U 20001A   26236.50000000  .00001000  00000+0  10000-4 0  9999
2 34523  73.7242 349.0352 0316954 215.1303 227.1771 13.55407328000019
COSMOS 2251 DEBRIS #724
1 34524U 20001A   26236.50000000  .00001000  00000+0  10000-4 0  9990
2 34524  74.6793 203.0344 0240322 111.4781 124.9806 14.47905650000010
COSMOS 2251 DEBRIS #725
1 34525U 20001A   26236.50000000  .00001000  00000+0  10000-4 0  9991
2 34525  74.1983 289.6948 0204418  93.5305 109.2862 13.93156664000016
COSMOS 2251 DEBRIS #726
1 34526U 20001A   26236.50000000  .00001000  00000+0  10000-4 0  9992
2 34526  71.5005 293.5367 0383096 168.9113   2.9942 13.88776983000010
COSMOS 2251 DEBRIS #727
1 34527U 20001A   26236.50000000  .00001000  00000+0  10000-4 0  9993
2 34527  76.1104 340.9047 0219909 154.9567 105.4521 13.21826520000015
COSMOS 2251 DEBRIS #728
1 34528U 20001A   26236.50000000  .00001000  00000+0  10000-4 0  9994
2 34528  72.6561   2.5985 0174403 201.7996 142.1107 14.02347174000013
COSMOS 2251 DEBRIS #729
1 34529U 20001A   26236.50000000  .00001000  00000+0  10000-4 0  9995
2 34529  72.3163 265.3624 0181478  94.6729 152.0062 13.95671612000019
COSMOS 2251 DEBRIS #730
1 34530U 20001A   26236.50000000  .00001000  00000+0  10000-4 0  9997
2 34530  72.6978 275.2338 0410379 246.4705 102.4837 14.81514988000013
COSMOS 2251 DEBRIS #731
1 34531U 20001A   26236.50000000  .00001000  00000+0  10000-4 0  9998
2 34531  75.2146 291.1711 0191677  65.6666 104.2543 14.90696405000015
COSMOS 2251 DEBRIS #732
1 34532U 20001A   26236.50000000  .00001000  00000+0  10000-4 0  9999
2 34532  74.6845 222.3826 0129739  67.6042   6.9823 14.44550756000014
COSMOS 2251 DEBRIS #733
1 34533U 20001A   26236.50000000  .00001000  00000+0  10000-4 0  9990
2 34533  71.7482 192.5895 0091812  96.9102 257.4705 13.40454698000011
COSMOS 2251 DEBRIS #734
1 34534U 20001A   26236.50000000  .00001000  00000+0  10000-4 0  9991
2 34534  75.1355  83.8118 0076300 123.0886 112.1676 14.18715911000013
COSMOS 2251 DEBRIS #735
1 34535U 20001A   26236.50000000  .00001000  00000+0  10000-4 0  9992
2 34535  75.4973 359.2668 0214021 118.8895 303.6767 14.78284943000019
COSMOS 2251 DEBRIS #736
1 34536U 20001A   26236.50000000  .00001000  00000+0  10000-4 0  9993
2 34536  76.2582  20.1738 0351287 169.2528  69.1892 13.34276939000016
COSMOS 2251 DEBRIS #737
1 34537U 20001A   26236.50000000  .00001000  00000+0  10000-4 0  9994
2 34537  75.7077 294.2103 0374430 276.5324  89.6264 13.44392311000015
COSMOS 2251 DEBRIS #738
1 34538U 20001A   26236.50000000  .00001000  00000+0  10000-4 0  9995
2 34538  75.3561 159.4659 0334552 165.9005 277.5585 13.26702058000013
COSMOS 2251 DEBRIS #739
1 34539U 20001A   26236.50000000  .00001000  00000+0  10000-4 0  9996
2 34539  74.1057 353.5617 0218043 112.3594 116.3027 14.56288464000012
COSMOS 2251 DEBRIS #740
1 34540U 20001A   26236.50000000  .00001000  00000+0  10000-4 0  9998
2 34540  74.6458  15.1869 0422465  91.1926 229.8672 14.24185251000013
COSMOS 2251 DEBRIS #741
1 34541U 20001A   26236.50000000  .00001000  00000+0  10000-4 0  9999
2 34541  72.4936 319.5070 0390009  40.6542 227.8472 13.63557650000011
COSMOS 2251 DEBRIS #742
1 34542U 20001A   26236.50000000  .00001000  00000+0  10000-4 0  9990
2 34542  73.1226  60.2497 0131484 284.0918   3.2147 13.43929918000019
COSMOS 2251 DEBRIS #743
1 34543U 20001A   26236.50000000  .00001000  00000+0  10000-4 0  9991
2 34543  71.7100 282.0511 0219119 133.7035  32.2128 14.39242457000011
COSMOS 2251 DEBRIS #744
1 34544U 20001A   26236.50000000  .00001000  00000+0  10000-4 0  9992
2 34544  72.2885  32.9046 0282203 358.9103 225.0476 15.06169757000018
COSMOS 2251 DEBRIS #745
1 34545U 20001A   26236.50000000  .00001000  00000+0  10000-4 0  9993
2 34545  71.7989 232.0470 0318584  45.2979  83.7629 14.78293249000012
COSMOS 2251 DEBRIS #746
1 34546U 20001A   26236.50000000  .00001000  00000+0  10000-4 0  9994
2 34546  76.4084 283.8823 0342946 157.9388  69.4675 14.81105075000016
COSMOS 2251 DEBRIS #747
1 34547U 20001A   26236.50000000  .00001000  00000+0  10000-4 0  9995
2 34547  74.9462 128.9403 0069282 174.7088 157.5000 14.99732609000015
COSMOS 2251 DEBRIS #748
1 34548U 20001A   26236.50000000  .00001000  00000+0  10000-4 0  9996
2 34548  72.9736 250.9336 0093501 125.1593 263.6649 13.57325346000018
COSMOS 2251 DEBRIS #749
1 34549U 20001A   26236.50000000  .00001000  00000+0  10000-4 0  9997
2 34549  72.8766 299.2859 0412368  24.7956  55.8092 14.30904062000013
COSMOS 2251 DEBRIS #750
1 34550U 20001A   26236.50000000  .00001000  00000+0  10000-4 0  9999
2 34550  72.9784  94.8057 0171529 229.6894 136.4557 13.20143966000011
COSMOS 2251 DEBRIS #751
1 34551U 20001A   26236.50000000  .00001000  00000+0  10000-4 0  9990
2 34551  72.4277   6.7391 0387004  85.9632 259.5613 14.75203314000012
COSMOS 2251 DEBRIS #752
1 34552U 20001A   26236.50000000  .00001000  00000+0  10000-4 0  9991
2 34552  74.7914 194.0243 0180495 179.1177 198.5284 14.24813954000015
COSMOS 2251 DEBRIS #753
1 34553U 20001A   26236.50000000  .00001000  00000+0  10000-4 0  9992
2 34553  74.5652 116.1360 0291997 188.3522  24.0047 13.42092827000011
COSMOS 2251 DEBRIS #754
1 34554U 20001A   26236.50000000  .00001000  00000+0  10000-4 0  9993
2 34554  75.6760  46.7187 0394336 174.7333  35.5513 13.60415806000010
COSMOS 2251 DEBRIS #755
1 34555U 20001A   26236.50000000  .00001000  00000+0  10000-4 0  9994
2 34555  74.3551 301.0678 0299485 252.4730  92.1379 14.25164273000011
COSMOS 2251 DEBRIS #756
1 34556U 20001A   26236.50000000  .00001000  00000+0  10000-4 0  9995
2 34556  73.3318 218.1433 0041184  75.1457 176.9060 15.06042207000016
COSMOS 2251 DEBRIS #757
1 34557U 20001A   26236.50000000  .00001000  00000+0  10000-4 0  9996
2 34557  75.9488  28.7844 0362448 200.8872 337.7678 13.32140038000011
COSMOS 2251 DEBRIS #758
1 34558U 20001A   26236.50000000  .00001000  00000+0  10000-4 0  9997
2 34558  73.5798 132.8647 0321710  95.6936  14.6351 14.84728593000011
COSMOS 2251 DEBRIS #759
1 34559U 20001A   26236.50000000  .00001000  00000+0  10000-4 0  9998
2 34559  71.8519 109.4056 0425625  34.9629 261.0619 15.12117349000011
COSMOS 2251 DEBRIS #760
1 34560U 20001A   26236.50000000  .00001000  00000+0  10000-4 0  9990
2 34560  74.1583  68.2057 0241524 225.1170  64.4032 13.69752606000017
COSMOS 2251 DEBRIS #761
1 34561U 20001A   26236.50000000  .00001000  00000+0  10000-4 0  9991
2 34561  75.2460 149.4665 0056426 128.8668 165.1394 14.47724860000015
COSMOS 2251 DEBRIS #762
1 34562U 20001A   26236.50000000  .00001000  00000+0  10000-4 0  9992
2 34562  74.8262 317.8166 0083396 144.5606 121.5046 13.56079308000010
COSMOS 2251 DEBRIS #763
1 34563U 20001A   26236.50000000  .00001000  00000+0  10000-4 0  9993
2 34563  72.2909 359.4361 0204925 113.4558 356.9267 13.90464815000012
COSMOS 2251 DEBRIS #764
1 34564U 20001A   26236.50000000  .00001000  00000+0  10000-4 0  9994
2 34564  73.1233 133.8190 0346241 261.3124 219.0288 14.06117615000010
COSMOS 2251 DEBRIS #765
1 34565U 20001A   26236.50000000  .00001000  00000+0  10000-4 0  9995
2 34565  74.3157  77.0141 0346911  91.4721 346.1946 15.05229385000014
COSMOS 2251 DEBRIS #766
1 34566U 20001A   26236.50000000  .00001000  00000+0  10000-4 0  9996
2 34566  73.7375 142.9526 0329577 214.4746 186.3394 15.16591294000016
COSMOS 2251 DEBRIS #767
1 34567U 20001A   26236.50000000  .00001000  00000+0  10000-4 0  9997
2 34567  76.4671 108.6630 0142146 308.0594   7.8125 13.64377341000012
COSMOS 2251 DEBRIS #768
1 34568U 20001A   26236.50000000  .00001000  00000+0  10000-4 0  9998
2 34568  75.6097 248.2989 0131421 200.2763 333.3321 14.30732631000015
COSMOS 2251 DEBRIS #769
1 34569U 20001A   26236.50000000  .00001000  00000+0  10000-4 0  9999
2 34569  72.2736  13.5851 0166488 132.1498 209.5761 13.47681639000019
COSMOS 2251 DEBRIS #770
1 34570U 20001A   26236.50000000  .00001000  00000+0  10000-4 0  9991
2 34570  72.6650 291.9867 0050438 330.4374 264.3357 13.99959650000010
COSMOS 2251 DEBRIS #771
1 34571U 20001A   26236.50000000  .00001000  00000+0  10000-4 0  9992
2 34571  75.1179 285.4455 0086077 248.2542 207.4437 14.85141049000015
COSMOS 2251 DEBRIS #772
1 34572U 20001A   26236.50000000  .00001000  00000+0  10000-4 0  9993
2 34572  76.0383 214.2832 0142173 207.4621  28.2519 14.66157872000017
COSMOS 2251 DEBRIS #773
1 34573U 20001A   26236.50000000  .00001000  00000+0  10000-4 0  9994
2 34573  71.7796 277.5245 0163089 149.9478 312.4192 14.83428340000012
COSMOS 2251 DEBRIS #774
1 34574U 20001A   26236.50000000  .00001000  00000+0  10000-4 0  9995
2 34574  75.8489  81.6184 0297222   4.1164 279.8707 14.40460327000016
COSMOS 2251 DEBRIS #775
1 34575U 20001A   26236.50000000  .00001000  00000+0  10000-4 0  9996
2 34575  73.4124 109.7220 0028120  53.8488 180.8646 14.27985946000016
COSMOS 2251 DEBRIS #776
1 34576U 20001A   26236.50000000  .00001000  00000+0  10000-4 0  9997
2 34576  72.6040  18.1871 0331894 160.4218 214.2476 13.98576541000018
COSMOS 2251 DEBRIS #777
1 34577U 20001A   26236.50000000  .00001000  00000+0  10000-4 0  9998
2 34577  74.0236  79.9508 0137504  47.5881  29.7162 13.98864481000011
COSMOS 2251 DEBRIS #778
1 34578U 20001A   26236.50000000  .00001000  00000+0  10000-4 0  9999
2 34578  74.3572  17.7520 0185644 180.6563 278.5770 13.37015797000016
COSMOS 2251 DEBRIS #779
1 34579U 20001A   26236.50000000  .00001000  00000+0  10000-4 0  9990
2 34579  72.1519  48.5535 0256090 234.8094  70.5957 14.17572220000012
COSMOS 2251 DEBRIS #780
1 34580U 20001A   26236.50000000  .00001000  00000+0  10000-4 0  9992
2 34580  74.5800 264.8404 0118348 279.6379 116.4282 13.34328796000013
COSMOS 2251 DEBRIS #781
1 34581U 20001A   26236.50000000  .00001000  00000+0  10000-4 0  9993
2 34581  76.1207  32.2541 0305568 125.3908 115.4658 14.04708120000016
COSMOS 2251 DEBRIS #782
1 34582U 20001A   26236.50000000  .00001000  00000+0  10000-4 0  9994
2 34582  74.4694   8.7145 0144120 221.8396 356.4573 15.17530383000016
COSMOS 2251 DEBRIS #783
1 34583U 20001A   26236.50000000  .00001000  00000+0  10000-4 0  9995
2 34583  73.7111  52.4947 0029746  71.8867 134.5755 14.83634384000016
COSMOS 2251 DEBRIS #784
1 34584U 20001A   26236.50000000  .00001000  00000+0  10000-4 0  9996
2 34584  75.2887 306.9951 0059443 341.6187 333.6227 13.30907603000010
COSMOS 2251 DEBRIS #785
1 34585U 20001A   26236.50000000  .00001000  00000+0  10000-4 0  9997
2 34585  75.8438 295.2482 0016042  40.0601 162.0222 14.58759045000012
COSMOS 2251 DEBRIS #786
1 34586U 20001A   26236.50000000  .00001000  00000+0  10000-4 0  9998
2 34586  71.6137  75.2434 0246722 188.3757  93.1169 13.60760271000013
COSMOS 2251 DEBRIS #787
1 34587U 20001A   26236.50000000  .00001000  00000+0  10000-4 0  9999
2 34587  73.9151 262.7725 0072192   6.6199 209.8818 14.59751046000017
COSMOS 2251 DEBRIS #788
1 34588U 20001A   26236.50000000  .00001000  00000+0  10000-4 0  9990
2 34588  74.8176  15.6535 0084940 284.1079 222.4673 13.76802708000013
COSMOS 2251 DEBRIS #789
1 34589U 20001A   26236.50000000  .00001000  00000+0  10000-4 0  9991
2 34589  71.7654 235.7128 0013667  97.6717 306.7499 13.97729029000017
COSMOS 2251 DEBRIS #790
1 34590U 20001A   26236.50000000  .00001000  00000+0  10000-4 0  9993
2 34590  74.8005 311.1416 0018394 233.7880  83.2207 14.93482089000011
COSMOS 2251 DEBRIS #791
1 34591U 20001A   26236.50000000  .00001000  00000+0  10000-4 0  9994
2 34591  73.4035 351.5803 0053825 312.0382 191.3618 13.83091194000012
COSMOS 2251 DEBRIS #792
1 34592U 20001A   26236.50000000  .00001000  00000+0  10000-4 0  9995
2 34592  72.4321 180.2343 0211513   7.7358  89.0612 15.05269995000016
COSMOS 2251 DEBRIS #793
1 34593U 20001A   26236.50000000  .00001000  00000+0  10000-4 0  9996
2 34593  74.1471 120.0851 0183095 124.8408 126.6887 13.51401050000019
COSMOS 2251 DEBRIS #794
1 34594U 20001A   26236.50000000  .00001000  00000+0  10000-4 0  9997
2 34594  74.6262  85.0337 0440427 292.2814 225.2853 14.20250292000014
COSMOS 2251 DEBRIS #795
1 34595U 20001A   26236.50000000  .00001000  00000+0  10000-4 0  9998
2 34595  75.8934 320.5448 0368537 199.7782 100.8698 13.25893180000018
COSMOS 2251 DEBRIS #796
1 34596U 20001A   26236.50000000  .00001000  00000+0  10000-4 0  9999
2 34596  72.2585 322.9831 0299049 137.5946 345.8180 13.37559003000010
COSMOS 2251 DEBRIS #797
1 34597U 20001A   26236.50000000  .00001000  00000+0  10000-4 0  9990
2 34597  74.5622 225.1889 0110068  54.9897 349.3934 13.68072162000011
COSMOS 2251 DEBRIS #798
1 34598U 20001A   26236.50000000  .00001000  00000+0  10000-4 0  9991
2 34598  76.0487 118.5425 0248582  49.8875 194.8874 13.61351455000015
COSMOS 2251 DEBRIS #799
1 34599U 20001A   26236.50000000  .00001000  00000+0  10000-4 0  9992
2 34599  75.5005 310.5316 0145959 188.5700  48.6909 14.61027278000010
COSMOS 2251 DEBRIS #800
1 34600U 20001A   26236.50000000  .00001000  00000+0  10000-4 0  9995
2 34600  76.4784 351.2797 0073867 330.1604 114.2986 15.06605989000014
COSMOS 2251 DEBRIS #801
1 34601U 20001A   26236.50000000  .00001000  00000+0  10000-4 0  9996
2 34601  74.2867 341.4966 0062090 316.6697 261.7486 13.83519518000017
COSMOS 2251 DEBRIS #802
1 34602U 20001A   26236.50000000  .00001000  00000+0  10000-4 0  9997
2 34602  75.3272 316.8475 0192177 159.4816 336.1567 14.02250353000015
COSMOS 2251 DEBRIS #803
1 34603U 20001A   26236.50000000  .00001000  00000+0  10000-4 0  9998
2 34603  75.9707 335.9700 0130470  38.4377  66.5087 14.75821577000017
COSMOS 2251 DEBRIS #804
1 34604U 20001A   26236.50000000  .00001000  00000+0  10000-4 0  9999
2 34604  75.3122 220.3134 0127419  83.1281  83.5857 14.33408619000017
COSMOS 2251 DEBRIS #805
1 34605U 20001A   26236.50000000  .00001000  00000+0  10000-4 0  9990
2 34605  74.9369 129.3341 0312782 180.8369 217.6962 14.15320444000011
COSMOS 2251 DEBRIS #806
1 34606U 20001A   26236.50000000  .00001000  00000+0  10000-4 0  9991
2 34606  75.0601 134.6254 0384936  49.5046  69.5735 14.18289119000016
COSMOS 2251 DEBRIS #807
1 34607U 20001A   26236.50000000  .00001000  00000+0  10000-4 0  9992
2 34607  71.6611 275.2340 0016606 148.6958 267.2520 13.73971741000015
COSMOS 2251 DEBRIS #808
1 34608U 20001A   26236.50000000  .00001000  00000+0  10000-4 0  9993
2 34608  76.4412 272.7996 0039099 354.8260 312.1664 15.05420641000019
COSMOS 2251 DEBRIS #809
1 34609U 20001A   26236.50000000  .00001000  00000+0  10000-4 0  9994
2 34609  73.9497 116.9624 0211319 145.7520  15.0575 13.69356768000011
COSMOS 2251 DEBRIS #810
1 34610U 20001A   26236.50000000  .00001000  00000+0  10000-4 0  9996
2 34610  75.1767 136.9347 0147674 267.2884 213.7701 14.42300975000015
COSMOS 2251 DEBRIS #811
1 34611U 20001A   26236.50000000  .00001000  00000+0  10000-4 0  9997
2 34611  74.1262 315.2819 0356244 162.5795 297.7236 14.24129818000014
COSMOS 2251 DEBRIS #812
1 34612U 20001A   26236.50000000  .00001000  00000+0  10000-4 0  9998
2 34612  71.7121 358.5011 0238229 264.6612 200.7723 13.99122239000016
COSMOS 2251 DEBRIS #813
1 34613U 20001A   26236.50000000  .00001000  00000+0  10000-4 0  9999
2 34613  74.0806 227.0335 0031689 143.2944 109.6395 13.78235872000010
COSMOS 2251 DEBRIS #814
1 34614U 20001A   26236.50000000  .00001000  00000+0  10000-4 0  9990
2 34614  75.6381 166.0850 0195883  19.6368 186.1091 14.42626856000014
COSMOS 2251 DEBRIS #815
1 34615U 20001A   26236.50000000  .00001000  00000+0  10000-4 0  9991
2 34615  72.2112 298.7617 0208747  40.7418 280.3432 14.64529358000018
COSMOS 2251 DEBRIS #816
1 34616U 20001A   26236.50000000  .00001000  00000+0  10000-4 0  9992
2 34616  76.1892 250.6011 0069534 162.3189  64.3963 14.02711861000010
COSMOS 2251 DEBRIS #817
1 34617U 20001A   26236.50000000  .00001000  00000+0  10000-4 0  9993
2 34617  74.4516 256.5484 0098850  90.0296 249.0183 14.10936642000014
COSMOS 2251 DEBRIS #818
1 34618U 20001A   26236.50000000  .00001000  00000+0  10000-4 0  9994
2 34618  76.0358 286.7350 0326084  41.0994 161.7834 13.44708843000017
COSMOS 2251 DEBRIS #819
1 34619U 20001A   26236.50000000  .00001000  00000+0  10000-4 0  9995
2 34619  73.3147 188.5742 0178998 184.1999 341.9114 14.78213319000011
COSMOS 2251 DEBRIS #820
1 34620U 20001A   26236.50000000  .00001000  00000+0  10000-4 0  9997
2 34620  73.3934 137.0185 0348034 203.5770 237.4309 15.02450556000019
COSMOS 2251 DEBRIS #821
1 34621U 20001A   26236.50000000  .00001000  00000+0  10000-4 0  9998
2 34621  72.2504 312.7747 0088701 151.0494 111.4266 14.62409498000016
COSMOS 2251 DEBRIS #822
1 34622U 20001A   26236.50000000  .00001000  00000+0  10000-4 0  9999
2 34622  75.3432 160.6530 0285639  47.3656  73.0266 13.43510796000012
COSMOS 2251 DEBRIS #823
1 34623U 20001A   26236.50000000  .00001000  00000+0  10000-4 0  9990
2 34623  74.6128  91.1200 0211802 195.6604   2.0702 14.91082211000017
COSMOS 2251 DEBRIS #824
1 34624U 20001A   26236.50000000  .00001000  00000+0  10000-4 0  9991
2 34624  75.9135  85.6362 0269099 147.6545  28.5858 14.15142398000013
COSMOS 2251 DEBRIS #825
1 34625U 20001A   26236.50000000  .00001000  00000+0  10000-4 0  9992
2 34625  74.5005  88.0967 0250830 200.7175 297.0909 14.43953208000017
COSMOS 2251 DEBRIS #826
1 34626U 20001A   26236.50000000  .00001000  00000+0  10000-4 0  9993
2 34626  71.7446  53.3722 0297441 307.3785 240.1188 13.27344210000016
COSMOS 2251 DEBRIS #827
1 34627U 20001A   26236.50000000  .00001000  00000+0  10000-4 0  9994
2 34627  75.6901 107.4390 0414969 150.1045  64.1694 13.29806273000017
COSMOS 2251 DEBRIS #828
1 34628U 20001A   26236.50000000  .00001000  00000+0  10000-4 0  9995
2 34628  74.8605 219.9923 0314265 283.4307  63.8709 14.38993797000012
COSMOS 2251 DEBRIS #829
1 34629U 20001A   26236.50000000  .00001000  00000+0  10000-4 0  9996
2 34629  73.7767 208.4279 0419851 107.7460 132.6850 13.38625258000017
COSMOS 2251 DEBRIS #830
1 34630U 20001A   26236.50000000  .00001000  00000+0  10000-4 0  9998
2 34630  73.3947  24.3600 0198022 105.4198  48.4365 14.30094217000018
COSMOS 2251 DEBRIS #831
1 34631U 20001A   26236.50000000  .00001000  00000+0  10000-4 0  9999
2 34631  74.9731  98.7907 0241903 250.4986 220.3393 14.24929242000015
COSMOS 2251 DEBRIS #832
1 34632U 20001A   26236.50000000  .00001000  00000+0  10000-4 0  9990
2 34632  72.0465 262.7023 0286750 174.1187 247.9155 15.17437853000011
COSMOS 2251 DEBRIS #833
1 34633U 20001A   26236.50000000  .00001000  00000+0  10000-4 0  9991
2 34633  76.1695 355.0602 0136362 113.9359 189.1408 14.41768921000013
COSMOS 2251 DEBRIS #834
1 34634U 20001A   26236.50000000  .00001000  00000+0  10000-4 0  9992
2 34634  76.4751 127.3872 0067073 187.0941 227.4687 14.32526868000017
COSMOS 2251 DEBRIS #835
1 34635U 20001A   26236.50000000  .00001000  00000+0  10000-4 0  9993
2 34635  73.9625  64.7666 0278138 352.5328   0.5691 14.61717414000015
COSMOS 2251 DEBRIS #836
1 34636U 20001A   26236.50000000  .00001000  00000+0  10000-4 0  9994
2 34636  71.6199 225.1659 0061887 287.8432 359.6353 14.89613958000010
COSMOS 2251 DEBRIS #837
1 34637U 20001A   26236.50000000  .00001000  00000+0  10000-4 0  9995
2 34637  73.5702 120.1652 0256582   4.0670  72.4274 14.47500709000015
COSMOS 2251 DEBRIS #838
1 34638U 20001A   26236.50000000  .00001000  00000+0  10000-4 0  9996
2 34638  72.9081 284.4704 0145419 116.6126   2.2073 14.21337925000011
COSMOS 2251 DEBRIS #839
1 34639U 20001A   26236.50000000  .00001000  00000+0  10000-4 0  9997
2 34639  74.9292 122.8902 0328734  10.4823  63.2265 14.43198669000015
COSMOS 2251 DEBRIS #840
1 34640U 20001A   26236.50000000  .00001000  00000+0  10000-4 0  9999
2 34640  73.1526 121.6573 0305888 287.0116 232.4348 15.03232611000016
COSMOS 2251 DEBRIS #841
1 34641U 20001A   26236.50000000  .00001000  00000+0  10000-4 0  9990
2 34641  73.9075 225.7922 0402505 120.6395 282.2361 14.27393509000010
COSMOS 2251 DEBRIS #842
1 34642U 20001A   26236.50000000  .00001000  00000+0  10000-4 0  9991
2 34642  73.5698 267.3305 0377446 260.9871 113.5810 13.79868749000011
COSMOS 2251 DEBRIS #843
1 34643U 20001A   26236.50000000  .00001000  00000+0  10000-4 0  9992
2 34643  74.1794  74.9745 0311617 319.6906 127.2944 14.79907067000013
COSMOS 2251 DEBRIS #844
1 34644U 20001A   26236.50000000  .00001000  00000+0  10000-4 0  9993
2 34644  76.3481 100.9656 0023716 225.5439 303.2661 15.16723754000011
COSMOS 2251 DEBRIS #845
1 34645U 20001A   26236.50000000  .00001000  00000+0  10000-4 0  9994
2 34645  74.3549 140.2439 0271884 270.5545 253.8958 14.92918738000010
COSMOS 2251 DEBRIS #846
1 34646U 20001A   26236.50000000  .00001000  00000+0  10000-4 0  9995
2 34646  73.0725  11.3862 0192102  85.5512 162.6863 14.19410887000017
COSMOS 2251 DEBRIS #847
1 34647U 20001A   26236.50000000  .00001000  00000+0  10000-4 0  9996
2 34647  76.2536  77.8104 0143020 282.5798 280.0045 13.42446254000018
COSMOS 2251 DEBRIS #848
1 34648U 20001A   26236.50000000  .00001000  00000+0  10000-4 0  9997
2 34648  76.0668 159.7587 0020971 180.0196  68.4762 14.16532638000019
COSMOS 2251 DEBRIS #849
1 34649U 20001A   26236.50000000  .00001000  00000+0  10000-4 0  9998
2 34649  76.1182 263.6788 0240396  51.5862 313.8476 14.75106642000013
COSMOS 2251 DEBRIS #850
1 34650U 20001A   26236.50000000  .00001000  00000+0  10000-4 0  9990
2 34650  75.6107 337.6886 0307755 260.8454 165.3726 13.46543431000018
COSMOS 2251 DEBRIS #851
1 34651U 20001A   26236.50000000  .00001000  00000+0  10000-4 0  9991
2 34651  75.0684 188.0442 0011808 247.3388 213.9435 15.06467469000017
COSMOS 2251 DEBRIS #852
1 34652U 20001A   26236.50000000  .00001000  00000+0  10000-4 0  9992
2 34652  71.9354 168.0753 0030301 237.2343 112.4931 14.24115542000013
COSMOS 2251 DEBRIS #853
1 34653U 20001A   26236.50000000  .00001000  00000+0  10000-4 0  9993
2 34653  74.3878 112.3714 0402539  69.3164  99.5938 13.84176074000016
COSMOS 2251 DEBRIS #854
1 34654U 20001A   26236.50000000  .00001000  00000+0  10000-4 0  9994
2 34654  73.0957 158.8016 0061766  98.5093   5.4924 13.49864145000014
COSMOS 2251 DEBRIS #855
1 34655U 20001A   26236.50000000  .00001000  00000+0  10000-4 0  9995
2 34655  74.6147 185.0618 0100894 114.6546  50.9605 13.90063628000016
COSMOS 2251 DEBRIS #856
1 34656U 20001A   26236.50000000  .00001000  00000+0  10000-4 0  9996
2 34656  75.0218 101.9764 0117723 220.7746 121.9460 13.34248574000011
COSMOS 2251 DEBRIS #857
1 34657U 20001A   26236.50000000  .00001000  00000+0  10000-4 0  9997
2 34657  73.7182  46.8266 0217123  38.1337  19.3680 14.55099188000016
COSMOS 2251 DEBRIS #858
1 34658U 20001A   26236.50000000  .00001000  00000+0  10000-4 0  9998
2 34658  73.6323  64.4339 0272293 301.0228 251.7716 14.38551245000010
COSMOS 2251 DEBRIS #859
1 34659U 20001A   26236.50000000  .00001000  00000+0  10000-4 0  9999
2 34659  74.5816 112.4786 0369674 241.5133 192.0546 14.62579737000012
COSMOS 2251 DEBRIS #860
1 34660U 20001A   26236.50000000  .00001000  00000+0  10000-4 0  9991
2 34660  76.3684 272.0675 0214905 292.6264 331.0881 13.46359056000013
COSMOS 2251 DEBRIS #861
1 34661U 20001A   26236.50000000  .00001000  00000+0  10000-4 0  9992
2 34661  73.8414 164.0103 0311170 167.5428  83.4099 14.62043180000013
COSMOS 2251 DEBRIS #862
1 34662U 20001A   26236.50000000  .00001000  00000+0  10000-4 0  9993
2 34662  72.6190 309.9947 0281454 141.1477 251.8613 15.02572322000014
COSMOS 2251 DEBRIS #863
1 34663U 20001A   26236.50000000  .00001000  00000+0  10000-4 0  9994
2 34663  74.8259 283.9603 0398257  10.8951 171.1204 14.10656614000019
COSMOS 2251 DEBRIS #864
1 34664U 20001A   26236.50000000  .00001000  00000+0  10000-4 0  9995
2 34664  73.2572 166.0470 0085152 217.5985  45.8618 14.73588303000018
COSMOS 2251 DEBRIS #865
1 34665U 20001A   26236.50000000  .00001000  00000+0  10000-4 0  9996
2 34665  72.0147 294.3190 0360573 233.8025 285.2751 13.85173946000010
COSMOS 2251 DEBRIS #866
1 34666U 20001A   26236.50000000  .00001000  00000+0  10000-4 0  9997
2 34666  74.1637 144.2939 0191914 197.2616 350.6010 14.44174968000018
COSMOS 2251 DEBRIS #867
1 34667U 20001A   26236.50000000  .00001000  00000+0  10000-4 0  9998
2 34667  73.4191 122.6571 0368122 282.3530 156.7273 14.38194040000018
COSMOS 2251 DEBRIS #868
1 34668U 20001A   26236.50000000  .00001000  00000+0  10000-4 0  9999
2 34668  75.4366 196.0297 0113907  28.0420 335.1108 14.52522451000014
COSMOS 2251 DEBRIS #869
1 34669U 20001A   26236.50000000  .00001000  00000+0  10000-4 0  9990
2 34669  74.3709 175.1869 0270551 199.8316 295.9283 14.12581687000016
COSMOS 2251 DEBRIS #870
1 34670U 20001A   26236.50000000  .00001000  00000+0  10000-4 0  9992
2 34670  72.3809 344.1180 0040627 293.0640 277.6836 13.41748927000011
COSMOS 2251 DEBRIS #871
1 34671U 20001A   26236.50000000  .00001000  00000+0  10000-4 0  9993
2 34671  73.3946 177.9463 0300472 294.1321 319.4142 13.38106601000014
COSMOS 2251 DEBRIS #872
1 34672U 20001A   26236.50000000  .00001000  00000+0  10000-4 0  9994
2 34672  76.0163 229.0078 0010081  53.7179 191.2521 13.49345071000016
COSMOS 2251 DEBRIS #873
1 34673U 20001A   26236.50000000  .00001000  00000+0  10000-4 0  9995
2 34673  73.4499 208.0553 0096093 113.9752 205.2995 14.56303358000010
COSMOS 2251 DEBRIS #874
1 34674U 20001A   26236.50000000  .00001000  00000+0  10000-4 0  9996
2 34674  76.0660 109.6380 0425066 353.7289 123.9353 14.06945407000015
COSMOS 2251 DEBRIS #875
1 34675U 20001A   26236.50000000  .00001000  00000+0  10000-4 0  9997
2 34675  71.9464   2.9229 0444025  45.9201 105.9065 14.00839483000019
COSMOS 2251 DEBRIS #876
1 34676U 20001A   26236.50000000  .00001000  00000+0  10000-4 0  9998
2 34676  73.3461 197.5986 0033376 295.4712 129.3281 14.60670825000015
COSMOS 2251 DEBRIS #877
1 34677U 20001A   26236.50000000  .00001000  00000+0  10000-4 0  9999
2 34677  75.8062 311.6447 0113506 141.9366 114.5258 14.60444376000015
COSMOS 2251 DEBRIS #878
1 34678U 20001A   26236.50000000  .00001000  00000+0  10000-4 0  9990
2 34678  73.4139 137.3634 0249852 170.9537  67.7617 14.52497512000011
COSMOS 2251 DEBRIS #879
1 34679U 20001A   26236.50000000  .00001000  00000+0  10000-4 0  9991
2 34679  73.4230 332.8135 0379583 359.0842 241.2238 13.50853458000016
COSMOS 2251 DEBRIS #880
1 34680U 20001A   26236.50000000  .00001000  00000+0  10000-4 0  9993
2 34680  72.1714  25.8286 0016911 175.2125 157.2246 14.64267846000013
COSMOS 2251 DEBRIS #881
1 34681U 20001A   26236.50000000  .00001000  00000+0  10000-4 0  9994
2 34681  76.4511  30.4788 0292586 164.1703 284.0142 14.03171093000013
COSMOS 2251 DEBRIS #882
1 34682U 20001A   26236.50000000  .00001000  00000+0  10000-4 0  9995
2 34682  74.5221 153.2535 0089110 198.7380 162.0165 14.21882983000013
COSMOS 2251 DEBRIS #883
1 34683U 20001A   26236.50000000  .00001000  00000+0  10000-4 0  9996
2 34683  73.2765  66.8848 0276012 304.8494  85.2300 14.35587700000015
COSMOS 2251 DEBRIS #884
1 34684U 20001A   26236.50000000  .00001000  00000+0  10000-4 0  9997
2 34684  74.0086 147.9016 0250313 352.1640 204.5338 13.93394005000018
COSMOS 2251 DEBRIS #885
1 34685U 20001A   26236.50000000  .00001000  00000+0  10000-4 0  9998
2 34685  75.0244  40.7392 0221874  51.1515 263.2655 14.58099453000015
COSMOS 2251 DEBRIS #886
1 34686U 20001A   26236.50000000  .00001000  00000+0  10000-4 0  9999
2 34686  76.4179 354.1206 0352702  28.1645 320.3696 14.12987265000014
COSMOS 2251 DEBRIS #887
1 34687U 20001A   26236.50000000  .00001000  00000+0  10000-4 0  9990
2 34687  71.9422 170.0826 0336341  28.1095 228.1276 15.12082209000013
COSMOS 2251 DEBRIS #888
1 34688U 20001A   26236.50000000  .00001000  00000+0  10000-4 0  9991
2 34688  75.4905 112.4999 0033220 280.2698 168.7928 13.88709234000018
COSMOS 2251 DEBRIS #889
1 34689U 20001A   26236.50000000  .00001000  00000+0  10000-4 0  9992
2 34689  74.0633 168.9237 0332878 345.8093 287.3604 14.04203221000014
COSMOS 2251 DEBRIS #890
1 34690U 20001A   26236.50000000  .00001000  00000+0  10000-4 0  9994
2 34690  72.9460  12.7174 0416060 261.7098 202.9343 14.69885056000010
COSMOS 2251 DEBRIS #891
1 34691U 20001A   26236.50000000  .00001000  00000+0  10000-4 0  9995
2 34691  71.8071 170.3378 0084394 356.5313 291.2025 13.30323977000012
COSMOS 2251 DEBRIS #892
1 34692U 20001A   26236.50000000  .00001000  00000+0  10000-4 0  9996
2 34692  74.6216 103.2536 0046304 306.5203 100.0256 14.21119222000018
COSMOS 2251 DEBRIS #893
1 34693U 20001A   26236.50000000  .00001000  00000+0  10000-4 0  9997
2 34693  72.1627 101.1499 0387457  40.1578  62.8610 13.22840602000018
COSMOS 2251 DEBRIS #894
1 34694U 20001A   26236.50000000  .00001000  00000+0  10000-4 0  9998
2 34694  74.4589  54.4088 0206527  94.0509 252.2790 14.81568138000016
COSMOS 2251 DEBRIS #895
1 34695U 20001A   26236.50000000  .00001000  00000+0  10000-4 0  9999
2 34695  73.9246 287.7739 0389286  30.3845  52.2253 13.88569599000015
COSMOS 2251 DEBRIS #896
1 34696U 20001A   26236.50000000  .00001000  00000+0  10000-4 0  9990
2 34696  76.1697  55.4941 0228217 277.3324  85.6611 15.18717115000019
COSMOS 2251 DEBRIS #897
1 34697U 20001A   26236.50000000  .00001000  00000+0  10000-4 0  9991
2 34697  73.7009 229.5269 0102776 124.2273 231.2140 14.66872222000010
COSMOS 2251 DEBRIS #898
1 34698U 20001A   26236.50000000  .00001000  00000+0  10000-4 0  9992
2 34698  75.2774  41.7580 0083744 108.4922 268.6142 13.99748961000018
COSMOS 2251 DEBRIS #899
1 34699U 20001A   26236.50000000  .00001000  00000+0  10000-4 0  9993
2 34699  75.2621 191.7075 0177112 170.8522  52.2539 14.61121561000015
COSMOS 2251 DEBRIS #900
1 34700U 20001A   26236.50000000  .00001000  00000+0  10000-4 0  9996
2 34700  75.8514   4.2707 0417977 244.2576 346.2346 14.09764125000019
COSMOS 2251 DEBRIS #901
1 34701U 20001A   26236.50000000  .00001000  00000+0  10000-4 0  9997
2 34701  74.9144  14.7663 0413793 344.2261 155.4429 14.47484830000016
COSMOS 2251 DEBRIS #902
1 34702U 20001A   26236.50000000  .00001000  00000+0  10000-4 0  9998
2 34702  76.0902 309.0080 0157385  35.3796 235.5636 13.73417563000015
COSMOS 2251 DEBRIS #903
1 34703U 20001A   26236.50000000  .00001000  00000+0  10000-4 0  9999
2 34703  73.4558 278.3344 0339600 211.9407  70.1732 14.66862691000017
COSMOS 2251 DEBRIS #904
1 34704U 20001A   26236.50000000  .00001000  00000+0  10000-4 0  9990
2 34704  73.1870 248.5002 0089163 242.2087 299.4082 14.29522511000016
COSMOS 2251 DEBRIS #905
1 34705U 20001A   26236.50000000  .00001000  00000+0  10000-4 0  9991
2 34705  71.5598  35.1716 0055719  78.9899 101.9869 14.09188441000011
COSMOS 2251 DEBRIS #906
1 34706U 20001A   26236.50000000  .00001000  00000+0  10000-4 0  9992
2 34706  72.4654   8.5322 0050454 236.3780 300.7653 15.07701094000016
COSMOS 2251 DEBRIS #907
1 34707U 20001A   26236.50000000  .00001000  00000+0  10000-4 0  9993
2 34707  76.2524 229.7098 0321553 308.3187  46.7666 13.43995422000013
COSMOS 2251 DEBRIS #908
1 34708U 20001A   26236.50000000  .00001000  00000+0  10000-4 0  9994
2 34708  74.7820 323.9630 0259070 322.5606 250.4353 15.13433102000011
COSMOS 2251 DEBRIS #909
1 34709U 20001A   26236.50000000  .00001000  00000+0  10000-4 0  9995
2 34709  72.7667 168.1040 0421920 332.1703  99.4981 14.47756102000015
COSMOS 2251 DEBRIS #910
1 34710U 20001A   26236.50000000  .00001000  00000+0  10000-4 0  9997
2 34710  73.6349 325.2209 0348747  58.3078  26.6389 13.84680826000017
COSMOS 2251 DEBRIS #911
1 34711U 20001A   26236.50000000  .00001000  00000+0  10000-4 0  9998
2 34711  75.3855 137.8076 0156368 344.0181  95.2793 13.32011730000010
COSMOS 2251 DEBRIS #912
1 34712U 20001A   26236.50000000  .00001000  00000+0  10000-4 0  9999
2 34712  73.7029 177.0198 0418577  64.2392 177.1406 14.42060377000019
COSMOS 2251 DEBRIS #913
1 34713U 20001A   26236.50000000  .00001000  00000+0  10000-4 0  9990
2 34713  72.2194 276.7346 0106090 328.5393 257.5441 14.48667633000016
COSMOS 2251 DEBRIS #914
1 34714U 20001A   26236.50000000  .00001000  00000+0  10000-4 0  9991
2 34714  72.0164  26.2510 0261391 160.5175 322.7445 13.70119270000013
COSMOS 2251 DEBRIS #915
1 34715U 20001A   26236.50000000  .00001000  00000+0  10000-4 0  9992
2 34715  72.2443 230.5207 0420473  95.9171 252.0199 14.52921167000012
COSMOS 2251 DEBRIS #916
1 34716U 20001A   26236.50000000  .00001000  00000+0  10000-4 0  9993
2 34716  76.0231 206.8705 0236768 176.6446 156.9808 15.07982215000014
COSMOS 2251 DEBRIS #917
1 34717U 20001A   26236.50000000  .00001000  00000+0  10000-4 0  9994
2 34717  75.7202 281.1373 0355567   1.1906 343.4959 14.28025743000014
COSMOS 2251 DEBRIS #918
1 34718U 20001A   26236.50000000  .00001000  00000+0  10000-4 0  9995
2 34718  75.5899 173.5439 0259587 129.2106 245.4609 15.07008438000014
COSMOS 2251 DEBRIS #919
1 34719U 20001A   26236.50000000  .00001000  00000+0  10000-4 0  9996
2 34719  73.5031 227.6181 0431882 192.4655 345.9332 13.38133395000019
COSMOS 2251 DEBRIS #920
1 34720U 20001A   26236.50000000  .00001000  00000+0  10000-4 0  9998
2 34720  71.9023 165.4702 0347263  63.5826  14.1592 14.49558514000019
COSMOS 2251 DEBRIS #921
1 34721U 20001A   26236.50000000  .00001000  00000+0  10000-4 0  9999
2 34721  73.4208  68.7611 0316188 227.0221 129.3340 14.99292140000019
COSMOS 2251 DEBRIS #922
1 34722U 20001A   26236.50000000  .00001000  00000+0  10000-4 0  9990
2 34722  71.9243 227.8049 0333542  69.5134 259.1061 13.47988590000015
COSMOS 2251 DEBRIS #923
1 34723U 20001A   26236.50000000  .00001000  00000+0  10000-4 0  9991
2 34723  74.4647 176.1237 0037716 110.7831 192.2184 14.28110409000013
COSMOS 2251 DEBRIS #924
1 34724U 20001A   26236.50000000  .00001000  00000+0  10000-4 0  9992
2 34724  75.6713 161.7506 0448166  20.1796 283.6003 13.27408536000013
COSMOS 2251 DEBRIS #925
1 34725U 20001A   26236.50000000  .00001000  00000+0  10000-4 0  9993
2 34725  71.7141  42.5474 0365125 165.0133 244.1080 14.53463284000011
COSMOS 2251 DEBRIS #926
1 34726U 20001A   26236.50000000  .00001000  00000+0  10000-4 0  9994
2 34726  75.8713  53.6233 0264912  13.2760  50.9726 15.04963162000017
COSMOS 2251 DEBRIS #927
1 34727U 20001A   26236.50000000  .00001000  00000+0  10000-4 0  9995
2 34727  74.7692 169.6391 0413928 252.4669  46.9936 13.29160339000011
COSMOS 2251 DEBRIS #928
1 34728U 20001A   26236.50000000  .00001000  00000+0  10000-4 0  9996
2 34728  72.3612  17.9849 0145228 164.2265  61.4482 14.78739421000015
COSMOS 2251 DEBRIS #929
1 34729U 20001A   26236.50000000  .00001000  00000+0  10000-4 0  9997
2 34729  74.4552 294.4081 0056785 287.7031  79.4061 14.19428699000012
COSMOS 2251 DEBRIS #930
1 34730U 20001A   26236.50000000  .00001000  00000+0  10000-4 0  9999
2 34730  75.5223 153.4361 0367069 244.2232 116.7246 15.16438551000013
COSMOS 2251 DEBRIS #931
1 34731U 20001A   26236.50000000  .00001000  00000+0  10000-4 0  9990
2 34731  76.3793 207.3481 0070424 285.5166 275.1220 14.87285418000018
COSMOS 2251 DEBRIS #932
1 34732U 20001A   26236.50000000  .00001000  00000+0  10000-4 0  9991
2 34732  74.4654 120.7813 0063128 149.4556 250.6665 13.48247361000017
COSMOS 2251 DEBRIS #933
1 34733U 20001A   26236.50000000  .00001000  00000+0  10000-4 0  9992
2 34733  74.2670 157.9180 0417297  35.9884 305.0520 13.28139779000012
COSMOS 2251 DEBRIS #934
1 34734U 20001A   26236.50000000  .00001000  00000+0  10000-4 0  9993
2 34734  74.5622 279.9582 0016877   2.2858  64.5886 14.17393495000019
COSMOS 2251 DEBRIS #935
1 34735U 20001A   26236.50000000  .00001000  00000+0  10000-4 0  9994
2 34735  71.9457 234.6321 0400242 290.6682 278.1226 14.03244448000016
COSMOS 2251 DEBRIS #936
1 34736U 20001A   26236.50000000  .00001000  00000+0  10000-4 0  9995
2 34736  74.9618  74.2177 0291523 148.3313 337.7123 14.24617373000018
COSMOS 2251 DEBRIS #937
1 34737U 20001A   26236.50000000  .00001000  00000+0  10000-4 0  9996
2 34737  74.5527  13.5436 0089200 342.1073 225.7890 14.19977527000013
COSMOS 2251 DEBRIS #938
1 34738U 20001A   26236.50000000  .00001000  00000+0  10000-4 0  9997
2 34738  75.4129 125.2273 0012010  42.3028 190.8716 13.67127801000019
COSMOS 2251 DEBRIS #939
1 34739U 20001A   26236.50000000  .00001000  00000+0  10000-4 0  9998
2 34739  71.9784 130.2845 0344896  78.9394 277.3193 14.27944565000011
COSMOS 2251 DEBRIS #940
1 34740U 20001A   26236.50000000  .00001000  00000+0  10000-4 0  9990
2 34740  74.7966  99.5136 0095236 246.6878 348.6866 14.79322594000016
COSMOS 2251 DEBRIS #941
1 34741U 20001A   26236.50000000  .00001000  00000+0  10000-4 0  9991
2 34741  73.8721  63.4766 0304862 232.1499 102.6232 13.28623120000019
COSMOS 2251 DEBRIS #942
1 34742U 20001A   26236.50000000  .00001000  00000+0  10000-4 0  9992
2 34742  73.6734 120.3461 0364267  15.5943 266.5501 14.71681604000018
COSMOS 2251 DEBRIS #943
1 34743U 20001A   26236.50000000  .00001000  00000+0  10000-4 0  9993
2 34743  76.1243  63.3195 0355616  41.7834 322.2285 14.17012279000015
COSMOS 2251 DEBRIS #944
1 34744U 20001A   26236.50000000  .00001000  00000+0  10000-4 0  9994
2 34744  75.1070 213.3744 0153427 243.6669 117.2466 13.59750279000012
COSMOS 2251 DEBRIS #945
1 34745U 20001A   26236.50000000  .00001000  00000+0  10000-4 0  9995
2 34745  75.3949 117.4076 0053148 313.1591 135.1917 14.67549573000011
COSMOS 2251 DEBRIS #946
1 34746U 20001A   26236.50000000  .00001000  00000+0  10000-4 0  9996
2 34746  72.6033 169.5565 0223139  52.1789 334.0394 14.98097769000013
COSMOS 2251 DEBRIS #947
1 34747U 20001A   26236.50000000  .00001000  00000+0  10000-4 0  9997
2 34747  73.7750 139.4389 0070018 227.5276 351.2001 14.63964243000015
COSMOS 2251 DEBRIS #948
1 34748U 20001A   26236.50000000  .00001000  00000+0  10000-4 0  9998
2 34748  72.5111  45.7962 0314572  49.1405 306.5945 13.31930344000017
COSMOS 2251 DEBRIS #949
1 34749U 20001A   26236.50000000  .00001000  00000+0  10000-4 0  9999
2 34749  73.7929  61.6325 0161173 217.3090 284.2369 14.97281794000017
COSMOS 2251 DEBRIS #950
1 34750U 20001A   26236.50000000  .00001000  00000+0  10000-4 0  9991
2 34750  74.6900 220.1501 0084771 307.8014  31.1308 15.14027168000010
COSMOS 2251 DEBRIS #951
1 34751U 20001A   26236.50000000  .00001000  00000+0  10000-4 0  9992
2 34751  75.7849 176.1168 0448092 301.3160 100.5015 14.38316174000014
COSMOS 2251 DEBRIS #952
1 34752U 20001A   26236.50000000  .00001000  00000+0  10000-4 0  9993
2 34752  75.1501 265.0244 0118527 208.6081 321.0561 13.85459189000016
COSMOS 2251 DEBRIS #953
1 34753U 20001A   26236.50000000  .00001000  00000+0  10000-4 0  9994
2 34753  74.4589  53.6291 0262428 352.8663  14.4211 13.21015516000013
COSMOS 2251 DEBRIS #954
1 34754U 20001A   26236.50000000  .00001000  00000+0  10000-4 0  9995
2 34754  73.8533 276.6983 0024793 172.5370 287.2863 14.26224345000015
COSMOS 2251 DEBRIS #955
1 34755U 20001A   26236.50000000  .00001000  00000+0  10000-4 0  9996
2 34755  75.6065 162.8789 0115825   4.4723 263.4431 14.31697393000018
COSMOS 2251 DEBRIS #956
1 34756U 20001A   26236.50000000  .00001000  00000+0  10000-4 0  9997
2 34756  76.2497  47.7763 0140147  32.6626 172.7219 14.49528040000015
COSMOS 2251 DEBRIS #957
1 34757U 20001A   26236.50000000  .00001000  00000+0  10000-4 0  9998
2 34757  73.0242 253.1896 0387485   8.7889 163.7427 14.69457339000017
COSMOS 2251 DEBRIS #958
1 34758U 20001A   26236.50000000  .00001000  00000+0  10000-4 0  9999
2 34758  75.3592 314.7117 0188358 133.3514 167.1465 14.77971743000018
COSMOS 2251 DEBRIS #959
1 34759U 20001A   26236.50000000  .00001000  00000+0  10000-4 0  9990
2 34759  74.6670 309.7378 0041107 119.8462  11.7771 14.98686888000012
COSMOS 2251 DEBRIS #960
1 34760U 20001A   26236.50000000  .00001000  00000+0  10000-4 0  9992
2 34760  73.6295  97.1242 0426282 286.0124 283.5691 14.28487021000018
COSMOS 2251 DEBRIS #961
1 34761U 20001A   26236.50000000  .00001000  00000+0  10000-4 0  9993
2 34761  71.9048 317.1050 0333734 340.3160 242.8751 13.30962335000014
COSMOS 2251 DEBRIS #962
1 34762U 20001A   26236.50000000  .00001000  00000+0  10000-4 0  9994
2 34762  75.9399  39.9480 0170859 131.6056  63.0963 14.43826690000012
COSMOS 2251 DEBRIS #963
1 34763U 20001A   26236.50000000  .00001000  00000+0  10000-4 0  9995
2 34763  74.2940  24.1221 0322108 353.2506  85.9078 13.60942519000011
COSMOS 2251 DEBRIS #964
1 34764U 20001A   26236.50000000  .00001000  00000+0  10000-4 0  9996
2 34764  72.0678 172.2576 0423225 345.2773  75.5258 14.36023877000019
COSMOS 2251 DEBRIS #965
1 34765U 20001A   26236.50000000  .00001000  00000+0  10000-4 0  9997
2 34765  75.2251  81.1574 0165193 244.8816  99.7723 13.73471570000019
COSMOS 2251 DEBRIS #966
1 34766U 20001A   26236.50000000  .00001000  00000+0  10000-4 0  9998
2 34766  71.8168 124.2816 0223939  44.1754 255.5371 14.25336520000016
COSMOS 2251 DEBRIS #967
1 34767U 20001A   26236.50000000  .00001000  00000+0  10000-4 0  9999
2 34767  74.8915 191.8280 0138596 287.9654 340.3315 14.44190254000019
COSMOS 2251 DEBRIS #968
1 34768U 20001A   26236.50000000  .00001000  00000+0  10000-4 0  9990
2 34768  75.5440 338.7153 0038876 164.8347  28.8613 14.98380643000015
COSMOS 2251 DEBRIS #969
1 34769U 20001A   26236.50000000  .00001000  00000+0  10000-4 0  9991
2 34769  75.9897 103.8142 0430915  99.3394 250.9496 13.41872984000017
COSMOS 2251 DEBRIS #970
1 34770U 20001A   26236.50000000  .00001000  00000+0  10000-4 0  9993
2 34770  73.9816 314.9975 0239102 105.5410 349.0469 14.45455239000016
COSMOS 2251 DEBRIS #971
1 34771U 20001A   26236.50000000  .00001000  00000+0  10000-4 0  9994
2 34771  74.2072  47.5299 0162548 232.0864 104.9460 14.08772010000018
COSMOS 2251 DEBRIS #972
1 34772U 20001A   26236.50000000  .00001000  00000+0  10000-4 0  9995
2 34772  71.8147 313.8457 0112224 232.0819 148.2090 15.09489742000015
COSMOS 2251 DEBRIS #973
1 34773U 20001A   26236.50000000  .00001000  00000+0  10000-4 0  9996
2 34773  73.2140 232.5784 0153574 250.8709 303.0868 14.38671451000019
COSMOS 2251 DEBRIS #974
1 34774U 20001A   26236.50000000  .00001000  00000+0  10000-4 0  9997
2 34774  73.7263 109.4696 0068059  61.8254  93.6027 14.77869652000017
COSMOS 2251 DEBRIS #975
1 34775U 20001A   26236.50000000  .00001000  00000+0  10000-4 0  9998
2 34775  73.9212 349.4607 0348689 127.1235 164.1336 13.29463787000019
COSMOS 2251 DEBRIS #976
1 34776U 20001A   26236.50000000  .00001000  00000+0  10000-4 0  9999
2 34776  72.3318 332.6874 0323197 350.3542 302.1594 13.77049316000019
COSMOS 2251 DEBRIS #977
1 34777U 20001A   26236.50000000  .00001000  00000+0  10000-4 0  9990
2 34777  74.9643 239.8881 0077533  14.8145 113.9853 13.67581065000013
COSMOS 2251 DEBRIS #978
1 34778U 20001A   26236.50000000  .00001000  00000+0  10000-4 0  9991
2 34778  72.1324  93.7466 0091178  12.4881 114.0998 14.32497448000014
COSMOS 2251 DEBRIS #979
1 34779U 20001A   26236.50000000  .00001000  00000+0  10000-4 0  9992
2 34779  73.2192 134.2494 0247541 108.5615 331.3562 13.52519522000011
COSMOS 2251 DEBRIS #980
1 34780U 20001A   26236.50000000  .00001000  00000+0  10000-4 0  9994
2 34780  73.5228 179.7901 0073968 115.2785   1.5460 14.11608147000017
COSMOS 2251 DEBRIS #981
1 34781U 20001A   26236.50000000  .00001000  00000+0  10000-4 0  9995
2 34781  75.1925 351.2164 0155763 170.6078 104.3378 14.61090271000010
COSMOS 2251 DEBRIS #982
1 34782U 20001A   26236.50000000  .00001000  00000+0  10000-4 0  9996
2 34782  76.2200 353.0483 0262440 203.4833 326.4771 13.49416695000019
COSMOS 2251 DEBRIS #983
1 34783U 20001A   26236.50000000  .00001000  00000+0  10000-4 0  9997
2 34783  73.7105 248.0929 0331921  50.1924 198.3456 15.00034894000015
COSMOS 2251 DEBRIS #984
1 34784U 20001A   26236.50000000  .00001000  00000+0  10000-4 0  9998
2 34784  73.0404 144.5868 0379985  33.2932  19.8121 14.09194538000012
COSMOS 2251 DEBRIS #985
1 34785U 20001A   26236.50000000  .00001000  00000+0  10000-4 0  9999
2 34785  74.7066 210.0353 0107743 100.0538   8.1175 15.07133015000011
COSMOS 2251 DEBRIS #986
1 34786U 20001A   26236.50000000  .00001000  00000+0  10000-4 0  9990
2 34786  74.1921 160.3649 0305485 184.2435  70.0020 13.37475387000013
COSMOS 2251 DEBRIS #987
1 34787U 20001A   26236.50000000  .00001000  00000+0  10000-4 0  9991
2 34787  73.0888 217.8280 0425096 129.9834  53.2605 15.01689390000019
COSMOS 2251 DEBRIS #988
1 34788U 20001A   26236.50000000  .00001000  00000+0  10000-4 0  9992
2 34788  75.7690 133.0668 0174045 126.4878 351.9085 13.76930073000011
COSMOS 2251 DEBRIS #989
1 34789U 20001A   26236.50000000  .00001000  00000+0  10000-4 0  9993
2 34789  75.8715  31.5355 0330255 357.3350 289.3268 14.08844072000019
COSMOS 2251 DEBRIS #990
1 34790U 20001A   26236.50000000  .00001000  00000+0  10000-4 0  9995
2 34790  72.9432 290.0422 0436958 322.7144  50.2444 14.04766440000015
COSMOS 2251 DEBRIS #991
1 34791U 20001A   26236.50000000  .00001000  00000+0  10000-4 0  9996
2 34791  74.4359  30.9881 0101424 312.3093 355.1898 14.14922626000017
COSMOS 2251 DEBRIS #992
1 34792U 20001A   26236.50000000  .00001000  00000+0  10000-4 0  9997
2 34792  71.8306 345.6343 0342690 147.4058 329.1878 13.37689656000016
COSMOS 2251 DEBRIS #993
1 34793U 20001A   26236.50000000  .00001000  00000+0  10000-4 0  9998
2 34793  73.5726 200.0930 0322508  49.2937  66.9623 14.71048750000016
COSMOS 2251 DEBRIS #994
1 34794U 20001A   26236.50000000  .00001000  00000+0  10000-4 0  9999
2 34794  73.4088 199.3921 0028582 300.4507 109.4092 14.85249661000019
COSMOS 2251 DEBRIS #995
1 34795U 20001A   26236.50000000  .00001000  00000+0  10000-4 0  9990
2 34795  74.2964 166.8427 0021809  94.5637 344.1696 13.20489335000012
COSMOS 2251 DEBRIS #996
1 34796U 20001A   26236.50000000  .00001000  00000+0  10000-4 0  9991
2 34796  75.6712 170.1148 0297677 150.1764 177.0791 14.98537305000011
COSMOS 2251 DEBRIS #997
1 34797U 20001A   26236.50000000  .00001000  00000+0  10000-4 0  9992
2 34797  74.9392  88.1101 0062516 357.9599  24.0209 13.75443407000018
COSMOS 2251 DEBRIS #998
1 34798U 20001A   26236.50000000  .00001000  00000+0  10000-4 0  9993
2 34798  75.2278 209.1837 0258852 226.0786 171.3747 14.93669184000017
COSMOS 2251 DEBRIS #999
1 34799U 20001A   26236.50000000  .00001000  00000+0  10000-4 0  9994
2 34799  74.9712  43.0501 0235511 304.3008  58.6250 14.35052737000016
COSMOS 2251 DEBRIS #1000
1 34800U 20001A   26236.50000000  .00001000  00000+0  10000-4 0  9997
2 34800  71.7926 115.0852 0396459  58.7912  98.1613 13.47099479000011
COSMOS 2251 DEBRIS #1001
1 34801U 20001A   26236.50000000  .00001000  00000+0  10000-4 0  9998
2 34801  73.5976 328.3577 0166633 190.6604 337.0741 13.77971240000018
COSMOS 2251 DEBRIS #1002
1 34802U 20001A   26236.50000000  .00001000  00000+0  10000-4 0  9999
2 34802  74.0693 275.9193 0090628 270.9463 195.7364 13.38901730000011
COSMOS 2251 DEBRIS #1003
1 34803U 20001A   26236.50000000  .00001000  00000+0  10000-4 0  9990
2 34803  75.8622 297.6559 0311385 246.7597 247.8048 13.80214462000019
COSMOS 2251 DEBRIS #1004
1 34804U 20001A   26236.50000000  .00001000  00000+0  10000-4 0  9991
2 34804  71.9792 208.8168 0372258 186.5415 134.2851 13.22579533000011
COSMOS 2251 DEBRIS #1005
1 34805U 20001A   26236.50000000  .00001000  00000+0  10000-4 0  9992
2 34805  73.9245 122.5127 0410746  55.6398  79.6009 13.40483572000019
COSMOS 2251 DEBRIS #1006
1 34806U 20001A   26236.50000000  .00001000  00000+0  10000-4 0  9993
2 34806  72.4421 322.9404 0279908 189.2350 191.5544 14.86283236000013
COSMOS 2251 DEBRIS #1007
1 34807U 20001A   26236.50000000  .00001000  00000+0  10000-4 0  9994
2 34807  74.2556 272.2704 0060145  27.5041 294.7841 14.12098272000014
COSMOS 2251 DEBRIS #1008
1 34808U 20001A   26236.50000000  .00001000  00000+0  10000-4 0  9995
2 34808  76.1170 172.6266 0147092 294.1339 320.3015 13.92513713000011
COSMOS 2251 DEBRIS #1009
1 34809U 20001A   26236.50000000  .00001000  00000+0  10000-4 0  9996
2 34809  74.4882 274.8922 0160499  10.3534 293.2467 14.61978977000011
COSMOS 2251 DEBRIS #1010
1 34810U 20001A   26236.50000000  .00001000  00000+0  10000-4 0  9998
2 34810  72.6118 308.4535 0072638  45.1239  46.8786 13.65314886000016
COSMOS 2251 DEBRIS #1011
1 34811U 20001A   26236.50000000  .00001000  00000+0  10000-4 0  9999
2 34811  71.8930 248.6945 0354973 278.8892 272.6403 13.35547060000019
COSMOS 2251 DEBRIS #1012
1 34812U 20001A   26236.50000000  .00001000  00000+0  10000-4 0  9990
2 34812  71.7126  38.8143 0358944  21.3355  42.8120 14.22695839000010
COSMOS 2251 DEBRIS #1013
1 34813U 20001A   26236.50000000  .00001000  00000+0  10000-4 0  9991
2 34813  72.7651  23.8491 0303738 281.6535 331.2353 14.70910054000012
COSMOS 2251 DEBRIS #1014
1 34814U 20001A   26236.50000000  .00001000  00000+0  10000-4 0  9992
2 34814  72.5270 324.4230 0091304  32.6806 304.5101 13.90306733000015
COSMOS 2251 DEBRIS #1015
1 34815U 20001A   26236.50000000  .00001000  00000+0  10000-4 0  9993
2 34815  76.2092 341.5650 0163048 180.2284 262.2795 13.52111467000015
COSMOS 2251 DEBRIS #1016
1 34816U 20001A   26236.50000000  .00001000  00000+0  10000-4 0  9994
2 34816  72.7091 205.2847 0053606   5.0344  78.1193 14.35626736000017
COSMOS 2251 DEBRIS #1017
1 34817U 20001A   26236.50000000  .00001000  00000+0  10000-4 0  9995
2 34817  72.4577 101.4684 0406730 350.4888  35.5269 14.27425298000012
COSMOS 2251 DEBRIS #1018
1 34818U 20001A   26236.50000000  .00001000  00000+0  10000-4 0  9996
2 34818  72.5701 181.5103 0321412 212.1770 158.2797 13.93292605000010
COSMOS 2251 DEBRIS #1019
1 34819U 20001A   26236.50000000  .00001000  00000+0  10000-4 0  9997
2 34819  76.2887  65.1055 0166121  77.1386  81.9195 13.95923011000014
COSMOS 2251 DEBRIS #1020
1 34820U 20001A   26236.50000000  .00001000  00000+0  10000-4 0  9999
2 34820  72.0642 354.4606 0064390  48.9285 274.4185 13.42063232000014
COSMOS 2251 DEBRIS #1021
1 34821U 20001A   26236.50000000  .00001000  00000+0  10000-4 0  9990
2 34821  75.0237 200.5676 0027867  41.6601 102.1001 13.85623081000011
COSMOS 2251 DEBRIS #1022
1 34822U 20001A   26236.50000000  .00001000  00000+0  10000-4 0  9991
2 34822  74.5019 112.3225 0439518 199.4097 104.6122 14.08791174000011
COSMOS 2251 DEBRIS #1023
1 34823U 20001A   26236.50000000  .00001000  00000+0  10000-4 0  9992
2 34823  75.7768  67.9626 0040628 171.2436 244.4872 14.88211655000015
COSMOS 2251 DEBRIS #1024
1 34824U 20001A   26236.50000000  .00001000  00000+0  10000-4 0  9993
2 34824  72.3965 359.5404 0226325 157.7010 237.0774 13.41034377000010
COSMOS 2251 DEBRIS #1025
1 34825U 20001A   26236.50000000  .00001000  00000+0  10000-4 0  9994
2 34825  71.9250  51.6123 0186274  36.6200 333.1045 14.38111446000014
COSMOS 2251 DEBRIS #1026
1 34826U 20001A   26236.50000000  .00001000  00000+0  10000-4 0  9995
2 34826  76.3893  23.2957 0439091 214.1859 356.6381 13.87726329000016
COSMOS 2251 DEBRIS #1027
1 34827U 20001A   26236.50000000  .00001000  00000+0  10000-4 0  9996
2 34827  72.1138 301.7193 0329088 256.8578 209.4907 13.75703666000019
COSMOS 2251 DEBRIS #1028
1 34828U 20001A   26236.50000000  .00001000  00000+0  10000-4 0  9997
2 34828  72.8649 284.2174 0293285 171.2975 217.1396 14.00047106000015
COSMOS 2251 DEBRIS #1029
1 34829U 20001A   26236.50000000  .00001000  00000+0  10000-4 0  9998
2 34829  73.5222 174.4318 0132711  38.8932  90.2483 14.73599911000011
COSMOS 2251 DEBRIS #1030
1 34830U 20001A   26236.50000000  .00001000  00000+0  10000-4 0  9990
2 34830  73.9864 226.2136 0069227  19.0269  24.5623 13.39920678000013
COSMOS 2251 DEBRIS #1031
1 34831U 20001A   26236.50000000  .00001000  00000+0  10000-4 0  9991
2 34831  74.8905 349.9461 0178358  54.9852 223.9080 14.55840872000014
COSMOS 2251 DEBRIS #1032
1 34832U 20001A   26236.50000000  .00001000  00000+0  10000-4 0  9992
2 34832  71.9817  27.5462 0340708 285.3833  72.6954 14.73514422000012
COSMOS 2251 DEBRIS #1033
1 34833U 20001A   26236.50000000  .00001000  00000+0  10000-4 0  9993
2 34833  74.8105 176.4901 0125132 309.4820 196.7832 13.88723130000019
COSMOS 2251 DEBRIS #1034
1 34834U 20001A   26236.50000000  .00001000  00000+0  10000-4 0  9994
2 34834  76.2629  11.3755 0199378 138.1068 113.2413 15.02987832000013
COSMOS 2251 DEBRIS #1035
1 34835U 20001A   26236.50000000  .00001000  00000+0  10000-4 0  9995
2 34835  73.3817 165.4762 0024458 309.7299 109.0960 14.31333310000015
COSMOS 2251 DEBRIS #1036
1 34836U 20001A   26236.50000000  .00001000  00000+0  10000-4 0  9996
2 34836  75.0303 176.9327 0069174 175.4838  39.3775 14.63144638000017
COSMOS 2251 DEBRIS #1037
1 34837U 20001A   26236.50000000  .00001000  00000+0  10000-4 0  9997
2 34837  74.8751 237.6283 0311564 171.3280 307.5665 14.34442047000018
COSMOS 2251 DEBRIS #1038
1 34838U 20001A   26236.50000000  .00001000  00000+0  10000-4 0  9998
2 34838  74.0334 140.8985 0227664 222.0983 126.9950 15.14174152000011
COSMOS 2251 DEBRIS #1039
1 34839U 20001A   26236.50000000  .00001000  00000+0  10000-4 0  9999
2 34839  76.3889 115.3738 0022384 301.2963 125.5956 13.29023690000010
COSMOS 2251 DEBRIS #1040
1 34840U 20001A   26236.50000000  .00001000  00000+0  10000-4 0  9991
2 34840  75.2103   9.6839 0402190  35.0460 124.2515 13.88251305000015
COSMOS 2251 DEBRIS #1041
1 34841U 20001A   26236.50000000  .00001000  00000+0  10000-4 0  9992
2 34841  73.2868 126.4569 0300945 233.3098 213.3114 13.69522786000013
COSMOS 2251 DEBRIS #1042
1 34842U 20001A   26236.50000000  .00001000  00000+0  10000-4 0  9993
2 34842  76.0519  23.5801 0144161   7.0963 117.4021 13.87518851000016
COSMOS 2251 DEBRIS #1043
1 34843U 20001A   26236.50000000  .00001000  00000+0  10000-4 0  9994
2 34843  73.8045 310.8127 0259941  95.9828 250.5451 15.00281969000018
COSMOS 2251 DEBRIS #1044
1 34844U 20001A   26236.50000000  .00001000  00000+0  10000-4 0  9995
2 34844  74.4399 354.8753 0176204 206.1139 290.9976 13.98060158000012
COSMOS 2251 DEBRIS #1045
1 34845U 20001A   26236.50000000  .00001000  00000+0  10000-4 0  9996
2 34845  72.0003 243.0401 0157825 275.3654 122.2342 14.20553705000011
COSMOS 2251 DEBRIS #1046
1 34846U 20001A   26236.50000000  .00001000  00000+0  10000-4 0  9997
2 34846  74.5741 130.8003 0201836 305.0403 283.3739 14.19390342000017
COSMOS 2251 DEBRIS #1047
1 34847U 20001A   26236.50000000  .00001000  00000+0  10000-4 0  9998
2 34847  75.7019 192.9002 0136436 358.6420 144.7298 13.29506272000014
COSMOS 2251 DEBRIS #1048
1 34848U 20001A   26236.50000000  .00001000  00000+0  10000-4 0  9999
2 34848  72.6294 267.4397 0050461  34.1041 121.2617 14.88837377000013
COSMOS 2251 DEBRIS #1049
1 34849U 20001A   26236.50000000  .00001000  00000+0  10000-4 0  9990
2 34849  71.8363 288.4268 0219118 286.4346 234.5533 13.61947832000011
COSMOS 2251 DEBRIS #1050
1 34850U 20001A   26236.50000000  .00001000  00000+0  10000-4 0  9992
2 34850  73.0092 289.4856 0200480  72.0277 144.8283 14.27989516000017
COSMOS 2251 DEBRIS #1051
1 34851U 20001A   26236.50000000  .00001000  00000+0  10000-4 0  9993
2 34851  74.6248 163.1623 0345914   6.6972 253.1994 13.56120170000012
COSMOS 2251 DEBRIS #1052
1 34852U 20001A   26236.50000000  .00001000  00000+0  10000-4 0  9994
2 34852  75.8135 207.6636 0103699 267.1949 168.2263 15.12423415000016
COSMOS 2251 DEBRIS #1053
1 34853U 20001A   26236.50000000  .00001000  00000+0  10000-4 0  9995
2 34853  76.1858 191.7790 0280345 156.1408 203.8019 14.73823833000017
COSMOS 2251 DEBRIS #1054
1 34854U 20001A   26236.50000000  .00001000  00000+0  10000-4 0  9996
2 34854  74.6338 188.0171 0170280  54.1702 246.7104 13.49548738000017
COSMOS 2251 DEBRIS #1055
1 34855U 20001A   26236.50000000  .00001000  00000+0  10000-4 0  9997
2 34855  73.0014 156.7400 0150207  23.1939  73.2809 14.86042876000013
COSMOS 2251 DEBRIS #1056
1 34856U 20001A   26236.50000000  .00001000  00000+0  10000-4 0  9998
2 34856  73.5622 296.5359 0294258 216.4436 146.1117 13.71289327000013
COSMOS 2251 DEBRIS #1057
1 34857U 20001A   26236.50000000  .00001000  00000+0  10000-4 0  9999
2 34857  72.0678  69.0898 0118058 167.0975 201.5370 14.85445765000015
COSMOS 2251 DEBRIS #1058
1 34858U 20001A   26236.50000000  .00001000  00000+0  10000-4 0  9990
2 34858  73.6807 232.8919 0026281  49.1150  93.0229 13.51871698000019
COSMOS 2251 DEBRIS #1059
1 34859U 20001A   26236.50000000  .00001000  00000+0  10000-4 0  9991
2 34859  75.5177 237.1215 0087433 346.9633 174.9031 14.90504204000018
COSMOS 2251 DEBRIS #1060
1 34860U 20001A   26236.50000000  .00001000  00000+0  10000-4 0  9993
2 34860  71.5995 309.4502 0046928 312.1818 324.2070 14.40319948000017
COSMOS 2251 DEBRIS #1061
1 34861U 20001A   26236.50000000  .00001000  00000+0  10000-4 0  9994
2 34861  73.5350 130.8363 0299269 339.5384 260.7244 13.38061258000016
COSMOS 2251 DEBRIS #1062
1 34862U 20001A   26236.50000000  .00001000  00000+0  10000-4 0  9995
2 34862  72.2028  40.2957 0333171 187.9047 298.4334 15.06587089000010
COSMOS 2251 DEBRIS #1063
1 34863U 20001A   26236.50000000  .00001000  00000+0  10000-4 0  9996
2 34863  76.2484 335.3600 0120795  85.7077  44.0197 14.96912972000011
COSMOS 2251 DEBRIS #1064
1 34864U 20001A   26236.50000000  .00001000  00000+0  10000-4 0  9997
2 34864  75.5334 118.5429 0267103 269.4147  84.9377 13.97990134000011
COSMOS 2251 DEBRIS #1065
1 34865U 20001A   26236.50000000  .00001000  00000+0  10000-4 0  9998
2 34865  73.6143  51.9400 0087067 158.2111  91.5501 15.13984695000011
COSMOS 2251 DEBRIS #1066
1 34866U 20001A   26236.50000000  .00001000  00000+0  10000-4 0  9999
2 34866  74.4474 176.5291 0174870 113.9364 152.5613 15.09742178000012
COSMOS 2251 DEBRIS #1067
1 34867U 20001A   26236.50000000  .00001000  00000+0  10000-4 0  9990
2 34867  74.9137 346.7935 0396950 130.6793 257.6416 15.07394458000017
COSMOS 2251 DEBRIS #1068
1 34868U 20001A   26236.50000000  .00001000  00000+0  10000-4 0  9991
2 34868  75.6068   7.5867 0435394 302.9303 238.4004 14.41162947000015
COSMOS 2251 DEBRIS #1069
1 34869U 20001A   26236.50000000  .00001000  00000+0  10000-4 0  9992
2 34869  76.2042 248.6457 0357073 198.9820 111.3367 13.67935166000011
COSMOS 2251 DEBRIS #1070
1 34870U 20001A   26236.50000000  .00001000  00000+0  10000-4 0  9994
2 34870  76.2924 130.6278 0367390 312.1031 308.7530 13.44410754000010
COSMOS 2251 DEBRIS #1071
1 34871U 20001A   26236.50000000  .00001000  00000+0  10000-4 0  9995
2 34871  73.4424 327.5241 0182909  91.9921  32.4901 15.15598571000010
COSMOS 2251 DEBRIS #1072
1 34872U 20001A   26236.50000000  .00001000  00000+0  10000-4 0  9996
2 34872  75.6135  84.7658 0102570 329.7207 227.2870 14.98049346000013
COSMOS 2251 DEBRIS #1073
1 34873U 20001A   26236.50000000  .00001000  00000+0  10000-4 0  9997
2 34873  75.8973 276.0267 0188767 311.9201 296.3512 13.26776336000013
COSMOS 2251 DEBRIS #1074
1 34874U 20001A   26236.50000000  .00001000  00000+0  10000-4 0  9998
2 34874  76.2025 169.5929 0191702 258.2590 315.6340 14.88232693000011
COSMOS 2251 DEBRIS #1075
1 34875U 20001A   26236.50000000  .00001000  00000+0  10000-4 0  9999
2 34875  75.6012 296.7843 0317332 126.6683 216.7617 14.21266903000015
COSMOS 2251 DEBRIS #1076
1 34876U 20001A   26236.50000000  .00001000  00000+0  10000-4 0  9990
2 34876  75.5671 265.6028 0209435  18.7556 230.9733 13.25470179000012
COSMOS 2251 DEBRIS #1077
1 34877U 20001A   26236.50000000  .00001000  00000+0  10000-4 0  9991
2 34877  74.6508 284.7670 0069880 226.1867 112.9398 14.00132370000013
COSMOS 2251 DEBRIS #1078
1 34878U 20001A   26236.50000000  .00001000  00000+0  10000-4 0  9992
2 34878  71.9112  56.8161 0237200 299.0237 274.7386 15.13932917000015
COSMOS 2251 DEBRIS #1079
1 34879U 20001A   26236.50000000  .00001000  00000+0  10000-4 0  9993
2 34879  75.7348 246.8712 0358762 172.2116 264.6620 13.83879826000010
COSMOS 2251 DEBRIS #1080
1 34880U 20001A   26236.50000000  .00001000  00000+0  10000-4 0  9995
2 34880  72.8034 247.4881 0373778  71.5189 149.2187 14.79905734000011
COSMOS 2251 DEBRIS #1081
1 34881U 20001A   26236.50000000  .00001000  00000+0  10000-4 0  9996
2 34881  72.4094 315.5004 0425693  80.8154 341.3193 14.96868286000018
COSMOS 2251 DEBRIS #1082
1 34882U 20001A   26236.50000000  .00001000  00000+0  10000-4 0  9997
2 34882  76.1156 232.9584 0285716 350.6859  71.3758 15.01368956000017
COSMOS 2251 DEBRIS #1083
1 34883U 20001A   26236.50000000  .00001000  00000+0  10000-4 0  9998
2 34883  75.0063  60.7521 0186455  93.6568  32.0621 14.05780674000013
COSMOS 2251 DEBRIS #1084
1 34884U 20001A   26236.50000000  .00001000  00000+0  10000-4 0  9999
2 34884  73.3396 341.0077 0061634 156.6571 331.1961 14.63716685000015
COSMOS 2251 DEBRIS #1085
1 34885U 20001A   26236.50000000  .00001000  00000+0  10000-4 0  9990
2 34885  73.7685 242.4996 0062145  68.5959 310.2972 14.62712742000013
COSMOS 2251 DEBRIS #1086
1 34886U 20001A   26236.50000000  .00001000  00000+0  10000-4 0  9991
2 34886  75.4106 103.6663 0227433 308.2816 216.0298 13.46039866000013
COSMOS 2251 DEBRIS #1087
1 34887U 20001A   26236.50000000  .00001000  00000+0  10000-4 0  9992
2 34887  76.4760 101.8682 0307963 147.0687  52.5394 14.03666198000012
COSMOS 2251 DEBRIS #1088
1 34888U 20001A   26236.50000000  .00001000  00000+0  10000-4 0  9993
2 34888  72.9510  94.2478 0281779 133.0696 246.3362 15.01465647000019
COSMOS 2251 DEBRIS #1089
1 34889U 20001A   26236.50000000  .00001000  00000+0  10000-4 0  9994
2 34889  73.7908   3.7153 0068610 249.4885 247.2669 13.84649196000016
COSMOS 2251 DEBRIS #1090
1 34890U 20001A   26236.50000000  .00001000  00000+0  10000-4 0  9996
2 34890  75.0667 255.0431 0333885  34.3006  21.1508 13.71245119000015
COSMOS 2251 DEBRIS #1091
1 34891U 20001A   26236.50000000  .00001000  00000+0  10000-4 0  9997
2 34891  73.1643  84.5429 0409619 338.1559 348.1955 15.19347887000015
COSMOS 2251 DEBRIS #1092
1 34892U 20001A   26236.50000000  .00001000  00000+0  10000-4 0  9998
2 34892  74.4912 269.3671 0030025 223.0768 108.9026 13.70731377000013
COSMOS 2251 DEBRIS #1093
1 34893U 20001A   26236.50000000  .00001000  00000+0  10000-4 0  9999
2 34893  73.4735 133.5244 0435945 208.9753  93.7050 14.31912078000015
COSMOS 2251 DEBRIS #1094
1 34894U 20001A   26236.50000000  .00001000  00000+0  10000-4 0  9990
2 34894  74.0187 334.9177 0396274 114.2343 190.9526 13.46383907000017
COSMOS 2251 DEBRIS #1095
1 34895U 20001A   26236.50000000  .00001000  00000+0  10000-4 0  9991
2 34895  72.2090  42.0631 0029431 313.8046 300.5295 13.45574299000015
COSMOS 2251 DEBRIS #1096
1 34896U 20001A   26236.50000000  .00001000  00000+0  10000-4 0  9992
2 34896  75.2391 333.4453 0134487 220.6554 274.1630 14.95387277000012
COSMOS 2251 DEBRIS #1097
1 34897U 20001A   26236.50000000  .00001000  00000+0  10000-4 0  9993
2 34897  72.8188 112.6837 0402775 358.0434 274.9231 13.83108584000017
COSMOS 2251 DEBRIS #1098
1 34898U 20001A   26236.50000000  .00001000  00000+0  10000-4 0  9994
2 34898  72.2563 307.0921 0299264  19.1600  53.5035 14.79644037000017
COSMOS 2251 DEBRIS #1099
1 34899U 20001A   26236.50000000  .00001000  00000+0  10000-4 0  9995
2 34899  72.6493  12.9104 0124498 157.1148 358.2726 14.61192573000011
COSMOS 2251 DEBRIS #1100
1 34900U 20001A   26236.50000000  .00001000  00000+0  10000-4 0  9998
2 34900  76.1360  14.6850 0166868 174.6718 177.4759 14.61805828000018
COSMOS 2251 DEBRIS #1101
1 34901U 20001A   26236.50000000  .00001000  00000+0  10000-4 0  9999
2 34901  75.7292 312.0765 0064407 312.5423  65.0358 13.38715576000010
COSMOS 2251 DEBRIS #1102
1 34902U 20001A   26236.50000000  .00001000  00000+0  10000-4 0  9990
2 34902  72.3415 183.1456 0130028 210.8439 210.0771 14.98178904000011
COSMOS 2251 DEBRIS #1103
1 34903U 20001A   26236.50000000  .00001000  00000+0  10000-4 0  9991
2 34903  76.3581 189.3655 0261146  27.6608 276.5712 14.03283798000013
COSMOS 2251 DEBRIS #1104
1 34904U 20001A   26236.50000000  .00001000  00000+0  10000-4 0  9992
2 34904  74.8845 319.4524 0021423 245.0302 141.9011 14.56262469000017
COSMOS 2251 DEBRIS #1105
1 34905U 20001A   26236.50000000  .00001000  00000+0  10000-4 0  9993
2 34905  74.4517 342.4391 0378269  29.1828 299.0517 13.50755094000015
COSMOS 2251 DEBRIS #1106
1 34906U 20001A   26236.50000000  .00001000  00000+0  10000-4 0  9994
2 34906  74.7977 163.4600 0430288   2.0899 349.1174 14.38840852000011
COSMOS 2251 DEBRIS #1107
1 34907U 20001A   26236.50000000  .00001000  00000+0  10000-4 0  9995
2 34907  74.7809 342.3225 0152962 264.3550 344.6650 14.66309043000016
COSMOS 2251 DEBRIS #1108
1 34908U 20001A   26236.50000000  .00001000  00000+0  10000-4 0  9996
2 34908  74.3458  76.0921 0031420 116.3415  19.9926 14.48728806000018
COSMOS 2251 DEBRIS #1109
1 34909U 20001A   26236.50000000  .00001000  00000+0  10000-4 0  9997
2 34909  71.8536 342.6841 0177812  64.0839 347.4178 13.99771699000017
COSMOS 2251 DEBRIS #1110
1 34910U 20001A   26236.50000000  .00001000  00000+0  10000-4 0  9999
2 34910  75.8276  32.1078 0385032 280.6173 102.5769 13.52588137000017
COSMOS 2251 DEBRIS #1111
1 34911U 20001A   26236.50000000  .00001000  00000+0  10000-4 0  9990
2 34911  75.2628 235.4631 0063064 155.6490 290.2872 14.18169020000016
COSMOS 2251 DEBRIS #1112
1 34912U 20001A   26236.50000000  .00001000  00000+0  10000-4 0  9991
2 34912  73.0505 246.5863 0067766 299.5390 184.5552 14.53104059000017
COSMOS 2251 DEBRIS #1113
1 34913U 20001A   26236.50000000  .00001000  00000+0  10000-4 0  9992
2 34913  73.9481 318.7487 0219633 152.3054 272.3366 14.32611415000014
COSMOS 2251 DEBRIS #1114
1 34914U 20001A   26236.50000000  .00001000  00000+0  10000-4 0  9993
2 34914  75.5550 220.9924 0201006  14.5577 123.0281 14.05203420000015
COSMOS 2251 DEBRIS #1115
1 34915U 20001A   26236.50000000  .00001000  00000+0  10000-4 0  9994
2 34915  73.8176  80.7229 0311944 178.3160 226.6414 13.51013940000015
COSMOS 2251 DEBRIS #1116
1 34916U 20001A   26236.50000000  .00001000  00000+0  10000-4 0  9995
2 34916  74.1234 104.6531 0202436 171.9401  53.4984 15.01441542000017
COSMOS 2251 DEBRIS #1117
1 34917U 20001A   26236.50000000  .00001000  00000+0  10000-4 0  9996
2 34917  72.1389 325.0453 0380276 106.3734  17.1822 14.24618411000012
COSMOS 2251 DEBRIS #1118
1 34918U 20001A   26236.50000000  .00001000  00000+0  10000-4 0  9997
2 34918  71.8827  16.2342 0057358  34.0144 237.9079 14.04982704000019
COSMOS 2251 DEBRIS #1119
1 34919U 20001A   26236.50000000  .00001000  00000+0  10000-4 0  9998
2 34919  74.3424  91.2169 0122138 181.2400  41.0168 13.36353912000010
COSMOS 2251 DEBRIS #1120
1 34920U 20001A   26236.50000000  .00001000  00000+0  10000-4 0  9990
2 34920  74.8079  64.6388 0090171  29.9846 315.6319 13.98591468000019
COSMOS 2251 DEBRIS #1121
1 34921U 20001A   26236.50000000  .00001000  00000+0  10000-4 0  9991
2 34921  72.9882 211.3950 0210199 224.5717  95.4268 14.54051973000012
COSMOS 2251 DEBRIS #1122
1 34922U 20001A   26236.50000000  .00001000  00000+0  10000-4 0  9992
2 34922  76.3336 313.6841 0092364 268.9306 217.4590 13.57017478000016
COSMOS 2251 DEBRIS #1123
1 34923U 20001A   26236.50000000  .00001000  00000+0  10000-4 0  9993
2 34923  75.8581  38.2790 0245125  42.0042  61.8247 13.21169414000018
COSMOS 2251 DEBRIS #1124
1 34924U 20001A   26236.50000000  .00001000  00000+0  10000-4 0  9994
2 34924  73.8856 249.0502 0392263 216.6795 175.2201 15.13160762000015
COSMOS 2251 DEBRIS #1125
1 34925U 20001A   26236.50000000  .00001000  00000+0  10000-4 0  9995
2 34925  74.5925 350.6119 0168720 248.5056 142.1990 14.54760629000017
COSMOS 2251 DEBRIS #1126
1 34926U 20001A   26236.50000000  .00001000  00000+0  10000-4 0  9996
2 34926  73.0133  45.0322 0016105   5.7187 349.3873 13.42382500000016
COSMOS 2251 DEBRIS #1127
1 34927U 20001A   26236.50000000  .00001000  00000+0  10000-4 0  9997
2 34927  75.7951  75.3226 0295394 156.8839 225.3813 14.49947965000011
COSMOS 2251 DEBRIS #1128
1 34928U 20001A   26236.50000000  .00001000  00000+0  10000-4 0  9998
2 34928  75.4501  68.7292 0142403 170.6361   7.8541 14.12685111000018
COSMOS 2251 DEBRIS #1129
1 34929U 20001A   26236.50000000  .00001000  00000+0  10000-4 0  9999
2 34929  72.3305  54.8720 0319143 169.7361 309.5267 15.12773374000012
COSMOS 2251 DEBRIS #1130
1 34930U 20001A   26236.50000000  .00001000  00000+0  10000-4 0  9991
2 34930  74.4261  72.4818 0260549  18.3320   2.8347 14.86767707000016
COSMOS 2251 DEBRIS #1131
1 34931U 20001A   26236.50000000  .00001000  00000+0  10000-4 0  9992
2 34931  74.6520 256.7134 0440974 265.3482 214.5022 14.89723252000012
COSMOS 2251 DEBRIS #1132
1 34932U 20001A   26236.50000000  .00001000  00000+0  10000-4 0  9993
2 34932  74.2715 104.6788 0224498 212.7741 220.1383 14.17220192000015
COSMOS 2251 DEBRIS #1133
1 34933U 20001A   26236.50000000  .00001000  00000+0  10000-4 0  9994
2 34933  74.8933 294.0081 0224676 190.1912 151.9216 14.62858066000014
COSMOS 2251 DEBRIS #1134
1 34934U 20001A   26236.50000000  .00001000  00000+0  10000-4 0  9995
2 34934  73.0793  22.8638 0402865 170.4017 178.1240 14.03427492000018
COSMOS 2251 DEBRIS #1135
1 34935U 20001A   26236.50000000  .00001000  00000+0  10000-4 0  9996
2 34935  76.1948 124.8351 0316906 103.6839  69.1925 13.24161385000017
COSMOS 2251 DEBRIS #1136
1 34936U 20001A   26236.50000000  .00001000  00000+0  10000-4 0  9997
2 34936  73.2192  83.5571 0106669 122.0951 216.7560 15.01814031000010
COSMOS 2251 DEBRIS #1137
1 34937U 20001A   26236.50000000  .00001000  00000+0  10000-4 0  9998
2 34937  75.7123 236.5049 0067709 256.0987 345.5292 13.78678808000015
COSMOS 2251 DEBRIS #1138
1 34938U 20001A   26236.50000000  .00001000  00000+0  10000-4 0  9999
2 34938  75.6654 242.3186 0333217 287.9118 304.0313 14.79194533000014
COSMOS 2251 DEBRIS #1139
1 34939U 20001A   26236.50000000  .00001000  00000+0  10000-4 0  9990
2 34939  74.6092 101.6846 0339671  46.4748  71.8143 14.53411290000011
COSMOS 2251 DEBRIS #1140
1 34940U 20001A   26236.50000000  .00001000  00000+0  10000-4 0  9992
2 34940  74.5287  36.3253 0193033 109.3147  75.3959 15.18753447000015
COSMOS 2251 DEBRIS #1141
1 34941U 20001A   26236.50000000  .00001000  00000+0  10000-4 0  9993
2 34941  71.7352   6.5270 0397598  57.0980 298.0615 13.91408775000015
COSMOS 2251 DEBRIS #1142
1 34942U 20001A   26236.50000000  .00001000  00000+0  10000-4 0  9994
2 34942  75.9723  11.5092 0038012 222.3227  43.4477 14.06124093000019
COSMOS 2251 DEBRIS #1143
1 34943U 20001A   26236.50000000  .00001000  00000+0  10000-4 0  9995
2 34943  72.6205  92.8160 0159742  16.8035 315.9769 13.91048195000016
COSMOS 2251 DEBRIS #1144
1 34944U 20001A   26236.50000000  .00001000  00000+0  10000-4 0  9996
2 34944  72.8375  54.4242 0313659 241.0149 254.3058 14.23077489000010
COSMOS 2251 DEBRIS #1145
1 34945U 20001A   26236.50000000  .00001000  00000+0  10000-4 0  9997
2 34945  76.1332 157.6176 0211139  39.9351  38.1211 14.88319395000017
COSMOS 2251 DEBRIS #1146
1 34946U 20001A   26236.50000000  .00001000  00000+0  10000-4 0  9998
2 34946  74.5529 281.5763 0426848  15.1090  37.9480 14.84722046000010
COSMOS 2251 DEBRIS #1147
1 34947U 20001A   26236.50000000  .00001000  00000+0  10000-4 0  9999
2 34947  74.6496 313.5130 0410833 105.1643 158.9464 13.51406509000012
COSMOS 2251 DEBRIS #1148
1 34948U 20001A   26236.50000000  .00001000  00000+0  10000-4 0  9990
2 34948  74.0295 263.7187 0053689 120.4587  49.5981 14.49418594000015
COSMOS 2251 DEBRIS #1149
1 34949U 20001A   26236.50000000  .00001000  00000+0  10000-4 0  9991
2 34949  75.7430 158.0790 0192929  88.3138 291.2923 14.73806633000010
COSMOS 2251 DEBRIS #1150
1 34950U 20001A   26236.50000000  .00001000  00000+0  10000-4 0  9993
2 34950  73.2066 181.8082 0047502 271.7443 129.8316 13.94487271000018
COSMOS 2251 DEBRIS #1151
1 34951U 20001A   26236.50000000  .00001000  00000+0  10000-4 0  9994
2 34951  74.8250  54.5800 0341543  82.1455 288.6367 14.04344442000018
COSMOS 2251 DEBRIS #1152
1 34952U 20001A   26236.50000000  .00001000  00000+0  10000-4 0  9995
2 34952  73.5670 147.3514 0211851 286.0586 130.2388 14.90478096000015
COSMOS 2251 DEBRIS #1153
1 34953U 20001A   26236.50000000  .00001000  00000+0  10000-4 0  9996
2 34953  71.6488  52.4104 0014377 339.7114  30.5202 14.81249373000011
COSMOS 2251 DEBRIS #1154
1 34954U 20001A   26236.50000000  .00001000  00000+0  10000-4 0  9997
2 34954  73.0740 353.5002 0082302 273.3093 237.6634 13.32293666000011
COSMOS 2251 DEBRIS #1155
1 34955U 20001A   26236.50000000  .00001000  00000+0  10000-4 0  9998
2 34955  74.7073 324.9040 0035436 256.8130 237.7302 14.46321512000018
COSMOS 2251 DEBRIS #1156
1 34956U 20001A   26236.50000000  .00001000  00000+0  10000-4 0  9999
2 34956  74.0989 106.4608 0186881 199.2998 109.5563 14.56174131000013
COSMOS 2251 DEBRIS #1157
1 34957U 20001A   26236.50000000  .00001000  00000+0  10000-4 0  9990
2 34957  75.2135 327.3231 0013476 190.0050 331.3622 13.75956149000011
COSMOS 2251 DEBRIS #1158
1 34958U 20001A   26236.50000000  .00001000  00000+0  10000-4 0  9991
2 34958  75.0015 160.6281 0100258 283.8030 234.7334 14.28885058000019
COSMOS 2251 DEBRIS #1159
1 34959U 20001A   26236.50000000  .00001000  00000+0  10000-4 0  9992
2 34959  74.9874 319.5630 0353887  71.0265 108.5513 14.00901141000018
COSMOS 2251 DEBRIS #1160
1 34960U 20001A   26236.50000000  .00001000  00000+0  10000-4 0  9994
2 34960  71.6849 120.4175 0329043  45.3620 357.0926 14.68010444000015
COSMOS 2251 DEBRIS #1161
1 34961U 20001A   26236.50000000  .00001000  00000+0  10000-4 0  9995
2 34961  72.9196  33.4150 0252785 272.5367  57.6098 14.24267173000019
COSMOS 2251 DEBRIS #1162
1 34962U 20001A   26236.50000000  .00001000  00000+0  10000-4 0  9996
2 34962  71.6395 286.7755 0270701 278.6968 261.5433 13.68267956000018
COSMOS 2251 DEBRIS #1163
1 34963U 20001A   26236.50000000  .00001000  00000+0  10000-4 0  9997
2 34963  76.4348  39.7591 0036376 225.7162 127.6104 13.94595774000019
COSMOS 2251 DEBRIS #1164
1 34964U 20001A   26236.50000000  .00001000  00000+0  10000-4 0  9998
2 34964  71.7387 234.3465 0064889 265.2691 163.1330 13.79592223000015
COSMOS 2251 DEBRIS #1165
1 34965U 20001A   26236.50000000  .00001000  00000+0  10000-4 0  9999
2 34965  76.4148 289.9395 0445160 321.9620 225.9880 14.33119445000017
COSMOS 2251 DEBRIS #1166
1 34966U 20001A   26236.50000000  .00001000  00000+0  10000-4 0  9990
2 34966  74.1664 214.3976 0164148 282.5241 257.3476 13.76907099000014
COSMOS 2251 DEBRIS #1167
1 34967U 20001A   26236.50000000  .00001000  00000+0  10000-4 0  9991
2 34967  74.8622 257.1664 0238653 118.0249 209.6529 13.69526666000017
COSMOS 2251 DEBRIS #1168
1 34968U 20001A   26236.50000000  .00001000  00000+0  10000-4 0  9992
2 34968  75.6142 130.0563 0053114 298.2375  29.5010 14.62328084000011
COSMOS 2251 DEBRIS #1169
1 34969U 20001A   26236.50000000  .00001000  00000+0  10000-4 0  9993
2 34969  71.8110 319.8633 0219551 132.9459 189.4520 14.09232817000017
COSMOS 2251 DEBRIS #1170
1 34970U 20001A   26236.50000000  .00001000  00000+0  10000-4 0  9995
2 34970  74.4412 186.8202 0183704 179.5778 152.4320 13.72738742000013
COSMOS 2251 DEBRIS #1171
1 34971U 20001A   26236.50000000  .00001000  00000+0  10000-4 0  9996
2 34971  73.7004 335.1728 0225398 296.5723  51.9646 15.14654497000017
COSMOS 2251 DEBRIS #1172
1 34972U 20001A   26236.50000000  .00001000  00000+0  10000-4 0  9997
2 34972  72.1356 256.0142 0066929 310.7778  42.5009 14.60904937000010
COSMOS 2251 DEBRIS #1173
1 34973U 20001A   26236.50000000  .00001000  00000+0  10000-4 0  9998
2 34973  72.5632 170.4080 0338458 132.9595 342.6558 15.08813912000010
COSMOS 2251 DEBRIS #1174
1 34974U 20001A   26236.50000000  .00001000  00000+0  10000-4 0  9999
2 34974  74.5080 147.1031 0063181  14.5016  55.1896 14.34352951000018
COSMOS 2251 DEBRIS #1175
1 34975U 20001A   26236.50000000  .00001000  00000+0  10000-4 0  9990
2 34975  73.3573 356.7672 0143434 284.8333  51.1703 14.17185108000018
COSMOS 2251 DEBRIS #1176
1 34976U 20001A   26236.50000000  .00001000  00000+0  10000-4 0  9991
2 34976  74.4481  17.5144 0403471  77.6093 294.8850 14.97811441000019
COSMOS 2251 DEBRIS #1177
1 34977U 20001A   26236.50000000  .00001000  00000+0  10000-4 0  9992
2 34977  73.9440  44.0380 0163405 150.3271 206.3013 14.94085307000013
COSMOS 2251 DEBRIS #1178
1 34978U 20001A   26236.50000000  .00001000  00000+0  10000-4 0  9993
2 34978  74.3288 324.1034 0353793 259.2121 218.0555 14.15045510000017
COSMOS 2251 DEBRIS #1179
1 34979U 20001A   26236.50000000  .00001000  00000+0  10000-4 0  9994
2 34979  75.3098 181.7150 0212811 161.6669 311.8844 14.09985878000018
COSMOS 2251 DEBRIS #1180
1 34980U 20001A   26236.50000000  .00001000  00000+0  10000-4 0  9996
2 34980  73.1261 287.9322 0302381  83.8160 142.3430 14.01925665000019
COSMOS 2251 DEBRIS #1181
1 34981U 20001A   26236.50000000  .00001000  00000+0  10000-4 0  9997
2 34981  74.2050 344.9086 0401618 232.5300 311.7433 14.67182559000015
COSMOS 2251 DEBRIS #1182
1 34982U 20001A   26236.50000000  .00001000  00000+0  10000-4 0  9998
2 34982  75.0360 205.9181 0360309 201.9760  44.5614 14.61479770000012
COSMOS 2251 DEBRIS #1183
1 34983U 20001A   26236.50000000  .00001000  00000+0  10000-4 0  9999
2 34983  74.2968  69.2736 0282229  19.0348 205.2880 14.35371117000017
COSMOS 2251 DEBRIS #1184
1 34984U 20001A   26236.50000000  .00001000  00000+0  10000-4 0  9990
2 34984  72.4470 171.3008 0404620 337.0255  64.7076 13.44056635000013
COSMOS 2251 DEBRIS #1185
1 34985U 20001A   26236.50000000  .00001000  00000+0  10000-4 0  9991
2 34985  71.5949 283.2325 0117926 319.5561 159.9226 14.61123540000019
COSMOS 2251 DEBRIS #1186
1 34986U 20001A   26236.50000000  .00001000  00000+0  10000-4 0  9992
2 34986  75.5346 218.4677 0186791 310.3108   8.3748 13.28996729000012
COSMOS 2251 DEBRIS #1187
1 34987U 20001A   26236.50000000  .00001000  00000+0  10000-4 0  9993
2 34987  73.6851 149.3771 0388245  92.5840  41.2721 13.83476487000012
COSMOS 2251 DEBRIS #1188
1 34988U 20001A   26236.50000000  .00001000  00000+0  10000-4 0  9994
2 34988  71.9967  60.5362 0073375  32.2663 110.4459 13.71110905000015
COSMOS 2251 DEBRIS #1189
1 34989U 20001A   26236.50000000  .00001000  00000+0  10000-4 0  9995
2 34989  73.5364  60.9088 0280369   9.7816  21.0606 13.85058139000012
COSMOS 2251 DEBRIS #1190
1 34990U 20001A   26236.50000000  .00001000  00000+0  10000-4 0  9997
2 34990  73.4497 115.2149 0191642 135.1847 297.9869 13.84843558000016
COSMOS 2251 DEBRIS #1191
1 34991U 20001A   26236.50000000  .00001000  00000+0  10000-4 0  9998
2 34991  72.1048  72.9214 0340938 177.4726 270.8604 14.37205815000010
COSMOS 2251 DEBRIS #1192
1 34992U 20001A   26236.50000000  .00001000  00000+0  10000-4 0  9999
2 34992  73.4252  41.4293 0036678 146.5475 174.3017 14.12964707000012
COSMOS 2251 DEBRIS #1193
1 34993U 20001A   26236.50000000  .00001000  00000+0  10000-4 0  9990
2 34993  73.5375  84.1466 0399908 346.8509 243.0351 13.73831948000018
COSMOS 2251 DEBRIS #1194
1 34994U 20001A   26236.50000000  .00001000  00000+0  10000-4 0  9991
2 34994  72.7316 199.6947 0355494 146.4285  30.2070 13.80922568000019
COSMOS 2251 DEBRIS #1195
1 34995U 20001A   26236.50000000  .00001000  00000+0  10000-4 0  9992
2 34995  74.6790  73.2445 0435881 354.7111 281.5285 13.94661044000011
COSMOS 2251 DEBRIS #1196
1 34996U 20001A   26236.50000000  .00001000  00000+0  10000-4 0  9993
2 34996  74.1877 152.5509 0411056   0.3604 167.2747 14.10348400000014
COSMOS 2251 DEBRIS #1197
1 34997U 20001A   26236.50000000  .00001000  00000+0  10000-4 0  9994
2 34997  75.6469 104.1298 0437715 336.0625 173.5871 13.20108586000015
COSMOS 2251 DEBRIS #1198
1 34998U 20001A   26236.50000000  .00001000  00000+0  10000-4 0  9995
2 34998  74.4893 302.2156 0177267 227.5945 210.6573 13.90283584000011
COSMOS 2251 DEBRIS #1199
1 34999U 20001A   26236.50000000  .00001000  00000+0  10000-4 0  9996
2 34999  74.0516  16.3745 0335240 108.2298 142.3098 14.32616316000013
COSMOS 2251 DEBRIS #1200
1 35000U 20001A   26236.50000000  .00001000  00000+0  10000-4 0  9990
2 35000  72.1149  50.2741 0254850 155.5065 219.7603 13.75891660000019
FENGYUN 1C DEBRIS #1
1 31201U 20001A   26236.50000000  .00001000  00000+0  10000-4 0  9999
2 31201 101.3445 114.5894 0415618  94.0898 270.9698 13.42232462000013
FENGYUN 1C DEBRIS #2
1 31202U 20001A   26236.50000000  .00001000  00000+0  10000-4 0  9990
2 31202  98.3163  88.5342 0590152 165.5278 215.8249 13.41991153000015
FENGYUN 1C DEBRIS #3
1 31203U 20001A   26236.50000000  .00001000  00000+0  10000-4 0  9991
2 31203  95.6952 249.0642 0394937 171.5504 324.5202 12.60491403000011
FENGYUN 1C DEBRIS #4
1 31204U 20001A   26236.50000000  .00001000  00000+0  10000-4 0  9992
2 31204  99.6362 148.7387 0539255 274.4875 193.7273 14.28791922000019
FENGYUN 1C DEBRIS #5
1 31205U 20001A   26236.50000000  .00001000  00000+0  10000-4 0  9993
2 31205 100.3238 233.6750 0064963 299.5502 241.7807 12.67427405000014
FENGYUN 1C DEBRIS #6
1 31206U 20001A   26236.50000000  .00001000  00000+0  10000-4 0  9994
2 31206  99.6335 127.0781 0491413 128.8677  63.7872 14.58592040000018
FENGYUN 1C DEBRIS #7
1 31207U 20001A   26236.50000000  .00001000  00000+0  10000-4 0  9995
2 31207 100.2078 250.9308 0024890 337.0492 160.0480 13.71046208000013
FENGYUN 1C DEBRIS #8
1 31208U 20001A   26236.50000000  .00001000  00000+0  10000-4 0  9996
2 31208  96.9291   7.1214 0183058 128.8156  32.3879 14.81135686000019
FENGYUN 1C DEBRIS #9
1 31209U 20001A   26236.50000000  .00001000  00000+0  10000-4 0  9997
2 31209  99.2807 109.1443 0436329 177.7711 130.6797 13.16221907000018
FENGYUN 1C DEBRIS #10
1 31210U 20001A   26236.50000000  .00001000  00000+0  10000-4 0  9999
2 31210  97.2845 325.6227 0430041  70.5912 295.6044 13.10180717000017
FENGYUN 1C DEBRIS #11
1 31211U 20001A   26236.50000000  .00001000  00000+0  10000-4 0  9990
2 31211  97.9765 313.1698 0350079 198.6427 237.5418 13.78562717000013
FENGYUN 1C DEBRIS #12
1 31212U 20001A   26236.50000000  .00001000  00000+0  10000-4 0  9991
2 31212  98.9942 245.6581 0347781  46.1687  23.4178 12.75686550000016
FENGYUN 1C DEBRIS #13
1 31213U 20001A   26236.50000000  .00001000  00000+0  10000-4 0  9992
2 31213  97.1577 205.1652 0152219 281.6110  69.0666 13.85539190000016
FENGYUN 1C DEBRIS #14
1 31214U 20001A   26236.50000000  .00001000  00000+0  10000-4 0  9993
2 31214  99.6679 357.1025 0421931  91.0516 201.6418 13.87905964000019
FENGYUN 1C DEBRIS #15
1 31215U 20001A   26236.50000000  .00001000  00000+0  10000-4 0  9994
2 31215  98.3236 337.6405 0391760  18.6706 337.9534 14.86337814000017
FENGYUN 1C DEBRIS #16
1 31216U 20001A   26236.50000000  .00001000  00000+0  10000-4 0  9995
2 31216  98.1953 358.2383 0178940 167.9712 130.1299 14.23241634000010
FENGYUN 1C DEBRIS #17
1 31217U 20001A   26236.50000000  .00001000  00000+0  10000-4 0  9996
2 31217 100.1541 318.1689 0150237 151.2223 161.5901 13.26703927000012
FENGYUN 1C DEBRIS #18
1 31218U 20001A   26236.50000000  .00001000  00000+0  10000-4 0  9997
2 31218  95.6310  70.0589 0067449   9.1339 265.4799 13.97236708000014
FENGYUN 1C DEBRIS #19
1 31219U 20001A   26236.50000000  .00001000  00000+0  10000-4 0  9998
2 31219 101.4686 152.5753 0063175  59.2134 111.8901 13.19996199000017
FENGYUN 1C DEBRIS #20
1 31220U 20001A   26236.50000000  .00001000  00000+0  10000-4 0  9990
2 31220  99.3560  34.8214 0298380 213.3111 225.4670 14.53934178000018
FENGYUN 1C DEBRIS #21
1 31221U 20001A   26236.50000000  .00001000  00000+0  10000-4 0  9991
2 31221  97.6058  90.1474 0082547 122.6887  19.5958 13.17206211000013
FENGYUN 1C DEBRIS #22
1 31222U 20001A   26236.50000000  .00001000  00000+0  10000-4 0  9992
2 31222  97.6015 285.8800 0567257 223.0440 275.0755 14.46179873000010
FENGYUN 1C DEBRIS #23
1 31223U 20001A   26236.50000000  .00001000  00000+0  10000-4 0  9993
2 31223  99.3521 208.4164 0069610  12.0037 112.7806 12.74564867000018
FENGYUN 1C DEBRIS #24
1 31224U 20001A   26236.50000000  .00001000  00000+0  10000-4 0  9994
2 31224 100.6862  23.4102 0093970 159.0906 108.5296 14.80587789000016
FENGYUN 1C DEBRIS #25
1 31225U 20001A   26236.50000000  .00001000  00000+0  10000-4 0  9995
2 31225  99.3571  23.6845 0412987 106.1700 137.3240 13.94221932000010
FENGYUN 1C DEBRIS #26
1 31226U 20001A   26236.50000000  .00001000  00000+0  10000-4 0  9996
2 31226  96.1750 270.7068 0155204 237.5007   3.8184 14.03898205000010
FENGYUN 1C DEBRIS #27
1 31227U 20001A   26236.50000000  .00001000  00000+0  10000-4 0  9997
2 31227  97.9035 286.2593 0530364 122.2619 337.5305 14.08615333000010
FENGYUN 1C DEBRIS #28
1 31228U 20001A   26236.50000000  .00001000  00000+0  10000-4 0  9998
2 31228 100.2976 163.4676 0210352  36.9683 214.2630 13.06195516000010
FENGYUN 1C DEBRIS #29
1 31229U 20001A   26236.50000000  .00001000  00000+0  10000-4 0  9999
2 31229  96.0053 284.1899 0132296 229.4509  92.2630 13.97570912000014
FENGYUN 1C DEBRIS #30
1 31230U 20001A   26236.50000000  .00001000  00000+0  10000-4 0  9991
2 31230  98.1260 260.8643 0277882 286.9292  21.7768 13.18356595000016
FENGYUN 1C DEBRIS #31
1 31231U 20001A   26236.50000000  .00001000  00000+0  10000-4 0  9992
2 31231  97.4700 156.9053 0576649 112.0278 318.6799 14.41049672000018
FENGYUN 1C DEBRIS #32
1 31232U 20001A   26236.50000000  .00001000  00000+0  10000-4 0  9993
2 31232 100.2530  53.0673 0199031 132.7788   2.9095 13.42296076000013
FENGYUN 1C DEBRIS #33
1 31233U 20001A   26236.50000000  .00001000  00000+0  10000-4 0  9994
2 31233  99.1186 244.1881 0053244 300.6630 309.1328 13.81705888000018
FENGYUN 1C DEBRIS #34
1 31234U 20001A   26236.50000000  .00001000  00000+0  10000-4 0  9995
2 31234  98.1324  70.3466 0136215 282.6950 122.9587 14.78040052000014
FENGYUN 1C DEBRIS #35
1 31235U 20001A   26236.50000000  .00001000  00000+0  10000-4 0  9996
2 31235  99.6072 250.1214 0589515 119.2124 208.2279 14.03942953000018
FENGYUN 1C DEBRIS #36
1 31236U 20001A   26236.50000000  .00001000  00000+0  10000-4 0  9997
2 31236 101.3784 221.7971 0262843 163.5488 284.1089 12.98947197000010
FENGYUN 1C DEBRIS #37
1 31237U 20001A   26236.50000000  .00001000  00000+0  10000-4 0  9998
2 31237  95.8532  78.9861 0022144  82.8986 224.6112 13.13526021000016
FENGYUN 1C DEBRIS #38
1 31238U 20001A   26236.50000000  .00001000  00000+0  10000-4 0  9999
2 31238  97.0341 264.4510 0572501 266.4293  73.9139 13.39563626000014
FENGYUN 1C DEBRIS #39
1 31239U 20001A   26236.50000000  .00001000  00000+0  10000-4 0  9990
2 31239  96.7055 356.3561 0230433  10.8063  41.4681 12.77695478000015
FENGYUN 1C DEBRIS #40
1 31240U 20001A   26236.50000000  .00001000  00000+0  10000-4 0  9992
2 31240  97.3435  69.9852 0359698  15.8057  10.6868 14.43727856000015
FENGYUN 1C DEBRIS #41
1 31241U 20001A   26236.50000000  .00001000  00000+0  10000-4 0  9993
2 31241  96.7869  62.6928 0533521 122.3343 199.6218 14.32520802000012
FENGYUN 1C DEBRIS #42
1 31242U 20001A   26236.50000000  .00001000  00000+0  10000-4 0  9994
2 31242  96.6712   7.7371 0508871   7.5578 243.8829 14.78555748000012
FENGYUN 1C DEBRIS #43
1 31243U 20001A   26236.50000000  .00001000  00000+0  10000-4 0  9995
2 31243  97.8735 283.4691 0084362 109.8261  86.4540 14.84667385000017
FENGYUN 1C DEBRIS #44
1 31244U 20001A   26236.50000000  .00001000  00000+0  10000-4 0  9996
2 31244 100.4569 237.9271 0565873 359.1702 317.3990 14.94504443000014
FENGYUN 1C DEBRIS #45
1 31245U 20001A   26236.50000000  .00001000  00000+0  10000-4 0  9997
2 31245 100.8703  23.5359 0103770 286.1633  69.0053 14.81797312000017
FENGYUN 1C DEBRIS #46
1 31246U 20001A   26236.50000000  .00001000  00000+0  10000-4 0  9998
2 31246  97.8692 134.7319 0367738  88.0379  16.6303 14.94475570000012
FENGYUN 1C DEBRIS #47
1 31247U 20001A   26236.50000000  .00001000  00000+0  10000-4 0  9999
2 31247  99.2962  68.0768 0330571 117.9650  19.1732 14.49501069000012
FENGYUN 1C DEBRIS #48
1 31248U 20001A   26236.50000000  .00001000  00000+0  10000-4 0  9990
2 31248 100.3737 314.2265 0513871 318.9003  75.3255 14.92412234000013
FENGYUN 1C DEBRIS #49
1 31249U 20001A   26236.50000000  .00001000  00000+0  10000-4 0  9991
2 31249  96.0884 169.4402 0404831 183.1010 270.4709 12.75569530000019
FENGYUN 1C DEBRIS #50
1 31250U 20001A   26236.50000000  .00001000  00000+0  10000-4 0  9993
2 31250  99.4704 183.2971 0309180 115.8563 134.5963 13.71424147000013
FENGYUN 1C DEBRIS #51
1 31251U 20001A   26236.50000000  .00001000  00000+0  10000-4 0  9994
2 31251  99.7671 257.6340 0306979 144.3406 331.6267 13.24400510000015
FENGYUN 1C DEBRIS #52
1 31252U 20001A   26236.50000000  .00001000  00000+0  10000-4 0  9995
2 31252  99.1039  13.1776 0147325 310.7406 142.5240 13.08720119000015
FENGYUN 1C DEBRIS #53
1 31253U 20001A   26236.50000000  .00001000  00000+0  10000-4 0  9996
2 31253  97.4360 319.9352 0351394 134.6786 198.1987 14.84519738000011
FENGYUN 1C DEBRIS #54
1 31254U 20001A   26236.50000000  .00001000  00000+0  10000-4 0  9997
2 31254  96.4060  30.2501 0277813 210.2264 167.4911 13.44377988000012
FENGYUN 1C DEBRIS #55
1 31255U 20001A   26236.50000000  .00001000  00000+0  10000-4 0  9998
2 31255  99.3268 153.3968 0291179 289.6216 114.1274 13.58148666000012
FENGYUN 1C DEBRIS #56
1 31256U 20001A   26236.50000000  .00001000  00000+0  10000-4 0  9999
2 31256  97.8942  64.6437 0155598 129.2735  29.6707 14.14885165000015
FENGYUN 1C DEBRIS #57
1 31257U 20001A   26236.50000000  .00001000  00000+0  10000-4 0  9990
2 31257 100.6556 184.6048 0393319 333.5781  35.4273 14.48609591000014
FENGYUN 1C DEBRIS #58
1 31258U 20001A   26236.50000000  .00001000  00000+0  10000-4 0  9991
2 31258  96.0281  13.7813 0136177 118.5269 108.9776 13.07195117000011
FENGYUN 1C DEBRIS #59
1 31259U 20001A   26236.50000000  .00001000  00000+0  10000-4 0  9992
2 31259 100.4934 246.0742 0179189 359.2785 359.4258 14.29354233000015
FENGYUN 1C DEBRIS #60
1 31260U 20001A   26236.50000000  .00001000  00000+0  10000-4 0  9994
2 31260 100.1143 266.3356 0549181 107.8107 296.0312 12.62048131000019
FENGYUN 1C DEBRIS #61
1 31261U 20001A   26236.50000000  .00001000  00000+0  10000-4 0  9995
2 31261 100.2988 145.3720 0255339 235.9111 169.9214 13.99188907000012
FENGYUN 1C DEBRIS #62
1 31262U 20001A   26236.50000000  .00001000  00000+0  10000-4 0  9996
2 31262  98.6759 274.0178 0106583  81.6935 269.6893 13.55401268000013
FENGYUN 1C DEBRIS #63
1 31263U 20001A   26236.50000000  .00001000  00000+0  10000-4 0  9997
2 31263  98.4466 185.6971 0475865 260.1037 166.1044 14.41829112000011
FENGYUN 1C DEBRIS #64
1 31264U 20001A   26236.50000000  .00001000  00000+0  10000-4 0  9998
2 31264 100.3515 112.7069 0128951 251.2589  75.4505 14.44831456000014
FENGYUN 1C DEBRIS #65
1 31265U 20001A   26236.50000000  .00001000  00000+0  10000-4 0  9999
2 31265  98.2998 201.0409 0237326  46.2044 339.6074 13.98602028000015
FENGYUN 1C DEBRIS #66
1 31266U 20001A   26236.50000000  .00001000  00000+0  10000-4 0  9990
2 31266  95.6581 291.7445 0503893 150.8930 246.8746 13.41557338000018
FENGYUN 1C DEBRIS #67
1 31267U 20001A   26236.50000000  .00001000  00000+0  10000-4 0  9991
2 31267  98.0202 280.3116 0331810   8.3663 282.7288 13.38259083000015
FENGYUN 1C DEBRIS #68
1 31268U 20001A   26236.50000000  .00001000  00000+0  10000-4 0  9992
2 31268 101.1329  55.3288 0572529 226.7422 217.0810 13.39260127000019
FENGYUN 1C DEBRIS #69
1 31269U 20001A   26236.50000000  .00001000  00000+0  10000-4 0  9993
2 31269  99.2470 312.1001 0588499 140.6290 192.4166 13.09009108000018
FENGYUN 1C DEBRIS #70
1 31270U 20001A   26236.50000000  .00001000  00000+0  10000-4 0  9995
2 31270  96.7300  39.1098 0350318 322.1078  33.5669 13.68368478000010
FENGYUN 1C DEBRIS #71
1 31271U 20001A   26236.50000000  .00001000  00000+0  10000-4 0  9996
2 31271  96.2259 199.0464 0038594 175.9008  67.2092 14.25365892000013
FENGYUN 1C DEBRIS #72
1 31272U 20001A   26236.50000000  .00001000  00000+0  10000-4 0  9997
2 31272  96.0169 346.6780 0184614 237.4452  25.1926 13.15929462000011
FENGYUN 1C DEBRIS #73
1 31273U 20001A   26236.50000000  .00001000  00000+0  10000-4 0  9998
2 31273  95.9447 186.6714 0119658 147.9100  56.5328 14.66329763000018
FENGYUN 1C DEBRIS #74
1 31274U 20001A   26236.50000000  .00001000  00000+0  10000-4 0  9999
2 31274  96.2645 193.1231 0297385 343.8348 311.6518 12.76503118000018
FENGYUN 1C DEBRIS #75
1 31275U 20001A   26236.50000000  .00001000  00000+0  10000-4 0  9990
2 31275  96.3796  74.0437 0270676 170.9208 217.3354 14.30321187000016
FENGYUN 1C DEBRIS #76
1 31276U 20001A   26236.50000000  .00001000  00000+0  10000-4 0  9991
2 31276 101.2349 211.4971 0311435  99.1588   2.6796 14.24360623000015
FENGYUN 1C DEBRIS #77
1 31277U 20001A   26236.50000000  .00001000  00000+0  10000-4 0  9992
2 31277  96.4562  23.0292 0251557 189.3083 327.7089 14.53815800000011
FENGYUN 1C DEBRIS #78
1 31278U 20001A   26236.50000000  .00001000  00000+0  10000-4 0  9993
2 31278 100.8754 165.6736 0354156 103.6482 317.1579 14.36949771000015
FENGYUN 1C DEBRIS #79
1 31279U 20001A   26236.50000000  .00001000  00000+0  10000-4 0  9994
2 31279  98.3378 252.1140 0432755 220.6899 291.5945 13.31387695000011
FENGYUN 1C DEBRIS #80
1 31280U 20001A   26236.50000000  .00001000  00000+0  10000-4 0  9996
2 31280  96.6508  89.6885 0541979 164.8181 327.8999 14.35978549000011
FENGYUN 1C DEBRIS #81
1 31281U 20001A   26236.50000000  .00001000  00000+0  10000-4 0  9997
2 31281  96.7007 204.7015 0248259  86.2903 313.3943 14.86964967000010
FENGYUN 1C DEBRIS #82
1 31282U 20001A   26236.50000000  .00001000  00000+0  10000-4 0  9998
2 31282  97.2427 226.1100 0189295 251.2958 260.0674 14.79911120000018
FENGYUN 1C DEBRIS #83
1 31283U 20001A   26236.50000000  .00001000  00000+0  10000-4 0  9999
2 31283  96.9035 177.6555 0595586 358.3139  27.5521 13.92677735000010
FENGYUN 1C DEBRIS #84
1 31284U 20001A   26236.50000000  .00001000  00000+0  10000-4 0  9990
2 31284  96.2313 275.9541 0209087  90.9960 182.1832 13.68224636000013
FENGYUN 1C DEBRIS #85
1 31285U 20001A   26236.50000000  .00001000  00000+0  10000-4 0  9991
2 31285  98.3730  26.3504 0422801 137.2160 268.5447 14.39936674000017
FENGYUN 1C DEBRIS #86
1 31286U 20001A   26236.50000000  .00001000  00000+0  10000-4 0  9992
2 31286 100.7346 142.8028 0026227 330.1693 117.7597 12.87523852000013
FENGYUN 1C DEBRIS #87
1 31287U 20001A   26236.50000000  .00001000  00000+0  10000-4 0  9993
2 31287 100.0921 174.5133 0059577  87.2257 342.0066 13.91622850000013
FENGYUN 1C DEBRIS #88
1 31288U 20001A   26236.50000000  .00001000  00000+0  10000-4 0  9994
2 31288  96.4415 295.3536 0508106   6.5038  36.1854 13.00941383000018
FENGYUN 1C DEBRIS #89
1 31289U 20001A   26236.50000000  .00001000  00000+0  10000-4 0  9995
2 31289  97.3649 192.4754 0246692 274.8921 243.8579 12.78620472000015
FENGYUN 1C DEBRIS #90
1 31290U 20001A   26236.50000000  .00001000  00000+0  10000-4 0  9997
2 31290  96.5210 128.9113 0145670 243.0159  77.8199 12.68266763000011
FENGYUN 1C DEBRIS #91
1 31291U 20001A   26236.50000000  .00001000  00000+0  10000-4 0  9998
2 31291  99.7805 301.1404 0490676 257.9078 322.9236 14.13842925000016
FENGYUN 1C DEBRIS #92
1 31292U 20001A   26236.50000000  .00001000  00000+0  10000-4 0  9999
2 31292  97.9437 110.9967 0050400 278.0675 276.1611 12.61119776000011
FENGYUN 1C DEBRIS #93
1 31293U 20001A   26236.50000000  .00001000  00000+0  10000-4 0  9990
2 31293 101.1729 134.8721 0158353 151.8058 356.1446 12.81932743000010
FENGYUN 1C DEBRIS #94
1 31294U 20001A   26236.50000000  .00001000  00000+0  10000-4 0  9991
2 31294  97.6227  69.1747 0407990 317.6230 286.8927 13.12936284000011
FENGYUN 1C DEBRIS #95
1 31295U 20001A   26236.50000000  .00001000  00000+0  10000-4 0  9992
2 31295 100.5827  60.4378 0116887  38.7662 117.7709 13.59763202000017
FENGYUN 1C DEBRIS #96
1 31296U 20001A   26236.50000000  .00001000  00000+0  10000-4 0  9993
2 31296  98.9723  68.2371 0140129 338.0124  43.4894 13.90008637000016
FENGYUN 1C DEBRIS #97
1 31297U 20001A   26236.50000000  .00001000  00000+0  10000-4 0  9994
2 31297  96.8827 128.3675 0120700 113.8465 140.1072 13.56513478000013
FENGYUN 1C DEBRIS #98
1 31298U 20001A   26236.50000000  .00001000  00000+0  10000-4 0  9995
2 31298  98.3527  23.7659 0492749 132.8328  24.2393 14.15986799000016
FENGYUN 1C DEBRIS #99
1 31299U 20001A   26236.50000000  .00001000  00000+0  10000-4 0  9996
2 31299  96.9114 108.5523 0367344  36.6529 193.0254 14.95944598000011
FENGYUN 1C DEBRIS #100
1 31300U 20001A   26236.50000000  .00001000  00000+0  10000-4 0  9999
2 31300 101.5432 306.1674 0119446 215.9522 353.3097 14.90168329000017
FENGYUN 1C DEBRIS #101
1 31301U 20001A   26236.50000000  .00001000  00000+0  10000-4 0  9990
2 31301  99.7779 244.0442 0583972 119.5368 228.7272 14.26492979000019
FENGYUN 1C DEBRIS #102
1 31302U 20001A   26236.50000000  .00001000  00000+0  10000-4 0  9991
2 31302 100.9038 114.4681 0513901 120.6379 219.0720 13.75711291000013
FENGYUN 1C DEBRIS #103
1 31303U 20001A   26236.50000000  .00001000  00000+0  10000-4 0  9992
2 31303  99.1102 137.6537 0391543 211.4887 355.8171 13.15782115000017
FENGYUN 1C DEBRIS #104
1 31304U 20001A   26236.50000000  .00001000  00000+0  10000-4 0  9993
2 31304  96.9956 221.8855 0540132 265.6488 272.6085 13.34123671000014
FENGYUN 1C DEBRIS #105
1 31305U 20001A   26236.50000000  .00001000  00000+0  10000-4 0  9994
2 31305  99.3186  21.5723 0237223  54.6014  73.5787 13.31187535000014
FENGYUN 1C DEBRIS #106
1 31306U 20001A   26236.50000000  .00001000  00000+0  10000-4 0  9995
2 31306  95.8274 332.4273 0366883 266.1320 118.3283 14.87010359000013
FENGYUN 1C DEBRIS #107
1 31307U 20001A   26236.50000000  .00001000  00000+0  10000-4 0  9996
2 31307  97.2688 231.6967 0461086 351.9243 233.2967 13.85009486000019
FENGYUN 1C DEBRIS #108
1 31308U 20001A   26236.50000000  .00001000  00000+0  10000-4 0  9997
2 31308  97.3307   8.5296 0511222  87.2096 194.1522 13.39504865000010
FENGYUN 1C DEBRIS #109
1 31309U 20001A   26236.50000000  .00001000  00000+0  10000-4 0  9998
2 31309 101.0398 239.4022 0164036 259.0208 218.9028 14.24963961000014
FENGYUN 1C DEBRIS #110
1 31310U 20001A   26236.50000000  .00001000  00000+0  10000-4 0  9990
2 31310  97.8889 115.7893 0276569 313.1520  25.1946 12.61450238000013
FENGYUN 1C DEBRIS #111
1 31311U 20001A   26236.50000000  .00001000  00000+0  10000-4 0  9991
2 31311  96.7548 228.3721 0102088  33.0334 213.3470 13.09012803000018
FENGYUN 1C DEBRIS #112
1 31312U 20001A   26236.50000000  .00001000  00000+0  10000-4 0  9992
2 31312 100.5873 335.4526 0157059 260.9961 112.1267 12.78759483000019
FENGYUN 1C DEBRIS #113
1 31313U 20001A   26236.50000000  .00001000  00000+0  10000-4 0  9993
2 31313  99.9300  88.1730 0122332 102.7270 161.3776 13.19752663000017
FENGYUN 1C DEBRIS #114
1 31314U 20001A   26236.50000000  .00001000  00000+0  10000-4 0  9994
2 31314  99.4136  97.8699 0473147 350.1199 143.3680 12.79203833000012
FENGYUN 1C DEBRIS #115
1 31315U 20001A   26236.50000000  .00001000  00000+0  10000-4 0  9995
2 31315  96.6066 158.8954 0313069 273.7168 295.0574 14.36382745000010
FENGYUN 1C DEBRIS #116
1 31316U 20001A   26236.50000000  .00001000  00000+0  10000-4 0  9996
2 31316 100.3614   7.1320 0241223 273.1890 331.7517 14.64970130000011
FENGYUN 1C DEBRIS #117
1 31317U 20001A   26236.50000000  .00001000  00000+0  10000-4 0  9997
2 31317  99.1711  55.0075 0441455 166.9144 163.2971 13.21750013000014
FENGYUN 1C DEBRIS #118
1 31318U 20001A   26236.50000000  .00001000  00000+0  10000-4 0  9998
2 31318  97.8509 218.1691 0061724 168.9331  55.7008 12.92797524000019
FENGYUN 1C DEBRIS #119
1 31319U 20001A   26236.50000000  .00001000  00000+0  10000-4 0  9999
2 31319  96.7378   4.6203 0310405 176.9233 333.2488 14.34082890000019
FENGYUN 1C DEBRIS #120
1 31320U 20001A   26236.50000000  .00001000  00000+0  10000-4 0  9991
2 31320 101.2417 349.3773 0236424 230.7775 211.7912 13.77492267000017
FENGYUN 1C DEBRIS #121
1 31321U 20001A   26236.50000000  .00001000  00000+0  10000-4 0  9992
2 31321  98.0527  13.9777 0554529 203.6191  69.9222 13.52358243000016
FENGYUN 1C DEBRIS #122
1 31322U 20001A   26236.50000000  .00001000  00000+0  10000-4 0  9993
2 31322  98.2178  91.8930 0549589 183.4590 175.9039 14.33338870000013
FENGYUN 1C DEBRIS #123
1 31323U 20001A   26236.50000000  .00001000  00000+0  10000-4 0  9994
2 31323  99.7309 250.7239 0397525 264.8391  87.2470 14.82364502000017
FENGYUN 1C DEBRIS #124
1 31324U 20001A   26236.50000000  .00001000  00000+0  10000-4 0  9995
2 31324  95.8070 292.7255 0385952 251.0897 232.3201 14.22342144000011
FENGYUN 1C DEBRIS #125
1 31325U 20001A   26236.50000000  .00001000  00000+0  10000-4 0  9996
2 31325  97.1680 163.9695 0415018 216.7738 342.6402 13.21029128000010
FENGYUN 1C DEBRIS #126
1 31326U 20001A   26236.50000000  .00001000  00000+0  10000-4 0  9997
2 31326 100.6491   4.4415 0467163 330.0778 143.1601 14.14655374000018
FENGYUN 1C DEBRIS #127
1 31327U 20001A   26236.50000000  .00001000  00000+0  10000-4 0  9998
2 31327  99.1170 324.3584 0320751 152.2601 298.7098 13.05317580000016
FENGYUN 1C DEBRIS #128
1 31328U 20001A   26236.50000000  .00001000  00000+0  10000-4 0  9999
2 31328  97.1172 108.7990 0581256 137.8039 110.8724 14.18036654000010
FENGYUN 1C DEBRIS #129
1 31329U 20001A   26236.50000000  .00001000  00000+0  10000-4 0  9990
2 31329  98.0697 315.5042 0442038 229.0249 279.6088 12.81329625000018
FENGYUN 1C DEBRIS #130
1 31330U 20001A   26236.50000000  .00001000  00000+0  10000-4 0  9992
2 31330  97.6664  51.3769 0454263 143.2693 110.9161 14.83204048000017
FENGYUN 1C DEBRIS #131
1 31331U 20001A   26236.50000000  .00001000  00000+0  10000-4 0  9993
2 31331 101.5222 293.9002 0020915 250.6740 188.9863 12.76761959000019
FENGYUN 1C DEBRIS #132
1 31332U 20001A   26236.50000000  .00001000  00000+0  10000-4 0  9994
2 31332  99.5271 263.8952 0118967 253.4570  71.2874 13.49916333000012
FENGYUN 1C DEBRIS #133
1 31333U 20001A   26236.50000000  .00001000  00000+0  10000-4 0  9995
2 31333  96.6919 341.4540 0281383  66.8297  21.2335 14.55448909000015
FENGYUN 1C DEBRIS #134
1 31334U 20001A   26236.50000000  .00001000  00000+0  10000-4 0  9996
2 31334  96.6964 273.2993 0170424 147.1653 225.6615 14.76545589000018
FENGYUN 1C DEBRIS #135
1 31335U 20001A   26236.50000000  .00001000  00000+0  10000-4 0  9997
2 31335  99.3465 312.6103 0116353 135.9823  99.6344 13.30350140000015
FENGYUN 1C DEBRIS #136
1 31336U 20001A   26236.50000000  .00001000  00000+0  10000-4 0  9998
2 31336  97.6529 210.8327 0297180  36.2913  21.9803 14.21473102000019
FENGYUN 1C DEBRIS #137
1 31337U 20001A   26236.50000000  .00001000  00000+0  10000-4 0  9999
2 31337 100.1108   2.6016 0357818  34.8631 188.0404 14.97028520000016
FENGYUN 1C DEBRIS #138
1 31338U 20001A   26236.50000000  .00001000  00000+0  10000-4 0  9990
2 31338  95.6436 217.0746 0592400 335.5662 170.3634 14.42727353000013
FENGYUN 1C DEBRIS #139
1 31339U 20001A   26236.50000000  .00001000  00000+0  10000-4 0  9991
2 31339  97.6222 154.6033 0235055 359.8002 294.0650 14.73636527000019
FENGYUN 1C DEBRIS #140
1 31340U 20001A   26236.50000000  .00001000  00000+0  10000-4 0  9993
2 31340 101.2459 239.4282 0239492 128.1705 118.8919 12.73737971000013
FENGYUN 1C DEBRIS #141
1 31341U 20001A   26236.50000000  .00001000  00000+0  10000-4 0  9994
2 31341  96.2011 164.4909 0425018 319.6694  49.9907 14.34052845000019
FENGYUN 1C DEBRIS #142
1 31342U 20001A   26236.50000000  .00001000  00000+0  10000-4 0  9995
2 31342  99.2115 312.8419 0182091 293.4186 132.6348 14.27823509000013
FENGYUN 1C DEBRIS #143
1 31343U 20001A   26236.50000000  .00001000  00000+0  10000-4 0  9996
2 31343  99.3101 237.1954 0295615  67.6566 355.0253 13.59150382000015
FENGYUN 1C DEBRIS #144
1 31344U 20001A   26236.50000000  .00001000  00000+0  10000-4 0  9997
2 31344 101.3453 292.5429 0029645  16.4715 290.7208 13.46449347000011
FENGYUN 1C DEBRIS #145
1 31345U 20001A   26236.50000000  .00001000  00000+0  10000-4 0  9998
2 31345  97.5532 159.9502 0371922 220.5332  29.2929 13.56039646000018
FENGYUN 1C DEBRIS #146
1 31346U 20001A   26236.50000000  .00001000  00000+0  10000-4 0  9999
2 31346  98.1675 335.3340 0559889 308.5560 325.8730 14.96849151000014
FENGYUN 1C DEBRIS #147
1 31347U 20001A   26236.50000000  .00001000  00000+0  10000-4 0  9990
2 31347 100.0057 105.7907 0133144 187.2196 205.8813 12.94358747000010
FENGYUN 1C DEBRIS #148
1 31348U 20001A   26236.50000000  .00001000  00000+0  10000-4 0  9991
2 31348 100.7408 181.6692 0094159 108.4854 242.3024 14.51236983000012
FENGYUN 1C DEBRIS #149
1 31349U 20001A   26236.50000000  .00001000  00000+0  10000-4 0  9992
2 31349  98.8925 314.9229 0117470  41.6443 238.5512 13.67108808000014
FENGYUN 1C DEBRIS #150
1 31350U 20001A   26236.50000000  .00001000  00000+0  10000-4 0  9994
2 31350  97.0454  76.1907 0456886  32.1955 156.5616 14.18338825000019
FENGYUN 1C DEBRIS #151
1 31351U 20001A   26236.50000000  .00001000  00000+0  10000-4 0  9995
2 31351  99.8946  57.6847 0558801 275.8712  79.3354 14.76635645000015
FENGYUN 1C DEBRIS #152
1 31352U 20001A   26236.50000000  .00001000  00000+0  10000-4 0  9996
2 31352  97.1458 171.4688 0540556  48.8723 192.4356 12.89543546000010
FENGYUN 1C DEBRIS #153
1 31353U 20001A   26236.50000000  .00001000  00000+0  10000-4 0  9997
2 31353  99.9525  32.5590 0421235 335.4408 275.8815 14.69265746000011
FENGYUN 1C DEBRIS #154
1 31354U 20001A   26236.50000000  .00001000  00000+0  10000-4 0  9998
2 31354  99.2041 231.8352 0238665 264.9609 137.3942 14.32186256000011
FENGYUN 1C DEBRIS #155
1 31355U 20001A   26236.50000000  .00001000  00000+0  10000-4 0  9999
2 31355  99.4526 202.2840 0516561  80.4783  41.6484 14.54027396000015
FENGYUN 1C DEBRIS #156
1 31356U 20001A   26236.50000000  .00001000  00000+0  10000-4 0  9990
2 31356  96.1261  32.0902 0449537 268.0624  41.7982 14.84930556000018
FENGYUN 1C DEBRIS #157
1 31357U 20001A   26236.50000000  .00001000  00000+0  10000-4 0  9991
2 31357  97.8064 307.1989 0573359   0.6043  22.2786 13.98460042000012
FENGYUN 1C DEBRIS #158
1 31358U 20001A   26236.50000000  .00001000  00000+0  10000-4 0  9992
2 31358  98.8136 304.9627 0588312 131.4086 244.5488 13.36714317000010
FENGYUN 1C DEBRIS #159
1 31359U 20001A   26236.50000000  .00001000  00000+0  10000-4 0  9993
2 31359 100.3794 187.1105 0368938 142.3125 193.7855 13.13313974000019
FENGYUN 1C DEBRIS #160
1 31360U 20001A   26236.50000000  .00001000  00000+0  10000-4 0  9995
2 31360  98.3636  52.0923 0566876 179.9398 164.0824 14.60931997000010
FENGYUN 1C DEBRIS #161
1 31361U 20001A   26236.50000000  .00001000  00000+0  10000-4 0  9996
2 31361  99.2088  52.5135 0405903 253.0681 215.5969 14.52310021000016
FENGYUN 1C DEBRIS #162
1 31362U 20001A   26236.50000000  .00001000  00000+0  10000-4 0  9997
2 31362  97.4533 356.5206 0091609 254.3480 172.1818 14.99243665000014
FENGYUN 1C DEBRIS #163
1 31363U 20001A   26236.50000000  .00001000  00000+0  10000-4 0  9998
2 31363 100.5721 178.2092 0428401 353.2114 119.9320 13.50410071000019
FENGYUN 1C DEBRIS #164
1 31364U 20001A   26236.50000000  .00001000  00000+0  10000-4 0  9999
2 31364 100.5673  75.8207 0444941 252.1467  18.9239 14.54500477000013
FENGYUN 1C DEBRIS #165
1 31365U 20001A   26236.50000000  .00001000  00000+0  10000-4 0  9990
2 31365 100.7926  64.4473 0302752 354.3802 237.3301 13.54033887000019
FENGYUN 1C DEBRIS #166
1 31366U 20001A   26236.50000000  .00001000  00000+0  10000-4 0  9991
2 31366 100.6911 356.7828 0337806 244.0435 356.5131 13.40978435000016
FENGYUN 1C DEBRIS #167
1 31367U 20001A   26236.50000000  .00001000  00000+0  10000-4 0  9992
2 31367 100.1463 140.7827 0326149 250.6955  70.2332 13.27929569000014
FENGYUN 1C DEBRIS #168
1 31368U 20001A   26236.50000000  .00001000  00000+0  10000-4 0  9993
2 31368 100.7375 141.7581 0095922 208.9381 289.8258 14.40543955000014
FENGYUN 1C DEBRIS #169
1 31369U 20001A   26236.50000000  .00001000  00000+0  10000-4 0  9994
2 31369 100.6989 255.4515 0285368  49.5219 250.5440 12.99286672000019
FENGYUN 1C DEBRIS #170
1 31370U 20001A   26236.50000000  .00001000  00000+0  10000-4 0  9996
2 31370  97.3465  52.1362 0146519 264.7148   3.2877 14.39611804000012
FENGYUN 1C DEBRIS #171
1 31371U 20001A   26236.50000000  .00001000  00000+0  10000-4 0  9997
2 31371  99.9557 207.2456 0413424  53.1380 342.1433 14.97236205000015
FENGYUN 1C DEBRIS #172
1 31372U 20001A   26236.50000000  .00001000  00000+0  10000-4 0  9998
2 31372  98.1627 302.9976 0557071 350.6972  64.6678 12.83051456000017
FENGYUN 1C DEBRIS #173
1 31373U 20001A   26236.50000000  .00001000  00000+0  10000-4 0  9999
2 31373  95.9148 352.8996 0397056 349.1017 225.7101 14.02414174000019
FENGYUN 1C DEBRIS #174
1 31374U 20001A   26236.50000000  .00001000  00000+0  10000-4 0  9990
2 31374  98.0240  12.2374 0159696 247.6743 343.6399 13.77270215000014
FENGYUN 1C DEBRIS #175
1 31375U 20001A   26236.50000000  .00001000  00000+0  10000-4 0  9991
2 31375  99.5168 135.1338 0421241 237.0668 279.9831 14.50878050000017
FENGYUN 1C DEBRIS #176
1 31376U 20001A   26236.50000000  .00001000  00000+0  10000-4 0  9992
2 31376 100.7894 234.1119 0179625 132.2363  43.2001 14.16766914000018
FENGYUN 1C DEBRIS #177
1 31377U 20001A   26236.50000000  .00001000  00000+0  10000-4 0  9993
2 31377  96.0958 176.1186 0407899   8.2896 206.2735 13.82339639000013
FENGYUN 1C DEBRIS #178
1 31378U 20001A   26236.50000000  .00001000  00000+0  10000-4 0  9994
2 31378  99.0358  98.5409 0452308  65.1948 174.3089 14.50642491000017
FENGYUN 1C DEBRIS #179
1 31379U 20001A   26236.50000000  .00001000  00000+0  10000-4 0  9995
2 31379  99.4676 156.1163 0351425  22.8594 327.1970 12.83865901000012
FENGYUN 1C DEBRIS #180
1 31380U 20001A   26236.50000000  .00001000  00000+0  10000-4 0  9997
2 31380 100.3713  66.5603 0491463 200.1817 193.1100 12.64739133000019
FENGYUN 1C DEBRIS #181
1 31381U 20001A   26236.50000000  .00001000  00000+0  10000-4 0  9998
2 31381 100.4732 175.8828 0320962 256.9497 284.4244 14.00333169000017
FENGYUN 1C DEBRIS #182
1 31382U 20001A   26236.50000000  .00001000  00000+0  10000-4 0  9999
2 31382  96.3445 271.0757 0580095  65.0391 215.6769 14.75424552000016
FENGYUN 1C DEBRIS #183
1 31383U 20001A   26236.50000000  .00001000  00000+0  10000-4 0  9990
2 31383  96.6796 199.6998 0484297  46.3738  74.2428 12.89530873000013
FENGYUN 1C DEBRIS #184
1 31384U 20001A   26236.50000000  .00001000  00000+0  10000-4 0  9991
2 31384  96.5673 202.4986 0513841 352.7742 182.2134 12.68401267000019
FENGYUN 1C DEBRIS #185
1 31385U 20001A   26236.50000000  .00001000  00000+0  10000-4 0  9992
2 31385  97.7814 195.9938 0265369   0.0308 108.2160 14.86854836000016
FENGYUN 1C DEBRIS #186
1 31386U 20001A   26236.50000000  .00001000  00000+0  10000-4 0  9993
2 31386 101.2773 186.9995 0474025 160.1713 207.7457 14.18197819000014
FENGYUN 1C DEBRIS #187
1 31387U 20001A   26236.50000000  .00001000  00000+0  10000-4 0  9994
2 31387  99.7706 188.1599 0591891 193.7554  75.5422 13.44508110000013
FENGYUN 1C DEBRIS #188
1 31388U 20001A   26236.50000000  .00001000  00000+0  10000-4 0  9995
2 31388  96.1941 295.1148 0157518 107.8953 299.7460 13.05137676000012
FENGYUN 1C DEBRIS #189
1 31389U 20001A   26236.50000000  .00001000  00000+0  10000-4 0  9996
2 31389 101.3445 216.7720 0145303  46.2572 224.0326 13.46175639000016
FENGYUN 1C DEBRIS #190
1 31390U 20001A   26236.50000000  .00001000  00000+0  10000-4 0  9998
2 31390  96.0462  91.7883 0241433 144.0214  29.9715 14.76878384000014
FENGYUN 1C DEBRIS #191
1 31391U 20001A   26236.50000000  .00001000  00000+0  10000-4 0  9999
2 31391  97.1251 153.1236 0422818  25.4009 263.7630 13.88617037000012
FENGYUN 1C DEBRIS #192
1 31392U 20001A   26236.50000000  .00001000  00000+0  10000-4 0  9990
2 31392 101.5722 250.8491 0131723 236.6345 295.3830 13.49314142000016
FENGYUN 1C DEBRIS #193
1 31393U 20001A   26236.50000000  .00001000  00000+0  10000-4 0  9991
2 31393  99.2297 151.0871 0109025 156.1058   9.3276 14.98187758000011
FENGYUN 1C DEBRIS #194
1 31394U 20001A   26236.50000000  .00001000  00000+0  10000-4 0  9992
2 31394  99.2216  27.9089 0092280 197.4128  23.7454 12.86397632000012
FENGYUN 1C DEBRIS #195
1 31395U 20001A   26236.50000000  .00001000  00000+0  10000-4 0  9993
2 31395  99.4411 130.6150 0213440 312.7879  81.2756 13.25580721000012
FENGYUN 1C DEBRIS #196
1 31396U 20001A   26236.50000000  .00001000  00000+0  10000-4 0  9994
2 31396  95.6592 135.7762 0581888  37.8010 333.2289 13.50871764000011
FENGYUN 1C DEBRIS #197
1 31397U 20001A   26236.50000000  .00001000  00000+0  10000-4 0  9995
2 31397  96.6544 262.1979 0197798 176.2627 190.4256 14.57122380000018
FENGYUN 1C DEBRIS #198
1 31398U 20001A   26236.50000000  .00001000  00000+0  10000-4 0  9996
2 31398  99.8027 311.5434 0339894 322.7653  61.4691 14.05792067000015
FENGYUN 1C DEBRIS #199
1 31399U 20001A   26236.50000000  .00001000  00000+0  10000-4 0  9997
2 31399 101.2791 140.2428 0220200 348.4801 191.4056 14.37911313000013
FENGYUN 1C DEBRIS #200
1 31400U 20001A   26236.50000000  .00001000  00000+0  10000-4 0  9990
2 31400  99.1677 305.8668 0296579   3.4191 184.8836 12.90617329000010
FENGYUN 1C DEBRIS #201
1 31401U 20001A   26236.50000000  .00001000  00000+0  10000-4 0  9991
2 31401  96.5329  45.4926 0239704  19.0313 261.1509 14.36501370000012
FENGYUN 1C DEBRIS #202
1 31402U 20001A   26236.50000000  .00001000  00000+0  10000-4 0  9992
2 31402 101.4470 254.7009 0164484 254.4432  65.9176 14.06088718000015
FENGYUN 1C DEBRIS #203
1 31403U 20001A   26236.50000000  .00001000  00000+0  10000-4 0  9993
2 31403 101.5175 287.4488 0311292 153.9954 339.0037 13.26197514000013
FENGYUN 1C DEBRIS #204
1 31404U 20001A   26236.50000000  .00001000  00000+0  10000-4 0  9994
2 31404 100.8883 293.0484 0197008 341.0837 146.3453 14.65901154000016
FENGYUN 1C DEBRIS #205
1 31405U 20001A   26236.50000000  .00001000  00000+0  10000-4 0  9995
2 31405  97.4764  32.4506 0066095 340.1521  59.4407 14.35188727000010
FENGYUN 1C DEBRIS #206
1 31406U 20001A   26236.50000000  .00001000  00000+0  10000-4 0  9996
2 31406  95.9445 267.6274 0341412 314.7671 346.3799 13.78284128000016
FENGYUN 1C DEBRIS #207
1 31407U 20001A   26236.50000000  .00001000  00000+0  10000-4 0  9997
2 31407  98.1439 183.1257 0443862 185.4041 359.2636 13.75117427000011
FENGYUN 1C DEBRIS #208
1 31408U 20001A   26236.50000000  .00001000  00000+0  10000-4 0  9998
2 31408 100.9285 251.2375 0255173 327.9191 268.5302 14.07908786000010
FENGYUN 1C DEBRIS #209
1 31409U 20001A   26236.50000000  .00001000  00000+0  10000-4 0  9999
2 31409  99.8850 252.9330 0454807 266.0339 342.3126 13.18614299000015
FENGYUN 1C DEBRIS #210
1 31410U 20001A   26236.50000000  .00001000  00000+0  10000-4 0  9991
2 31410 100.5402 316.9195 0326304 218.6545 347.2731 14.06206466000019
FENGYUN 1C DEBRIS #211
1 31411U 20001A   26236.50000000  .00001000  00000+0  10000-4 0  9992
2 31411  99.6471 317.4950 0323639  27.0441 302.1872 13.14016459000019
FENGYUN 1C DEBRIS #212
1 31412U 20001A   26236.50000000  .00001000  00000+0  10000-4 0  9993
2 31412  98.6821 342.8941 0265178 134.3821  40.7641 13.50982744000015
FENGYUN 1C DEBRIS #213
1 31413U 20001A   26236.50000000  .00001000  00000+0  10000-4 0  9994
2 31413 101.0843  89.9155 0332689  42.4315 107.7041 14.43939339000017
FENGYUN 1C DEBRIS #214
1 31414U 20001A   26236.50000000  .00001000  00000+0  10000-4 0  9995
2 31414  97.3613  76.7037 0448054  78.2868 109.7351 13.96522067000016
FENGYUN 1C DEBRIS #215
1 31415U 20001A   26236.50000000  .00001000  00000+0  10000-4 0  9996
2 31415 101.1987 231.4705 0498921 166.7005 222.3895 12.68502990000017
FENGYUN 1C DEBRIS #216
1 31416U 20001A   26236.50000000  .00001000  00000+0  10000-4 0  9997
2 31416  98.5296 128.0679 0377007 127.4014   1.8556 13.38852432000017
FENGYUN 1C DEBRIS #217
1 31417U 20001A   26236.50000000  .00001000  00000+0  10000-4 0  9998
2 31417 100.9412  67.0168 0225628 177.1366  30.5078 12.84321067000017
FENGYUN 1C DEBRIS #218
1 31418U 20001A   26236.50000000  .00001000  00000+0  10000-4 0  9999
2 31418  98.6859  55.3358 0091828  56.0269 236.3880 13.76978917000018
FENGYUN 1C DEBRIS #219
1 31419U 20001A   26236.50000000  .00001000  00000+0  10000-4 0  9990
2 31419  96.9566 142.3292 0193585  65.5855 292.1558 13.62801953000010
FENGYUN 1C DEBRIS #220
1 31420U 20001A   26236.50000000  .00001000  00000+0  10000-4 0  9992
2 31420  96.2522 157.8859 0506827 127.3456 156.2257 12.98840232000015
FENGYUN 1C DEBRIS #221
1 31421U 20001A   26236.50000000  .00001000  00000+0  10000-4 0  9993
2 31421  97.7554 313.3851 0135109  14.4923 142.0366 13.05496097000013
FENGYUN 1C DEBRIS #222
1 31422U 20001A   26236.50000000  .00001000  00000+0  10000-4 0  9994
2 31422 100.0635 324.3592 0112981 172.5462 239.4874 13.07758062000013
FENGYUN 1C DEBRIS #223
1 31423U 20001A   26236.50000000  .00001000  00000+0  10000-4 0  9995
2 31423  97.1948 151.5943 0339071 257.1555 116.9596 14.51956821000014
FENGYUN 1C DEBRIS #224
1 31424U 20001A   26236.50000000  .00001000  00000+0  10000-4 0  9996
2 31424 100.1864 317.4360 0311077 303.5026 139.9855 14.81654700000015
FENGYUN 1C DEBRIS #225
1 31425U 20001A   26236.50000000  .00001000  00000+0  10000-4 0  9997
2 31425  96.2584  38.8367 0032268 180.0003 276.2586 12.97330077000015
FENGYUN 1C DEBRIS #226
1 31426U 20001A   26236.50000000  .00001000  00000+0  10000-4 0  9998
2 31426  97.0190 244.1917 0218441 265.4754 156.3583 14.94345246000019
FENGYUN 1C DEBRIS #227
1 31427U 20001A   26236.50000000  .00001000  00000+0  10000-4 0  9999
2 31427  97.3368 174.9345 0461321  54.8985 184.0463 13.19459352000013
FENGYUN 1C DEBRIS #228
1 31428U 20001A   26236.50000000  .00001000  00000+0  10000-4 0  9990
2 31428  97.0968 276.0219 0521216  89.0476 295.4194 14.98621695000013
FENGYUN 1C DEBRIS #229
1 31429U 20001A   26236.50000000  .00001000  00000+0  10000-4 0  9991
2 31429  96.7905 254.3259 0489772 180.8402  65.2278 14.28274789000010
FENGYUN 1C DEBRIS #230
1 31430U 20001A   26236.50000000  .00001000  00000+0  10000-4 0  9993
2 31430 101.5553 212.8306 0387996  47.6265  13.8119 13.15052206000016
FENGYUN 1C DEBRIS #231
1 31431U 20001A   26236.50000000  .00001000  00000+0  10000-4 0  9994
2 31431 101.5424 334.4754 0267255  32.7368  18.3439 14.07952166000017
FENGYUN 1C DEBRIS #232
1 31432U 20001A   26236.50000000  .00001000  00000+0  10000-4 0  9995
2 31432  98.0438 110.3205 0387319 121.0240 172.5103 13.15542636000016
FENGYUN 1C DEBRIS #233
1 31433U 20001A   26236.50000000  .00001000  00000+0  10000-4 0  9996
2 31433  98.6592 231.7943 0196488 101.0001 126.3688 13.24619061000011
FENGYUN 1C DEBRIS #234
1 31434U 20001A   26236.50000000  .00001000  00000+0  10000-4 0  9997
2 31434  98.1084 115.1427 0047582  18.7670 268.1117 12.69813391000013
FENGYUN 1C DEBRIS #235
1 31435U 20001A   26236.50000000  .00001000  00000+0  10000-4 0  9998
2 31435  96.8719 169.9409 0546919  66.5424 341.3981 12.84182808000019
FENGYUN 1C DEBRIS #236
1 31436U 20001A   26236.50000000  .00001000  00000+0  10000-4 0  9999
2 31436  97.7815 109.5684 0076194 198.6366 310.3107 12.63278780000015
FENGYUN 1C DEBRIS #237
1 31437U 20001A   26236.50000000  .00001000  00000+0  10000-4 0  9990
2 31437  97.5873 266.8652 0229603 190.3903 133.7732 14.46913994000018
FENGYUN 1C DEBRIS #238
1 31438U 20001A   26236.50000000  .00001000  00000+0  10000-4 0  9991
2 31438  99.5015  75.6120 0242748  46.9747 267.3315 14.72926512000012
FENGYUN 1C DEBRIS #239
1 31439U 20001A   26236.50000000  .00001000  00000+0  10000-4 0  9992
2 31439  96.3221 211.1621 0549062  68.5561 253.6776 14.17045238000018
FENGYUN 1C DEBRIS #240
1 31440U 20001A   26236.50000000  .00001000  00000+0  10000-4 0  9994
2 31440 101.1530  26.9567 0337015 261.1262 356.2721 13.42295513000011
FENGYUN 1C DEBRIS #241
1 31441U 20001A   26236.50000000  .00001000  00000+0  10000-4 0  9995
2 31441  96.8120 259.4770 0045410 198.1784  90.9092 13.06009615000018
FENGYUN 1C DEBRIS #242
1 31442U 20001A   26236.50000000  .00001000  00000+0  10000-4 0  9996
2 31442 100.8625 307.2378 0545952 322.1687 161.4536 14.94030278000012
FENGYUN 1C DEBRIS #243
1 31443U 20001A   26236.50000000  .00001000  00000+0  10000-4 0  9997
2 31443  99.9040 327.9057 0059270 335.2796 181.3930 13.60560999000013
FENGYUN 1C DEBRIS #244
1 31444U 20001A   26236.50000000  .00001000  00000+0  10000-4 0  9998
2 31444  95.7312 215.6953 0424089  16.3603 203.8229 12.90944217000018
FENGYUN 1C DEBRIS #245
1 31445U 20001A   26236.50000000  .00001000  00000+0  10000-4 0  9999
2 31445 100.3663 249.7692 0449614 246.4899 313.2921 13.55398519000018
FENGYUN 1C DEBRIS #246
1 31446U 20001A   26236.50000000  .00001000  00000+0  10000-4 0  9990
2 31446 101.4292  59.5866 0455422 280.5740 144.3056 13.52196101000019
FENGYUN 1C DEBRIS #247
1 31447U 20001A   26236.50000000  .00001000  00000+0  10000-4 0  9991
2 31447  97.2290  66.2639 0112801 250.8198 316.4958 13.12273853000010
FENGYUN 1C DEBRIS #248
1 31448U 20001A   26236.50000000  .00001000  00000+0  10000-4 0  9992
2 31448 100.3439 163.9588 0430497 109.2277  79.3211 13.86017569000017
FENGYUN 1C DEBRIS #249
1 31449U 20001A   26236.50000000  .00001000  00000+0  10000-4 0  9993
2 31449  99.8495 198.7743 0119243  85.7580  14.0726 12.70946992000019
FENGYUN 1C DEBRIS #250
1 31450U 20001A   26236.50000000  .00001000  00000+0  10000-4 0  9995
2 31450  96.4888 318.0969 0557803 284.6237 231.2687 13.24904365000011
FENGYUN 1C DEBRIS #251
1 31451U 20001A   26236.50000000  .00001000  00000+0  10000-4 0  9996
2 31451  97.0940 296.4277 0330065 125.0863 217.8574 12.60335991000018
FENGYUN 1C DEBRIS #252
1 31452U 20001A   26236.50000000  .00001000  00000+0  10000-4 0  9997
2 31452  97.8147  29.9686 0429167 259.9487 147.0034 13.91826017000014
FENGYUN 1C DEBRIS #253
1 31453U 20001A   26236.50000000  .00001000  00000+0  10000-4 0  9998
2 31453  99.2689 116.8687 0053212 296.6154  78.9407 14.55821317000017
FENGYUN 1C DEBRIS #254
1 31454U 20001A   26236.50000000  .00001000  00000+0  10000-4 0  9999
2 31454 101.3914  63.6247 0583530 352.3545 280.1470 13.88973287000016
FENGYUN 1C DEBRIS #255
1 31455U 20001A   26236.50000000  .00001000  00000+0  10000-4 0  9990
2 31455 100.2831  38.3194 0452546 235.3769 313.2093 13.51675435000016
FENGYUN 1C DEBRIS #256
1 31456U 20001A   26236.50000000  .00001000  00000+0  10000-4 0  9991
2 31456  99.4058 198.3160 0493771  96.7657 209.3990 13.12953369000010
FENGYUN 1C DEBRIS #257
1 31457U 20001A   26236.50000000  .00001000  00000+0  10000-4 0  9992
2 31457 100.4464 271.0432 0110272 261.4630 132.7104 13.15613554000018
FENGYUN 1C DEBRIS #258
1 31458U 20001A   26236.50000000  .00001000  00000+0  10000-4 0  9993
2 31458 101.0130  33.7288 0125277 310.4468  67.9896 13.04406725000018
FENGYUN 1C DEBRIS #259
1 31459U 20001A   26236.50000000  .00001000  00000+0  10000-4 0  9994
2 31459  98.5431 262.6128 0395587  58.6507  63.9843 12.65051353000014
FENGYUN 1C DEBRIS #260
1 31460U 20001A   26236.50000000  .00001000  00000+0  10000-4 0  9996
2 31460  97.9652 218.8159 0060283  88.2914 327.2872 12.77291686000010
FENGYUN 1C DEBRIS #261
1 31461U 20001A   26236.50000000  .00001000  00000+0  10000-4 0  9997
2 31461 101.4223  36.0842 0325531 290.8774 217.1857 14.34423510000018
FENGYUN 1C DEBRIS #262
1 31462U 20001A   26236.50000000  .00001000  00000+0  10000-4 0  9998
2 31462  97.8673   7.4577 0499406 232.0136  15.7464 14.43226981000015
FENGYUN 1C DEBRIS #263
1 31463U 20001A   26236.50000000  .00001000  00000+0  10000-4 0  9999
2 31463  97.0901  30.0944 0102728   4.8589 347.8899 14.10572250000015
FENGYUN 1C DEBRIS #264
1 31464U 20001A   26236.50000000  .00001000  00000+0  10000-4 0  9990
2 31464 101.3457  38.2820 0446956 254.6841  72.8358 13.41213580000010
FENGYUN 1C DEBRIS #265
1 31465U 20001A   26236.50000000  .00001000  00000+0  10000-4 0  9991
2 31465  98.4826 202.6264 0277709 119.4323  55.6248 12.99154666000015
FENGYUN 1C DEBRIS #266
1 31466U 20001A   26236.50000000  .00001000  00000+0  10000-4 0  9992
2 31466  95.9353 249.1348 0383941 296.9730  37.0135 12.89538124000014
FENGYUN 1C DEBRIS #267
1 31467U 20001A   26236.50000000  .00001000  00000+0  10000-4 0  9993
2 31467  97.3804 184.1553 0505160 328.3801   8.6403 12.94040406000015
FENGYUN 1C DEBRIS #268
1 31468U 20001A   26236.50000000  .00001000  00000+0  10000-4 0  9994
2 31468  98.1628  53.0555 0400111 316.4364 138.5078 13.14212254000013
FENGYUN 1C DEBRIS #269
1 31469U 20001A   26236.50000000  .00001000  00000+0  10000-4 0  9995
2 31469 100.9053 296.2026 0085197  39.6488  36.6251 13.00694175000018
FENGYUN 1C DEBRIS #270
1 31470U 20001A   26236.50000000  .00001000  00000+0  10000-4 0  9997
2 31470 101.3351 128.6308 0377104 332.3951 331.1545 12.88404233000015
FENGYUN 1C DEBRIS #271
1 31471U 20001A   26236.50000000  .00001000  00000+0  10000-4 0  9998
2 31471 100.9735 217.6223 0123279 215.8601 244.5960 13.87315354000014
FENGYUN 1C DEBRIS #272
1 31472U 20001A   26236.50000000  .00001000  00000+0  10000-4 0  9999
2 31472  96.5013 240.2184 0194906 125.4188  37.4121 14.56215011000017
FENGYUN 1C DEBRIS #273
1 31473U 20001A   26236.50000000  .00001000  00000+0  10000-4 0  9990
2 31473 101.0974 238.2234 0561071 256.0704  27.4930 14.54572660000016
FENGYUN 1C DEBRIS #274
1 31474U 20001A   26236.50000000  .00001000  00000+0  10000-4 0  9991
2 31474  95.6131 335.9142 0106212 115.2922 140.6158 14.17404989000010
FENGYUN 1C DEBRIS #275
1 31475U 20001A   26236.50000000  .00001000  00000+0  10000-4 0  9992
2 31475  99.9281 282.7966 0297490 208.0234 345.4507 12.76155272000017
FENGYUN 1C DEBRIS #276
1 31476U 20001A   26236.50000000  .00001000  00000+0  10000-4 0  9993
2 31476  97.2709  32.5609 0596967 138.6063 114.9537 13.03649361000018
FENGYUN 1C DEBRIS #277
1 31477U 20001A   26236.50000000  .00001000  00000+0  10000-4 0  9994
2 31477  98.1430 249.6315 0260087 120.0475 288.7707 14.50440382000012
FENGYUN 1C DEBRIS #278
1 31478U 20001A   26236.50000000  .00001000  00000+0  10000-4 0  9995
2 31478  99.5237  88.5269 0262822 192.1574 191.6908 13.79304551000012
FENGYUN 1C DEBRIS #279
1 31479U 20001A   26236.50000000  .00001000  00000+0  10000-4 0  9996
2 31479 100.5284 138.4658 0356959 208.0355 249.6596 13.61241783000019
FENGYUN 1C DEBRIS #280
1 31480U 20001A   26236.50000000  .00001000  00000+0  10000-4 0  9998
2 31480 100.0897 253.1136 0156411 357.8059   6.1757 12.60687865000015
FENGYUN 1C DEBRIS #281
1 31481U 20001A   26236.50000000  .00001000  00000+0  10000-4 0  9999
2 31481  98.9502 344.7417 0554124 125.7651 305.5505 12.74298574000013
FENGYUN 1C DEBRIS #282
1 31482U 20001A   26236.50000000  .00001000  00000+0  10000-4 0  9990
2 31482 100.8006 294.8438 0190924 307.1924 349.8551 12.94593658000012
FENGYUN 1C DEBRIS #283
1 31483U 20001A   26236.50000000  .00001000  00000+0  10000-4 0  9991
2 31483 101.0777  87.2991 0500136  49.6085 346.3387 12.73407760000019
FENGYUN 1C DEBRIS #284
1 31484U 20001A   26236.50000000  .00001000  00000+0  10000-4 0  9992
2 31484  99.8238 135.8859 0035281 133.8063 252.5046 14.91579166000017
FENGYUN 1C DEBRIS #285
1 31485U 20001A   26236.50000000  .00001000  00000+0  10000-4 0  9993
2 31485  99.5765  26.5573 0505713  10.8669 131.4879 14.68914475000016
FENGYUN 1C DEBRIS #286
1 31486U 20001A   26236.50000000  .00001000  00000+0  10000-4 0  9994
2 31486  96.0740  27.7435 0350126  53.8982  65.6728 14.55290702000010
FENGYUN 1C DEBRIS #287
1 31487U 20001A   26236.50000000  .00001000  00000+0  10000-4 0  9995
2 31487 100.0613 269.3186 0425167 148.1481 121.4413 13.31881847000014
FENGYUN 1C DEBRIS #288
1 31488U 20001A   26236.50000000  .00001000  00000+0  10000-4 0  9996
2 31488 100.2884 250.2889 0186326 317.2166  11.5629 12.97412961000012
FENGYUN 1C DEBRIS #289
1 31489U 20001A   26236.50000000  .00001000  00000+0  10000-4 0  9997
2 31489 100.1068 181.1864 0026303 244.7653 315.3515 14.59843223000012
FENGYUN 1C DEBRIS #290
1 31490U 20001A   26236.50000000  .00001000  00000+0  10000-4 0  9999
2 31490  98.9249 298.6266 0553107 255.3670 152.5213 13.80449385000013
FENGYUN 1C DEBRIS #291
1 31491U 20001A   26236.50000000  .00001000  00000+0  10000-4 0  9990
2 31491  96.5408 350.3240 0322470  45.0480  76.2711 14.94702308000011
FENGYUN 1C DEBRIS #292
1 31492U 20001A   26236.50000000  .00001000  00000+0  10000-4 0  9991
2 31492  99.3143  78.8063 0126542 201.3459 303.0167 14.39038977000018
FENGYUN 1C DEBRIS #293
1 31493U 20001A   26236.50000000  .00001000  00000+0  10000-4 0  9992
2 31493 100.4994 168.6370 0201650 297.8113  59.3368 14.14053800000016
FENGYUN 1C DEBRIS #294
1 31494U 20001A   26236.50000000  .00001000  00000+0  10000-4 0  9993
2 31494 100.4200 232.7930 0132943  28.0111 217.1485 12.86016212000019
FENGYUN 1C DEBRIS #295
1 31495U 20001A   26236.50000000  .00001000  00000+0  10000-4 0  9994
2 31495 100.6797  10.0976 0183680  23.5149 214.9599 13.89976300000013
FENGYUN 1C DEBRIS #296
1 31496U 20001A   26236.50000000  .00001000  00000+0  10000-4 0  9995
2 31496 100.1391 111.2832 0339980  11.6520  96.9005 14.13213351000019
FENGYUN 1C DEBRIS #297
1 31497U 20001A   26236.50000000  .00001000  00000+0  10000-4 0  9996
2 31497 101.4600 203.3269 0346968  16.4450 113.2489 14.49654169000017
FENGYUN 1C DEBRIS #298
1 31498U 20001A   26236.50000000  .00001000  00000+0  10000-4 0  9997
2 31498 101.2611   3.0523 0226856 143.3291  70.1581 13.27776523000010
FENGYUN 1C DEBRIS #299
1 31499U 20001A   26236.50000000  .00001000  00000+0  10000-4 0  9998
2 31499 100.1111 261.2477 0584833  35.0567 146.6232 14.28637635000019
FENGYUN 1C DEBRIS #300
1 31500U 20001A   26236.50000000  .00001000  00000+0  10000-4 0  9991
2 31500 100.0487  36.3610 0488346 211.3832 137.5602 12.96044798000018
FENGYUN 1C DEBRIS #301
1 31501U 20001A   26236.50000000  .00001000  00000+0  10000-4 0  9992
2 31501  99.1181 306.7298 0188269 166.7182 318.6734 12.96369075000012
FENGYUN 1C DEBRIS #302
1 31502U 20001A   26236.50000000  .00001000  00000+0  10000-4 0  9993
2 31502  96.1597 258.6466 0532953 235.5193 276.7773 14.53794248000019
FENGYUN 1C DEBRIS #303
1 31503U 20001A   26236.50000000  .00001000  00000+0  10000-4 0  9994
2 31503  96.5663 346.9202 0319454 234.5022 334.8818 14.34892954000014
FENGYUN 1C DEBRIS #304
1 31504U 20001A   26236.50000000  .00001000  00000+0  10000-4 0  9995
2 31504  97.6485 282.7267 0216632 308.1429 155.1245 13.46475925000015
FENGYUN 1C DEBRIS #305
1 31505U 20001A   26236.50000000  .00001000  00000+0  10000-4 0  9996
2 31505 100.9441 278.7030 0244827 219.7394  26.9994 13.10116954000015
FENGYUN 1C DEBRIS #306
1 31506U 20001A   26236.50000000  .00001000  00000+0  10000-4 0  9997
2 31506  96.5144 226.0043 0308563  51.3441 313.3647 14.53134347000019
FENGYUN 1C DEBRIS #307
1 31507U 20001A   26236.50000000  .00001000  00000+0  10000-4 0  9998
2 31507  98.8828 348.8210 0473238  33.8810 112.9387 12.80920244000011
FENGYUN 1C DEBRIS #308
1 31508U 20001A   26236.50000000  .00001000  00000+0  10000-4 0  9999
2 31508 101.2043  58.1301 0182468  32.1225  64.5071 13.47198784000018
FENGYUN 1C DEBRIS #309
1 31509U 20001A   26236.50000000  .00001000  00000+0  10000-4 0  9990
2 31509 100.2316  92.8599 0294491 315.5968 234.1051 13.21446313000016
FENGYUN 1C DEBRIS #310
1 31510U 20001A   26236.50000000  .00001000  00000+0  10000-4 0  9992
2 31510  96.4427  44.6278 0349865 309.2412 144.3381 12.69502234000010
FENGYUN 1C DEBRIS #311
1 31511U 20001A   26236.50000000  .00001000  00000+0  10000-4 0  9993
2 31511 100.7420 330.1704 0094810 304.1408 342.7362 13.48015744000012
FENGYUN 1C DEBRIS #312
1 31512U 20001A   26236.50000000  .00001000  00000+0  10000-4 0  9994
2 31512  97.8421 245.5923 0313446 315.1931 245.7200 13.23078584000011
FENGYUN 1C DEBRIS #313
1 31513U 20001A   26236.50000000  .00001000  00000+0  10000-4 0  9995
2 31513  99.3237 231.7920 0449804 295.6446   2.8595 13.18756028000018
FENGYUN 1C DEBRIS #314
1 31514U 20001A   26236.50000000  .00001000  00000+0  10000-4 0  9996
2 31514 100.7184 104.6378 0111759  26.2723 139.7603 13.55827301000017
FENGYUN 1C DEBRIS #315
1 31515U 20001A   26236.50000000  .00001000  00000+0  10000-4 0  9997
2 31515  98.3737  33.6611 0290209 324.0455 167.3471 14.14196276000010
FENGYUN 1C DEBRIS #316
1 31516U 20001A   26236.50000000  .00001000  00000+0  10000-4 0  9998
2 31516  96.1149 263.4401 0552127 276.5580  71.8096 14.81397780000013
FENGYUN 1C DEBRIS #317
1 31517U 20001A   26236.50000000  .00001000  00000+0  10000-4 0  9999
2 31517  97.5723 114.2226 0597934 252.8247 171.4390 13.76710804000010
FENGYUN 1C DEBRIS #318
1 31518U 20001A   26236.50000000  .00001000  00000+0  10000-4 0  9990
2 31518  97.2703  13.7816 0110329 230.4779 115.2672 13.72792211000012
FENGYUN 1C DEBRIS #319
1 31519U 20001A   26236.50000000  .00001000  00000+0  10000-4 0  9991
2 31519  95.7879 216.3879 0240565 130.1374 154.8395 14.84750320000013
FENGYUN 1C DEBRIS #320
1 31520U 20001A   26236.50000000  .00001000  00000+0  10000-4 0  9993
2 31520  98.4405  19.4679 0523451 246.1217  97.1453 14.88634802000016
FENGYUN 1C DEBRIS #321
1 31521U 20001A   26236.50000000  .00001000  00000+0  10000-4 0  9994
2 31521  99.4141  30.0929 0060170 107.4012 256.3944 13.57216435000015
FENGYUN 1C DEBRIS #322
1 31522U 20001A   26236.50000000  .00001000  00000+0  10000-4 0  9995
2 31522 100.8277 188.9201 0408393 298.9977  33.2789 13.22267334000013
FENGYUN 1C DEBRIS #323
1 31523U 20001A   26236.50000000  .00001000  00000+0  10000-4 0  9996
2 31523 101.0099 123.1269 0456842 125.7395 150.8764 12.99487988000018
FENGYUN 1C DEBRIS #324
1 31524U 20001A   26236.50000000  .00001000  00000+0  10000-4 0  9997
2 31524  98.4530 247.9790 0113199 127.6893 249.4445 14.27205621000017
FENGYUN 1C DEBRIS #325
1 31525U 20001A   26236.50000000  .00001000  00000+0  10000-4 0  9998
2 31525  97.9348   3.5753 0474181  28.0111 240.4665 14.03310873000017
FENGYUN 1C DEBRIS #326
1 31526U 20001A   26236.50000000  .00001000  00000+0  10000-4 0  9999
2 31526  99.2991 116.5437 0592093 267.4211 265.2189 14.85352574000014
FENGYUN 1C DEBRIS #327
1 31527U 20001A   26236.50000000  .00001000  00000+0  10000-4 0  9990
2 31527  97.4991  54.1823 0286022 311.1485  40.8985 12.95396781000011
FENGYUN 1C DEBRIS #328
1 31528U 20001A   26236.50000000  .00001000  00000+0  10000-4 0  9991
2 31528 101.4199 146.2992 0322001 162.2012 299.7039 12.60882454000011
FENGYUN 1C DEBRIS #329
1 31529U 20001A   26236.50000000  .00001000  00000+0  10000-4 0  9992
2 31529  96.3543 161.7583 0582285  78.7042 352.4515 12.83387053000017
FENGYUN 1C DEBRIS #330
1 31530U 20001A   26236.50000000  .00001000  00000+0  10000-4 0  9994
2 31530  98.1211 196.5910 0116338 125.3108 342.8557 13.50613577000012
FENGYUN 1C DEBRIS #331
1 31531U 20001A   26236.50000000  .00001000  00000+0  10000-4 0  9995
2 31531 101.4305 207.6611 0028335   5.8289 322.7958 14.55307044000015
FENGYUN 1C DEBRIS #332
1 31532U 20001A   26236.50000000  .00001000  00000+0  10000-4 0  9996
2 31532  98.6125 312.3929 0425603 164.1591 147.7393 14.15738803000018
FENGYUN 1C DEBRIS #333
1 31533U 20001A   26236.50000000  .00001000  00000+0  10000-4 0  9997
2 31533  97.7133 195.2881 0323438  40.8168  63.2930 14.43619474000018
FENGYUN 1C DEBRIS #334
1 31534U 20001A   26236.50000000  .00001000  00000+0  10000-4 0  9998
2 31534  98.1703  63.6823 0365037 137.3628 304.2330 13.90263091000018
FENGYUN 1C DEBRIS #335
1 31535U 20001A   26236.50000000  .00001000  00000+0  10000-4 0  9999
2 31535  99.7313 157.4977 0184284 333.0488 308.5190 14.08890358000010
FENGYUN 1C DEBRIS #336
1 31536U 20001A   26236.50000000  .00001000  00000+0  10000-4 0  9990
2 31536 101.5722 290.1383 0080210 221.8537 148.0607 14.15909901000019
FENGYUN 1C DEBRIS #337
1 31537U 20001A   26236.50000000  .00001000  00000+0  10000-4 0  9991
2 31537  98.5784 270.6216 0557792 159.8772 209.2441 12.83928497000016
FENGYUN 1C DEBRIS #338
1 31538U 20001A   26236.50000000  .00001000  00000+0  10000-4 0  9992
2 31538  95.7958 104.3656 0263971 163.6668 137.1887 13.13491049000015
FENGYUN 1C DEBRIS #339
1 31539U 20001A   26236.50000000  .00001000  00000+0  10000-4 0  9993
2 31539  96.7734 169.0467 0092175 329.0506 148.6565 14.92227864000012
FENGYUN 1C DEBRIS #340
1 31540U 20001A   26236.50000000  .00001000  00000+0  10000-4 0  9995
2 31540 100.5225 253.3806 0449868 134.8718  80.6172 12.61825232000015
FENGYUN 1C DEBRIS #341
1 31541U 20001A   26236.50000000  .00001000  00000+0  10000-4 0  9996
2 31541  97.3016 316.6586 0173409 286.2498 149.2979 14.61236202000019
FENGYUN 1C DEBRIS #342
1 31542U 20001A   26236.50000000  .00001000  00000+0  10000-4 0  9997
2 31542  97.0493 324.0674 0260442  55.2151 134.7861 12.63727216000010
FENGYUN 1C DEBRIS #343
1 31543U 20001A   26236.50000000  .00001000  00000+0  10000-4 0  9998
2 31543 100.5002 295.2124 0367968 345.2978 357.4185 13.40421585000015
FENGYUN 1C DEBRIS #344
1 31544U 20001A   26236.50000000  .00001000  00000+0  10000-4 0  9999
2 31544  97.0510 350.4565 0131743 298.2780 288.4794 14.14664246000015
FENGYUN 1C DEBRIS #345
1 31545U 20001A   26236.50000000  .00001000  00000+0  10000-4 0  9990
2 31545  99.0671  46.3934 0389038  62.5382 325.5017 14.94565352000016
FENGYUN 1C DEBRIS #346
1 31546U 20001A   26236.50000000  .00001000  00000+0  10000-4 0  9991
2 31546  98.7037 157.4646 0077755 181.5325 227.3188 14.52281274000012
FENGYUN 1C DEBRIS #347
1 31547U 20001A   26236.50000000  .00001000  00000+0  10000-4 0  9992
2 31547 100.3057 303.4911 0383844 199.0460 341.5321 13.22455229000013
FENGYUN 1C DEBRIS #348
1 31548U 20001A   26236.50000000  .00001000  00000+0  10000-4 0  9993
2 31548  96.8226  33.5755 0273704 213.5837  10.0146 14.10934590000015
FENGYUN 1C DEBRIS #349
1 31549U 20001A   26236.50000000  .00001000  00000+0  10000-4 0  9994
2 31549  99.8455 331.4140 0065688 267.2423  46.9973 13.51777164000010
FENGYUN 1C DEBRIS #350
1 31550U 20001A   26236.50000000  .00001000  00000+0  10000-4 0  9996
2 31550  98.3222 227.3406 0227710 323.2473 106.8921 13.17533252000019
FENGYUN 1C DEBRIS #351
1 31551U 20001A   26236.50000000  .00001000  00000+0  10000-4 0  9997
2 31551  98.8125  88.2916 0472416 277.3410 237.3328 14.48651568000019
FENGYUN 1C DEBRIS #352
1 31552U 20001A   26236.50000000  .00001000  00000+0  10000-4 0  9998
2 31552  97.2498 336.5913 0383914 208.5676  37.2309 14.13212777000019
FENGYUN 1C DEBRIS #353
1 31553U 20001A   26236.50000000  .00001000  00000+0  10000-4 0  9999
2 31553  98.3548 214.5220 0082104 322.0577  33.3998 13.27791129000011
FENGYUN 1C DEBRIS #354
1 31554U 20001A   26236.50000000  .00001000  00000+0  10000-4 0  9990
2 31554  98.5655 130.1030 0506223 176.7733   7.9045 13.53792050000019
FENGYUN 1C DEBRIS #355
1 31555U 20001A   26236.50000000  .00001000  00000+0  10000-4 0  9991
2 31555  96.0415 345.3182 0064261 135.0916 112.8906 14.24960739000019
FENGYUN 1C DEBRIS #356
1 31556U 20001A   26236.50000000  .00001000  00000+0  10000-4 0  9992
2 31556 101.0498 291.0777 0124287  64.3237 204.2258 12.62433670000015
FENGYUN 1C DEBRIS #357
1 31557U 20001A   26236.50000000  .00001000  00000+0  10000-4 0  9993
2 31557  99.2399  11.3222 0586031 174.2080 221.0418 14.98497499000013
FENGYUN 1C DEBRIS #358
1 31558U 20001A   26236.50000000  .00001000  00000+0  10000-4 0  9994
2 31558  98.8789  57.0198 0450184  69.4243  10.6399 14.82379963000014
FENGYUN 1C DEBRIS #359
1 31559U 20001A   26236.50000000  .00001000  00000+0  10000-4 0  9995
2 31559  95.7382 184.2281 0108360  41.3238  78.1048 14.68049822000017
FENGYUN 1C DEBRIS #360
1 31560U 20001A   26236.50000000  .00001000  00000+0  10000-4 0  9997
2 31560  97.5652  79.1140 0442091  96.3326 173.3670 14.85563545000016
FENGYUN 1C DEBRIS #361
1 31561U 20001A   26236.50000000  .00001000  00000+0  10000-4 0  9998
2 31561 101.3194 125.4792 0339868 268.2700 178.4886 13.30637011000017
FENGYUN 1C DEBRIS #362
1 31562U 20001A   26236.50000000  .00001000  00000+0  10000-4 0  9999
2 31562  98.6759 143.9792 0131971 247.3407 319.4334 13.01510284000010
FENGYUN 1C DEBRIS #363
1 31563U 20001A   26236.50000000  .00001000  00000+0  10000-4 0  9990
2 31563  97.2865 141.4173 0358515 112.1706 285.8758 14.43947728000016
FENGYUN 1C DEBRIS #364
1 31564U 20001A   26236.50000000  .00001000  00000+0  10000-4 0  9991
2 31564 101.3226 175.6194 0532057 268.9485 293.7212 13.61696957000013
FENGYUN 1C DEBRIS #365
1 31565U 20001A   26236.50000000  .00001000  00000+0  10000-4 0  9992
2 31565  99.3375 218.6264 0269001 134.6258 227.7714 13.96114088000016
FENGYUN 1C DEBRIS #366
1 31566U 20001A   26236.50000000  .00001000  00000+0  10000-4 0  9993
2 31566  95.9856  60.2097 0039580 211.2729 105.6505 13.82725634000012
FENGYUN 1C DEBRIS #367
1 31567U 20001A   26236.50000000  .00001000  00000+0  10000-4 0  9994
2 31567 100.5601 232.2353 0579784  10.7784  64.7655 13.44540801000018
FENGYUN 1C DEBRIS #368
1 31568U 20001A   26236.50000000  .00001000  00000+0  10000-4 0  9995
2 31568  97.5361 284.7227 0227491 236.5037 133.9071 12.77433679000013
FENGYUN 1C DEBRIS #369
1 31569U 20001A   26236.50000000  .00001000  00000+0  10000-4 0  9996
2 31569 100.2771  44.0293 0204781 118.3930 167.5356 12.62616246000013
FENGYUN 1C DEBRIS #370
1 31570U 20001A   26236.50000000  .00001000  00000+0  10000-4 0  9998
2 31570 100.3714 323.5478 0345751 216.6487 189.8145 13.52541812000014
FENGYUN 1C DEBRIS #371
1 31571U 20001A   26236.50000000  .00001000  00000+0  10000-4 0  9999
2 31571  96.2175 100.0974 0372584 309.5686  26.9367 14.72006430000017
FENGYUN 1C DEBRIS #372
1 31572U 20001A   26236.50000000  .00001000  00000+0  10000-4 0  9990
2 31572 100.9560 151.8301 0458596 115.2437  70.9644 13.36267991000018
FENGYUN 1C DEBRIS #373
1 31573U 20001A   26236.50000000  .00001000  00000+0  10000-4 0  9991
2 31573 100.4164 179.5143 0594350  44.6734  61.6103 13.61096939000016
FENGYUN 1C DEBRIS #374
1 31574U 20001A   26236.50000000  .00001000  00000+0  10000-4 0  9992
2 31574  97.5612 137.8287 0354320 231.7200 308.1971 13.28408859000018
FENGYUN 1C DEBRIS #375
1 31575U 20001A   26236.50000000  .00001000  00000+0  10000-4 0  9993
2 31575 101.5277 328.1915 0184932 145.0119 322.4986 14.61994287000019
FENGYUN 1C DEBRIS #376
1 31576U 20001A   26236.50000000  .00001000  00000+0  10000-4 0  9994
2 31576 101.1082  14.0833 0393969  34.2431 288.9048 12.76668988000013
FENGYUN 1C DEBRIS #377
1 31577U 20001A   26236.50000000  .00001000  00000+0  10000-4 0  9995
2 31577  99.9395  98.8825 0457141 200.3221 112.7429 13.56082642000015
FENGYUN 1C DEBRIS #378
1 31578U 20001A   26236.50000000  .00001000  00000+0  10000-4 0  9996
2 31578  99.2739 141.5979 0423945 305.5220 348.1749 13.69099618000014
FENGYUN 1C DEBRIS #379
1 31579U 20001A   26236.50000000  .00001000  00000+0  10000-4 0  9997
2 31579  96.3285 134.6062 0378426  17.2203   3.7426 12.67029164000018
FENGYUN 1C DEBRIS #380
1 31580U 20001A   26236.50000000  .00001000  00000+0  10000-4 0  9999
2 31580  96.2308 116.2293 0418807  61.2689  68.8175 13.64563791000012
FENGYUN 1C DEBRIS #381
1 31581U 20001A   26236.50000000  .00001000  00000+0  10000-4 0  9990
2 31581 101.0137 132.7966 0543670 336.2797 312.4854 14.97495607000019
FENGYUN 1C DEBRIS #382
1 31582U 20001A   26236.50000000  .00001000  00000+0  10000-4 0  9991
2 31582  97.1581 282.5799 0084266  27.0152 118.5584 14.87314767000018
FENGYUN 1C DEBRIS #383
1 31583U 20001A   26236.50000000  .00001000  00000+0  10000-4 0  9992
2 31583  99.2765 292.4948 0176548  49.5948 165.8498 13.00881271000011
FENGYUN 1C DEBRIS #384
1 31584U 20001A   26236.50000000  .00001000  00000+0  10000-4 0  9993
2 31584  96.3577 310.2822 0456760 347.7011 148.7858 14.73071619000010
FENGYUN 1C DEBRIS #385
1 31585U 20001A   26236.50000000  .00001000  00000+0  10000-4 0  9994
2 31585  98.2807  44.0544 0326001 238.0568 351.4858 13.98692333000015
FENGYUN 1C DEBRIS #386
1 31586U 20001A   26236.50000000  .00001000  00000+0  10000-4 0  9995
2 31586  97.5315 263.1112 0150981 106.6443  29.8059 13.23314888000014
FENGYUN 1C DEBRIS #387
1 31587U 20001A   26236.50000000  .00001000  00000+0  10000-4 0  9996
2 31587  98.9511 314.2340 0402498  74.1208  28.0860 14.36464387000016
FENGYUN 1C DEBRIS #388
1 31588U 20001A   26236.50000000  .00001000  00000+0  10000-4 0  9997
2 31588 101.4306  21.6961 0027614 294.6641  67.6503 13.11872512000018
FENGYUN 1C DEBRIS #389
1 31589U 20001A   26236.50000000  .00001000  00000+0  10000-4 0  9998
2 31589  96.2272  75.1181 0362503 309.0452 273.7757 13.86634713000012
FENGYUN 1C DEBRIS #390
1 31590U 20001A   26236.50000000  .00001000  00000+0  10000-4 0  9990
2 31590  97.4710 163.4479 0109319 329.0851  78.7625 13.81082738000010
FENGYUN 1C DEBRIS #391
1 31591U 20001A   26236.50000000  .00001000  00000+0  10000-4 0  9991
2 31591  97.7819 351.0233 0523358 280.8076  67.6633 13.83231370000019
FENGYUN 1C DEBRIS #392
1 31592U 20001A   26236.50000000  .00001000  00000+0  10000-4 0  9992
2 31592  97.2670  59.1107 0198145 233.4179  53.0243 14.68759531000010
FENGYUN 1C DEBRIS #393
1 31593U 20001A   26236.50000000  .00001000  00000+0  10000-4 0  9993
2 31593 100.8572 268.2094 0159526  67.3307  10.2910 14.74583533000018
FENGYUN 1C DEBRIS #394
1 31594U 20001A   26236.50000000  .00001000  00000+0  10000-4 0  9994
2 31594  99.5713 162.9507 0174035  30.2640 155.3305 14.82462653000017
FENGYUN 1C DEBRIS #395
1 31595U 20001A   26236.50000000  .00001000  00000+0  10000-4 0  9995
2 31595  96.5037 180.7885 0314597  98.1320  35.2126 12.72757697000017
FENGYUN 1C DEBRIS #396
1 31596U 20001A   26236.50000000  .00001000  00000+0  10000-4 0  9996
2 31596  99.4917 263.5206 0265101 144.9692 213.8577 13.30561415000012
FENGYUN 1C DEBRIS #397
1 31597U 20001A   26236.50000000  .00001000  00000+0  10000-4 0  9997
2 31597  98.7774 177.7018 0271467 232.6841 345.2298 14.23478526000019
FENGYUN 1C DEBRIS #398
1 31598U 20001A   26236.50000000  .00001000  00000+0  10000-4 0  9998
2 31598  96.9175  19.1296 0040699  23.7051  36.3715 13.23882779000015
FENGYUN 1C DEBRIS #399
1 31599U 20001A   26236.50000000  .00001000  00000+0  10000-4 0  9999
2 31599  96.9588 223.2795 0435177  36.4695 264.2128 13.54057942000010
FENGYUN 1C DEBRIS #400
1 31600U 20001A   26236.50000000  .00001000  00000+0  10000-4 0  9992
2 31600 100.8772  96.5761 0139309 125.1479 103.6773 14.48574636000011
FENGYUN 1C DEBRIS #401
1 31601U 20001A   26236.50000000  .00001000  00000+0  10000-4 0  9993
2 31601  99.1779 264.1976 0074660 252.1696 171.6330 13.80777637000015
FENGYUN 1C DEBRIS #402
1 31602U 20001A   26236.50000000  .00001000  00000+0  10000-4 0  9994
2 31602  97.4319 326.4004 0158399  25.0037  67.4440 13.35627000000011
FENGYUN 1C DEBRIS #403
1 31603U 20001A   26236.50000000  .00001000  00000+0  10000-4 0  9995
2 31603 100.9992  51.0601 0027386 120.2595  63.9054 13.73904166000016
FENGYUN 1C DEBRIS #404
1 31604U 20001A   26236.50000000  .00001000  00000+0  10000-4 0  9996
2 31604  97.1830  27.7117 0413937 213.8419 349.0350 14.64741520000013
FENGYUN 1C DEBRIS #405
1 31605U 20001A   26236.50000000  .00001000  00000+0  10000-4 0  9997
2 31605  99.0990 175.7906 0163556 294.8135 204.2160 12.86252639000016
FENGYUN 1C DEBRIS #406
1 31606U 20001A   26236.50000000  .00001000  00000+0  10000-4 0  9998
2 31606 101.5425 300.7293 0324656  52.7699  33.8076 13.00153137000016
FENGYUN 1C DEBRIS #407
1 31607U 20001A   26236.50000000  .00001000  00000+0  10000-4 0  9999
2 31607  97.4276 265.0271 0282517 356.3255  92.6422 14.36355601000011
FENGYUN 1C DEBRIS #408
1 31608U 20001A   26236.50000000  .00001000  00000+0  10000-4 0  9990
2 31608  98.5190 131.1442 0027865 255.6566 320.8941 13.44630331000017
FENGYUN 1C DEBRIS #409
1 31609U 20001A   26236.50000000  .00001000  00000+0  10000-4 0  9991
2 31609 100.2472 308.5042 0543256  40.5940 246.8823 14.02978450000010
FENGYUN 1C DEBRIS #410
1 31610U 20001A   26236.50000000  .00001000  00000+0  10000-4 0  9993
2 31610  99.9693   7.4618 0587609 237.3721  50.9879 14.65503726000012
FENGYUN 1C DEBRIS #411
1 31611U 20001A   26236.50000000  .00001000  00000+0  10000-4 0  9994
2 31611  98.5870  87.9724 0449787 129.3912 267.9714 14.93589741000012
FENGYUN 1C DEBRIS #412
1 31612U 20001A   26236.50000000  .00001000  00000+0  10000-4 0  9995
2 31612  96.7631 343.7332 0390465 315.7719 244.3685 14.91708735000010
FENGYUN 1C DEBRIS #413
1 31613U 20001A   26236.50000000  .00001000  00000+0  10000-4 0  9996
2 31613 100.9953 161.7370 0575817  95.5114 244.4639 13.86457651000015
FENGYUN 1C DEBRIS #414
1 31614U 20001A   26236.50000000  .00001000  00000+0  10000-4 0  9997
2 31614 100.9280 140.7694 0262030 111.3564  14.7960 14.98546490000010
FENGYUN 1C DEBRIS #415
1 31615U 20001A   26236.50000000  .00001000  00000+0  10000-4 0  9998
2 31615  98.7205 123.5788 0375173 163.8100 348.5351 13.64030310000019
FENGYUN 1C DEBRIS #416
1 31616U 20001A   26236.50000000  .00001000  00000+0  10000-4 0  9999
2 31616 100.3540 103.8271 0582292 246.7896 167.8743 13.79742485000011
FENGYUN 1C DEBRIS #417
1 31617U 20001A   26236.50000000  .00001000  00000+0  10000-4 0  9990
2 31617  96.5014 348.0017 0381801 109.3124 103.7736 14.19436877000017
FENGYUN 1C DEBRIS #418
1 31618U 20001A   26236.50000000  .00001000  00000+0  10000-4 0  9991
2 31618 100.3987   5.6133 0043752 213.5058  19.1496 13.27924152000019
FENGYUN 1C DEBRIS #419
1 31619U 20001A   26236.50000000  .00001000  00000+0  10000-4 0  9992
2 31619  97.4349 154.9162 0402946  90.5160 126.0786 12.60154011000014
FENGYUN 1C DEBRIS #420
1 31620U 20001A   26236.50000000  .00001000  00000+0  10000-4 0  9994
2 31620  97.2996 309.2438 0405889  55.8133  30.9612 14.44532491000013
FENGYUN 1C DEBRIS #421
1 31621U 20001A   26236.50000000  .00001000  00000+0  10000-4 0  9995
2 31621  97.2240 358.5291 0134101  29.0585  78.7888 14.00453961000011
FENGYUN 1C DEBRIS #422
1 31622U 20001A   26236.50000000  .00001000  00000+0  10000-4 0  9996
2 31622  98.4391 127.6676 0490791 152.1228 348.0865 14.12890716000010
FENGYUN 1C DEBRIS #423
1 31623U 20001A   26236.50000000  .00001000  00000+0  10000-4 0  9997
2 31623  96.1888  94.0539 0195173 203.0067 244.4124 13.34576592000018
FENGYUN 1C DEBRIS #424
1 31624U 20001A   26236.50000000  .00001000  00000+0  10000-4 0  9998
2 31624  97.5349 208.1403 0416326  48.8487 199.5422 13.07881600000011
FENGYUN 1C DEBRIS #425
1 31625U 20001A   26236.50000000  .00001000  00000+0  10000-4 0  9999
2 31625  97.4064  30.8153 0348665 196.4990 135.3477 14.10796519000013
FENGYUN 1C DEBRIS #426
1 31626U 20001A   26236.50000000  .00001000  00000+0  10000-4 0  9990
2 31626 100.8555 157.2814 0100393 112.7738 336.5567 13.66056320000015
FENGYUN 1C DEBRIS #427
1 31627U 20001A   26236.50000000  .00001000  00000+0  10000-4 0  9991
2 31627  99.8756 168.6164 0268048 147.6931   9.9623 13.60921360000017
FENGYUN 1C DEBRIS #428
1 31628U 20001A   26236.50000000  .00001000  00000+0  10000-4 0  9992
2 31628  98.9535 344.6970 0264132 221.4751 108.8604 14.41405549000019
FENGYUN 1C DEBRIS #429
1 31629U 20001A   26236.50000000  .00001000  00000+0  10000-4 0  9993
2 31629  97.0559 184.3944 0093819 203.6069 105.6035 13.90384692000013
FENGYUN 1C DEBRIS #430
1 31630U 20001A   26236.50000000  .00001000  00000+0  10000-4 0  9995
2 31630 100.1320 141.3574 0253706 290.6932 314.9679 12.61428683000012
FENGYUN 1C DEBRIS #431
1 31631U 20001A   26236.50000000  .00001000  00000+0  10000-4 0  9996
2 31631  98.3613  19.5646 0051721 233.9568 120.0540 14.59174629000010
FENGYUN 1C DEBRIS #432
1 31632U 20001A   26236.50000000  .00001000  00000+0  10000-4 0  9997
2 31632  96.1844 104.6077 0299251  21.9113 266.5703 13.39513823000017
FENGYUN 1C DEBRIS #433
1 31633U 20001A   26236.50000000  .00001000  00000+0  10000-4 0  9998
2 31633  99.6465 266.1708 0050751  51.8947 266.5527 13.09215468000012
FENGYUN 1C DEBRIS #434
1 31634U 20001A   26236.50000000  .00001000  00000+0  10000-4 0  9999
2 31634  98.5718  80.4757 0411894 108.3212 111.9207 14.64541367000015
FENGYUN 1C DEBRIS #435
1 31635U 20001A   26236.50000000  .00001000  00000+0  10000-4 0  9990
2 31635 101.5350   2.3223 0301273  41.2952   0.0129 14.25065927000010
FENGYUN 1C DEBRIS #436
1 31636U 20001A   26236.50000000  .00001000  00000+0  10000-4 0  9991
2 31636  99.2227  43.5724 0076180 170.5473 299.7815 13.09030477000012
FENGYUN 1C DEBRIS #437
1 31637U 20001A   26236.50000000  .00001000  00000+0  10000-4 0  9992
2 31637  98.2629  20.0351 0090650 353.7707 295.2975 13.57093761000013
FENGYUN 1C DEBRIS #438
1 31638U 20001A   26236.50000000  .00001000  00000+0  10000-4 0  9993
2 31638 100.6503 196.8189 0496578 309.3530 222.1771 14.23516907000013
FENGYUN 1C DEBRIS #439
1 31639U 20001A   26236.50000000  .00001000  00000+0  10000-4 0  9994
2 31639  98.1941 229.0310 0127188 236.6875  61.4792 14.56452024000010
FENGYUN 1C DEBRIS #440
1 31640U 20001A   26236.50000000  .00001000  00000+0  10000-4 0  9996
2 31640 100.0500 196.8052 0296171 240.3128 345.2729 13.29608685000010
FENGYUN 1C DEBRIS #441
1 31641U 20001A   26236.50000000  .00001000  00000+0  10000-4 0  9997
2 31641  98.5578 240.3719 0246889  38.6409 150.0827 14.27436649000012
FENGYUN 1C DEBRIS #442
1 31642U 20001A   26236.50000000  .00001000  00000+0  10000-4 0  9998
2 31642  98.1490  10.0694 0285107   3.9671 108.9942 13.95410180000014
FENGYUN 1C DEBRIS #443
1 31643U 20001A   26236.50000000  .00001000  00000+0  10000-4 0  9999
2 31643  99.4707 321.5596 0379528 326.5410 346.6067 12.70231631000010
FENGYUN 1C DEBRIS #444
1 31644U 20001A   26236.50000000  .00001000  00000+0  10000-4 0  9990
2 31644  98.4074 260.3035 0180604 128.7892 308.1022 14.95620885000012
FENGYUN 1C DEBRIS #445
1 31645U 20001A   26236.50000000  .00001000  00000+0  10000-4 0  9991
2 31645  98.6192 125.5803 0429610  22.5957 236.1309 13.53749838000018
FENGYUN 1C DEBRIS #446
1 31646U 20001A   26236.50000000  .00001000  00000+0  10000-4 0  9992
2 31646  97.7112 258.9153 0216788 283.2109 100.2025 14.31643760000015
FENGYUN 1C DEBRIS #447
1 31647U 20001A   26236.50000000  .00001000  00000+0  10000-4 0  9993
2 31647 100.1756 109.0548 0248478 232.2482 135.5482 14.79878406000019
FENGYUN 1C DEBRIS #448
1 31648U 20001A   26236.50000000  .00001000  00000+0  10000-4 0  9994
2 31648  98.4305 237.2299 0354102 279.1433 189.1562 14.82578939000010
FENGYUN 1C DEBRIS #449
1 31649U 20001A   26236.50000000  .00001000  00000+0  10000-4 0  9995
2 31649  96.3765 116.6676 0574012 222.2910 145.3586 13.43542853000012
FENGYUN 1C DEBRIS #450
1 31650U 20001A   26236.50000000  .00001000  00000+0  10000-4 0  9997
2 31650  95.8696 306.7312 0112324  38.2394 336.3242 12.83169706000011
FENGYUN 1C DEBRIS #451
1 31651U 20001A   26236.50000000  .00001000  00000+0  10000-4 0  9998
2 31651  98.4585 273.5673 0589170 263.7529  85.1822 14.54053316000013
FENGYUN 1C DEBRIS #452
1 31652U 20001A   26236.50000000  .00001000  00000+0  10000-4 0  9999
2 31652 100.9988  62.6393 0537634 151.2202  23.1732 14.41395330000016
FENGYUN 1C DEBRIS #453
1 31653U 20001A   26236.50000000  .00001000  00000+0  10000-4 0  9990
2 31653  99.2714  41.2106 0511145 274.8067 218.3520 12.77491607000013
FENGYUN 1C DEBRIS #454
1 31654U 20001A   26236.50000000  .00001000  00000+0  10000-4 0  9991
2 31654 100.6441 332.4783 0206272 135.9464 355.9935 14.27694174000013
FENGYUN 1C DEBRIS #455
1 31655U 20001A   26236.50000000  .00001000  00000+0  10000-4 0  9992
2 31655  99.0427  71.9044 0166447 102.9922  72.4294 13.65003565000014
FENGYUN 1C DEBRIS #456
1 31656U 20001A   26236.50000000  .00001000  00000+0  10000-4 0  9993
2 31656  96.5725 292.9816 0489029 209.5589 226.4816 13.06150995000013
FENGYUN 1C DEBRIS #457
1 31657U 20001A   26236.50000000  .00001000  00000+0  10000-4 0  9994
2 31657  99.6119  73.2743 0489805 129.4420 146.8899 14.74389843000018
FENGYUN 1C DEBRIS #458
1 31658U 20001A   26236.50000000  .00001000  00000+0  10000-4 0  9995
2 31658  98.8795  25.9074 0127476 327.9559 231.2037 14.35194508000014
FENGYUN 1C DEBRIS #459
1 31659U 20001A   26236.50000000  .00001000  00000+0  10000-4 0  9996
2 31659  98.5771 299.6650 0350814 126.7582 222.6524 13.73695889000015
FENGYUN 1C DEBRIS #460
1 31660U 20001A   26236.50000000  .00001000  00000+0  10000-4 0  9998
2 31660  98.9522  49.6345 0058949 135.4026  25.5123 13.62602820000019
FENGYUN 1C DEBRIS #461
1 31661U 20001A   26236.50000000  .00001000  00000+0  10000-4 0  9999
2 31661  96.0689 281.6594 0192971  83.0065 216.5363 12.88302599000017
FENGYUN 1C DEBRIS #462
1 31662U 20001A   26236.50000000  .00001000  00000+0  10000-4 0  9990
2 31662  97.5855  80.6476 0565558  90.4975 253.1784 14.81345599000018
FENGYUN 1C DEBRIS #463
1 31663U 20001A   26236.50000000  .00001000  00000+0  10000-4 0  9991
2 31663  96.0077 313.7304 0581506 207.1281 307.1503 12.77946509000017
FENGYUN 1C DEBRIS #464
1 31664U 20001A   26236.50000000  .00001000  00000+0  10000-4 0  9992
2 31664 101.1909 180.0169 0251547 251.1064  39.9148 12.73595568000017
FENGYUN 1C DEBRIS #465
1 31665U 20001A   26236.50000000  .00001000  00000+0  10000-4 0  9993
2 31665  98.4259 330.2609 0172570 121.6963  93.9172 12.67194727000011
FENGYUN 1C DEBRIS #466
1 31666U 20001A   26236.50000000  .00001000  00000+0  10000-4 0  9994
2 31666  97.6072 275.3049 0100787 264.1942 332.7027 13.91300963000016
FENGYUN 1C DEBRIS #467
1 31667U 20001A   26236.50000000  .00001000  00000+0  10000-4 0  9995
2 31667  99.5800 316.1773 0156657 341.2791 325.5566 12.77498856000011
FENGYUN 1C DEBRIS #468
1 31668U 20001A   26236.50000000  .00001000  00000+0  10000-4 0  9996
2 31668  99.8185 275.6067 0040510 341.9668 215.3331 14.95453450000015
FENGYUN 1C DEBRIS #469
1 31669U 20001A   26236.50000000  .00001000  00000+0  10000-4 0  9997
2 31669  99.2746  29.0137 0339826  97.3830  15.0268 14.87184162000012
FENGYUN 1C DEBRIS #470
1 31670U 20001A   26236.50000000  .00001000  00000+0  10000-4 0  9999
2 31670  95.8136 182.7375 0397195 109.2306 305.9401 13.63563735000014
FENGYUN 1C DEBRIS #471
1 31671U 20001A   26236.50000000  .00001000  00000+0  10000-4 0  9990
2 31671 101.4288   7.7196 0052106 292.0907 192.3069 14.45667178000017
FENGYUN 1C DEBRIS #472
1 31672U 20001A   26236.50000000  .00001000  00000+0  10000-4 0  9991
2 31672 100.7618 245.4988 0447995  18.7706 275.6453 13.92599030000015
FENGYUN 1C DEBRIS #473
1 31673U 20001A   26236.50000000  .00001000  00000+0  10000-4 0  9992
2 31673  99.7726 154.6987 0267563 157.6630 322.9728 12.93064903000010
FENGYUN 1C DEBRIS #474
1 31674U 20001A   26236.50000000  .00001000  00000+0  10000-4 0  9993
2 31674 101.4952 132.3751 0132314  20.8521  83.5320 13.64765959000016
FENGYUN 1C DEBRIS #475
1 31675U 20001A   26236.50000000  .00001000  00000+0  10000-4 0  9994
2 31675  99.1317  81.7653 0453535 285.5451 204.4975 14.73200481000011
FENGYUN 1C DEBRIS #476
1 31676U 20001A   26236.50000000  .00001000  00000+0  10000-4 0  9995
2 31676 101.5456   5.3635 0437499  27.5802  45.6177 14.55029254000017
FENGYUN 1C DEBRIS #477
1 31677U 20001A   26236.50000000  .00001000  00000+0  10000-4 0  9996
2 31677  96.6836  15.7390 0222807  87.9280 105.2686 14.17250148000016
FENGYUN 1C DEBRIS #478
1 31678U 20001A   26236.50000000  .00001000  00000+0  10000-4 0  9997
2 31678  99.2367 172.3325 0090978  90.0716 195.7126 12.78432920000012
FENGYUN 1C DEBRIS #479
1 31679U 20001A   26236.50000000  .00001000  00000+0  10000-4 0  9998
2 31679  98.5696 264.6787 0227035  79.3034 256.7282 14.79624207000011
FENGYUN 1C DEBRIS #480
1 31680U 20001A   26236.50000000  .00001000  00000+0  10000-4 0  9990
2 31680 101.2486 280.8750 0189756 189.6639  96.3127 14.16874529000016
FENGYUN 1C DEBRIS #481
1 31681U 20001A   26236.50000000  .00001000  00000+0  10000-4 0  9991
2 31681  99.7866 181.2403 0051318 253.9806 223.8738 14.76102091000011
FENGYUN 1C DEBRIS #482
1 31682U 20001A   26236.50000000  .00001000  00000+0  10000-4 0  9992
2 31682  97.2787  73.2798 0099536  82.9929 267.0871 14.94225217000018
FENGYUN 1C DEBRIS #483
1 31683U 20001A   26236.50000000  .00001000  00000+0  10000-4 0  9993
2 31683  96.8646 134.0604 0493500 352.0475 251.4031 12.94070696000018
FENGYUN 1C DEBRIS #484
1 31684U 20001A   26236.50000000  .00001000  00000+0  10000-4 0  9994
2 31684  99.4994 163.3547 0086258  12.1522 100.0682 13.79737798000018
FENGYUN 1C DEBRIS #485
1 31685U 20001A   26236.50000000  .00001000  00000+0  10000-4 0  9995
2 31685  97.9051 297.7844 0069006 219.5092 178.3287 13.26982196000010
FENGYUN 1C DEBRIS #486
1 31686U 20001A   26236.50000000  .00001000  00000+0  10000-4 0  9996
2 31686 100.7766 138.4788 0045761  66.3936 155.1906 13.09375229000017
FENGYUN 1C DEBRIS #487
1 31687U 20001A   26236.50000000  .00001000  00000+0  10000-4 0  9997
2 31687  95.9136 109.8533 0334098   9.3572 219.1461 13.43473089000019
FENGYUN 1C DEBRIS #488
1 31688U 20001A   26236.50000000  .00001000  00000+0  10000-4 0  9998
2 31688 100.9590 332.1715 0546320 212.7451 272.6108 14.54458485000011
FENGYUN 1C DEBRIS #489
1 31689U 20001A   26236.50000000  .00001000  00000+0  10000-4 0  9999
2 31689  97.6457 298.5262 0271764 262.5214 264.7492 13.62611805000018
FENGYUN 1C DEBRIS #490
1 31690U 20001A   26236.50000000  .00001000  00000+0  10000-4 0  9991
2 31690  95.9427  39.3157 0245104 244.0690 309.0651 14.33111286000011
FENGYUN 1C DEBRIS #491
1 31691U 20001A   26236.50000000  .00001000  00000+0  10000-4 0  9992
2 31691 101.2279 166.8609 0352109 186.8086  58.5176 13.96392733000016
FENGYUN 1C DEBRIS #492
1 31692U 20001A   26236.50000000  .00001000  00000+0  10000-4 0  9993
2 31692  97.8877 268.4282 0556303   5.4660 287.8520 12.91649451000019
FENGYUN 1C DEBRIS #493
1 31693U 20001A   26236.50000000  .00001000  00000+0  10000-4 0  9994
2 31693 101.3058  30.7933 0164960 121.5116 142.0564 13.90273094000011
FENGYUN 1C DEBRIS #494
1 31694U 20001A   26236.50000000  .00001000  00000+0  10000-4 0  9995
2 31694  99.2933 130.2102 0402353 291.6934 218.8797 14.47782309000018
FENGYUN 1C DEBRIS #495
1 31695U 20001A   26236.50000000  .00001000  00000+0  10000-4 0  9996
2 31695  96.3458 204.6388 0206173  64.3624 166.5807 13.23484211000019
FENGYUN 1C DEBRIS #496
1 31696U 20001A   26236.50000000  .00001000  00000+0  10000-4 0  9997
2 31696  98.2395 167.9182 0580213 303.9571  78.4233 13.75249898000018
FENGYUN 1C DEBRIS #497
1 31697U 20001A   26236.50000000  .00001000  00000+0  10000-4 0  9998
2 31697  95.9515 337.9803 0180338 113.0496  23.0557 14.06478845000012
FENGYUN 1C DEBRIS #498
1 31698U 20001A   26236.50000000  .00001000  00000+0  10000-4 0  9999
2 31698  96.6788 275.7517 0180163  45.8001 226.9217 14.68573289000017
FENGYUN 1C DEBRIS #499
1 31699U 20001A   26236.50000000  .00001000  00000+0  10000-4 0  9990
2 31699  96.4814 222.4617 0048756  13.8606 246.3989 12.87467175000010
FENGYUN 1C DEBRIS #500
1 31700U 20001A   26236.50000000  .00001000  00000+0  10000-4 0  9993
2 31700 100.7634 208.7607 0044334  21.8926 257.2378 14.32165847000016
FENGYUN 1C DEBRIS #501
1 31701U 20001A   26236.50000000  .00001000  00000+0  10000-4 0  9994
2 31701  97.1543  92.6802 0413464 127.2006 258.5949 14.65797674000019
FENGYUN 1C DEBRIS #502
1 31702U 20001A   26236.50000000  .00001000  00000+0  10000-4 0  9995
2 31702  99.2035 125.9027 0064937 183.9728  85.3123 13.66515044000014
FENGYUN 1C DEBRIS #503
1 31703U 20001A   26236.50000000  .00001000  00000+0  10000-4 0  9996
2 31703  97.5547 133.6894 0497161 231.0793 315.3071 13.59832721000012
FENGYUN 1C DEBRIS #504
1 31704U 20001A   26236.50000000  .00001000  00000+0  10000-4 0  9997
2 31704  96.4585 117.5546 0477135 146.9295 234.7122 13.40396588000015
FENGYUN 1C DEBRIS #505
1 31705U 20001A   26236.50000000  .00001000  00000+0  10000-4 0  9998
2 31705  98.4241 350.4604 0380711  16.0598 334.9111 12.98475077000010
FENGYUN 1C DEBRIS #506
1 31706U 20001A   26236.50000000  .00001000  00000+0  10000-4 0  9999
2 31706 101.0712   9.1927 0373242 183.8866 281.1146 14.53928211000010
FENGYUN 1C DEBRIS #507
1 31707U 20001A   26236.50000000  .00001000  00000+0  10000-4 0  9990
2 31707  98.6491 209.3351 0219550 299.0616  11.7358 13.11568493000012
FENGYUN 1C DEBRIS #508
1 31708U 20001A   26236.50000000  .00001000  00000+0  10000-4 0  9991
2 31708  99.9576 137.1923 0598736  27.8321 336.7864 12.78826793000014
FENGYUN 1C DEBRIS #509
1 31709U 20001A   26236.50000000  .00001000  00000+0  10000-4 0  9992
2 31709  96.9475 181.2585 0353174 150.5088 263.8964 13.91575927000010
FENGYUN 1C DEBRIS #510
1 31710U 20001A   26236.50000000  .00001000  00000+0  10000-4 0  9994
2 31710 100.6856 189.9923 0049830 188.8013 158.7663 13.73358998000017
FENGYUN 1C DEBRIS #511
1 31711U 20001A   26236.50000000  .00001000  00000+0  10000-4 0  9995
2 31711  97.2151 300.9632 0189977  87.5064 276.3516 13.18566959000018
FENGYUN 1C DEBRIS #512
1 31712U 20001A   26236.50000000  .00001000  00000+0  10000-4 0  9996
2 31712  97.7718 164.0956 0453949  86.7767 263.8074 12.87700061000014
FENGYUN 1C DEBRIS #513
1 31713U 20001A   26236.50000000  .00001000  00000+0  10000-4 0  9997
2 31713 100.8814 130.2772 0224151 329.2688 235.1988 13.81354426000018
FENGYUN 1C DEBRIS #514
1 31714U 20001A   26236.50000000  .00001000  00000+0  10000-4 0  9998
2 31714  99.2313 161.6285 0262933 297.6422  45.1013 13.96642141000013
FENGYUN 1C DEBRIS #515
1 31715U 20001A   26236.50000000  .00001000  00000+0  10000-4 0  9999
2 31715  98.8257 279.5214 0256418  49.7305  93.7004 14.00341281000010
FENGYUN 1C DEBRIS #516
1 31716U 20001A   26236.50000000  .00001000  00000+0  10000-4 0  9990
2 31716  97.3213 112.9840 0067273 353.9692 207.3642 13.61045422000015
FENGYUN 1C DEBRIS #517
1 31717U 20001A   26236.50000000  .00001000  00000+0  10000-4 0  9991
2 31717  99.3958 278.1522 0541926   5.5844  43.4840 14.70337367000019
FENGYUN 1C DEBRIS #518
1 31718U 20001A   26236.50000000  .00001000  00000+0  10000-4 0  9992
2 31718  97.1803 199.6484 0559472  45.5033  12.2672 14.38284958000016
FENGYUN 1C DEBRIS #519
1 31719U 20001A   26236.50000000  .00001000  00000+0  10000-4 0  9993
2 31719  98.1885 248.4168 0594161 312.0768 330.7043 12.91770661000019
FENGYUN 1C DEBRIS #520
1 31720U 20001A   26236.50000000  .00001000  00000+0  10000-4 0  9995
2 31720 101.0256 127.5724 0253344 256.3141  42.8507 13.93665787000013
FENGYUN 1C DEBRIS #521
1 31721U 20001A   26236.50000000  .00001000  00000+0  10000-4 0  9996
2 31721 100.9846 323.4074 0363057 357.8883  16.2856 14.07991103000017
FENGYUN 1C DEBRIS #522
1 31722U 20001A   26236.50000000  .00001000  00000+0  10000-4 0  9997
2 31722 100.0325 127.7847 0280359 161.9113 300.5297 13.58129934000015
FENGYUN 1C DEBRIS #523
1 31723U 20001A   26236.50000000  .00001000  00000+0  10000-4 0  9998
2 31723  97.3357 171.7582 0098071 275.7441 329.8831 13.04028187000017
FENGYUN 1C DEBRIS #524
1 31724U 20001A   26236.50000000  .00001000  00000+0  10000-4 0  9999
2 31724 101.2197  30.1642 0539447 133.1546 233.7857 14.02452789000019
FENGYUN 1C DEBRIS #525
1 31725U 20001A   26236.50000000  .00001000  00000+0  10000-4 0  9990
2 31725  97.8762 157.8913 0315026 340.1165  34.8835 14.01139411000017
FENGYUN 1C DEBRIS #526
1 31726U 20001A   26236.50000000  .00001000  00000+0  10000-4 0  9991
2 31726  97.3841 122.8022 0347196 208.7382 303.8636 14.75352390000019
FENGYUN 1C DEBRIS #527
1 31727U 20001A   26236.50000000  .00001000  00000+0  10000-4 0  9992
2 31727  98.1601 116.2080 0204775  51.5508 293.0354 13.02819795000016
FENGYUN 1C DEBRIS #528
1 31728U 20001A   26236.50000000  .00001000  00000+0  10000-4 0  9993
2 31728 100.0078 356.1139 0142194 207.0496 221.5719 13.84592393000011
FENGYUN 1C DEBRIS #529
1 31729U 20001A   26236.50000000  .00001000  00000+0  10000-4 0  9994
2 31729  96.1968 102.5247 0088759 158.0100 318.7257 13.25723640000013
FENGYUN 1C DEBRIS #530
1 31730U 20001A   26236.50000000  .00001000  00000+0  10000-4 0  9996
2 31730  97.3309 330.3695 0593507 332.8257 239.9161 14.40832513000018
FENGYUN 1C DEBRIS #531
1 31731U 20001A   26236.50000000  .00001000  00000+0  10000-4 0  9997
2 31731  96.4460  74.4635 0506498   9.8460 324.9149 14.41167537000016
FENGYUN 1C DEBRIS #532
1 31732U 20001A   26236.50000000  .00001000  00000+0  10000-4 0  9998
2 31732 101.3591 194.3387 0483415 299.7016   9.2798 12.61599626000015
FENGYUN 1C DEBRIS #533
1 31733U 20001A   26236.50000000  .00001000  00000+0  10000-4 0  9999
2 31733  96.8188 339.0501 0351275 187.5218 299.1736 14.35701460000014
FENGYUN 1C DEBRIS #534
1 31734U 20001A   26236.50000000  .00001000  00000+0  10000-4 0  9990
2 31734  97.3696  39.4614 0429666 159.9858 155.6157 14.62738590000011
FENGYUN 1C DEBRIS #535
1 31735U 20001A   26236.50000000  .00001000  00000+0  10000-4 0  9991
2 31735  97.1783 311.2210 0595984  41.9266 127.3396 14.35592098000012
FENGYUN 1C DEBRIS #536
1 31736U 20001A   26236.50000000  .00001000  00000+0  10000-4 0  9992
2 31736  96.0744 285.5953 0441869 182.5417  99.3989 13.38507772000010
FENGYUN 1C DEBRIS #537
1 31737U 20001A   26236.50000000  .00001000  00000+0  10000-4 0  9993
2 31737  99.3837 184.6239 0470686 113.3316 332.9028 14.29634352000011
FENGYUN 1C DEBRIS #538
1 31738U 20001A   26236.50000000  .00001000  00000+0  10000-4 0  9994
2 31738  98.2003 335.6525 0480634 302.9152 238.0070 13.36206528000019
FENGYUN 1C DEBRIS #539
1 31739U 20001A   26236.50000000  .00001000  00000+0  10000-4 0  9995
2 31739 100.8654  12.8290 0388008  49.2749 135.4353 12.61912941000014
FENGYUN 1C DEBRIS #540
1 31740U 20001A   26236.50000000  .00001000  00000+0  10000-4 0  9997
2 31740 101.2590 242.4051 0173865 292.9928 264.0818 12.96343946000011
FENGYUN 1C DEBRIS #541
1 31741U 20001A   26236.50000000  .00001000  00000+0  10000-4 0  9998
2 31741  97.2956  71.4863 0528001 308.5764 269.8006 14.88199862000012
FENGYUN 1C DEBRIS #542
1 31742U 20001A   26236.50000000  .00001000  00000+0  10000-4 0  9999
2 31742  95.6192  24.2141 0343487  64.1214 150.5374 13.10051273000011
FENGYUN 1C DEBRIS #543
1 31743U 20001A   26236.50000000  .00001000  00000+0  10000-4 0  9990
2 31743  97.1784 136.9045 0358661 174.3239 236.4987 14.13051510000013
FENGYUN 1C DEBRIS #544
1 31744U 20001A   26236.50000000  .00001000  00000+0  10000-4 0  9991
2 31744  96.6804 108.0362 0154498 174.6216 286.8286 13.30107820000018
FENGYUN 1C DEBRIS #545
1 31745U 20001A   26236.50000000  .00001000  00000+0  10000-4 0  9992
2 31745  97.9533 128.5660 0298956  40.4523 317.1223 12.83167976000013
FENGYUN 1C DEBRIS #546
1 31746U 20001A   26236.50000000  .00001000  00000+0  10000-4 0  9993
2 31746 100.1298 103.4177 0582230 238.4705  41.6949 13.38095291000011
FENGYUN 1C DEBRIS #547
1 31747U 20001A   26236.50000000  .00001000  00000+0  10000-4 0  9994
2 31747  98.3884 114.8061 0085851 253.7348 278.5254 14.27272459000011
FENGYUN 1C DEBRIS #548
1 31748U 20001A   26236.50000000  .00001000  00000+0  10000-4 0  9995
2 31748  98.5024 289.6997 0303721  84.5496 104.7349 13.58880701000015
FENGYUN 1C DEBRIS #549
1 31749U 20001A   26236.50000000  .00001000  00000+0  10000-4 0  9996
2 31749  98.6449 320.3318 0474040 277.8475  94.1779 12.74592783000011
FENGYUN 1C DEBRIS #550
1 31750U 20001A   26236.50000000  .00001000  00000+0  10000-4 0  9998
2 31750  97.5057 140.8962 0276331 328.4527  96.5942 13.55683083000012
FENGYUN 1C DEBRIS #551
1 31751U 20001A   26236.50000000  .00001000  00000+0  10000-4 0  9999
2 31751  99.9691 122.3430 0494744 147.5322 206.1021 13.34042556000019
FENGYUN 1C DEBRIS #552
1 31752U 20001A   26236.50000000  .00001000  00000+0  10000-4 0  9990
2 31752  96.5992  74.2323 0382666 220.7894 118.6863 14.87490671000015
FENGYUN 1C DEBRIS #553
1 31753U 20001A   26236.50000000  .00001000  00000+0  10000-4 0  9991
2 31753  99.2298   7.1712 0438892  32.4910 253.7030 14.52579091000015
FENGYUN 1C DEBRIS #554
1 31754U 20001A   26236.50000000  .00001000  00000+0  10000-4 0  9992
2 31754 101.0734 276.0631 0340678 186.7136 130.3552 14.17183580000011
FENGYUN 1C DEBRIS #555
1 31755U 20001A   26236.50000000  .00001000  00000+0  10000-4 0  9993
2 31755  96.7906  56.5174 0330705  82.5604 288.4627 14.66333481000018
FENGYUN 1C DEBRIS #556
1 31756U 20001A   26236.50000000  .00001000  00000+0  10000-4 0  9994
2 31756 101.0639 119.3408 0145056 338.4050  12.9870 14.36000244000016
FENGYUN 1C DEBRIS #557
1 31757U 20001A   26236.50000000  .00001000  00000+0  10000-4 0  9995
2 31757  95.7202 338.5279 0079462 174.5640  56.5004 13.55504978000010
FENGYUN 1C DEBRIS #558
1 31758U 20001A   26236.50000000  .00001000  00000+0  10000-4 0  9996
2 31758  97.4088  82.8019 0467998  98.0850  44.5114 13.19354097000015
FENGYUN 1C DEBRIS #559
1 31759U 20001A   26236.50000000  .00001000  00000+0  10000-4 0  9997
2 31759 100.3043 235.8993 0096092  97.1995  30.5700 14.37726177000014
FENGYUN 1C DEBRIS #560
1 31760U 20001A   26236.50000000  .00001000  00000+0  10000-4 0  9999
2 31760  96.0433 259.9606 0462183   5.3070 298.8905 13.59691206000014
FENGYUN 1C DEBRIS #561
1 31761U 20001A   26236.50000000  .00001000  00000+0  10000-4 0  9990
2 31761  99.2292  54.6651 0446806  69.9423 218.0490 14.50228801000017
FENGYUN 1C DEBRIS #562
1 31762U 20001A   26236.50000000  .00001000  00000+0  10000-4 0  9991
2 31762  97.4731 116.5416 0317166  98.6579  72.9600 12.65623668000014
FENGYUN 1C DEBRIS #563
1 31763U 20001A   26236.50000000  .00001000  00000+0  10000-4 0  9992
2 31763  97.1856 236.1783 0293412  33.5025 348.0791 13.29897277000015
FENGYUN 1C DEBRIS #564
1 31764U 20001A   26236.50000000  .00001000  00000+0  10000-4 0  9993
2 31764  98.9660 174.0058 0546446  88.0611   6.1965 13.87968937000018
FENGYUN 1C DEBRIS #565
1 31765U 20001A   26236.50000000  .00001000  00000+0  10000-4 0  9994
2 31765  98.5822 141.7123 0236187  38.9895  80.6619 13.91179540000017
FENGYUN 1C DEBRIS #566
1 31766U 20001A   26236.50000000  .00001000  00000+0  10000-4 0  9995
2 31766 101.4511 143.0455 0154627 202.7352 231.4147 13.48757190000014
FENGYUN 1C DEBRIS #567
1 31767U 20001A   26236.50000000  .00001000  00000+0  10000-4 0  9996
2 31767  97.5946 291.4851 0585974  60.9321 311.3380 12.82893368000015
FENGYUN 1C DEBRIS #568
1 31768U 20001A   26236.50000000  .00001000  00000+0  10000-4 0  9997
2 31768  98.5389  89.9889 0101971 170.4653 260.2917 14.07957233000014
FENGYUN 1C DEBRIS #569
1 31769U 20001A   26236.50000000  .00001000  00000+0  10000-4 0  9998
2 31769  98.9998  83.6747 0465096 112.1238 121.6327 13.20485724000012
FENGYUN 1C DEBRIS #570
1 31770U 20001A   26236.50000000  .00001000  00000+0  10000-4 0  9990
2 31770  96.5037 115.7195 0347881   2.0058 248.5430 13.57568228000019
FENGYUN 1C DEBRIS #571
1 31771U 20001A   26236.50000000  .00001000  00000+0  10000-4 0  9991
2 31771 100.1302 286.0905 0336441 234.7231 115.8617 13.35123882000017
FENGYUN 1C DEBRIS #572
1 31772U 20001A   26236.50000000  .00001000  00000+0  10000-4 0  9992
2 31772  99.8532 185.1952 0518018  29.3164  37.8158 14.98261286000017
FENGYUN 1C DEBRIS #573
1 31773U 20001A   26236.50000000  .00001000  00000+0  10000-4 0  9993
2 31773  99.7955 135.2470 0458994 269.3336  59.8309 12.98902347000010
FENGYUN 1C DEBRIS #574
1 31774U 20001A   26236.50000000  .00001000  00000+0  10000-4 0  9994
2 31774  98.2256 349.8899 0042655  61.4600 289.1353 13.61803734000013
FENGYUN 1C DEBRIS #575
1 31775U 20001A   26236.50000000  .00001000  00000+0  10000-4 0  9995
2 31775  98.5232 269.6376 0337309 106.8304 156.7726 13.55857358000015
FENGYUN 1C DEBRIS #576
1 31776U 20001A   26236.50000000  .00001000  00000+0  10000-4 0  9996
2 31776  97.3653 331.9093 0412476 221.4362 133.7875 13.85395225000019
FENGYUN 1C DEBRIS #577
1 31777U 20001A   26236.50000000  .00001000  00000+0  10000-4 0  9997
2 31777  99.5013  50.9463 0323485 221.0399 257.2109 13.09070842000013
FENGYUN 1C DEBRIS #578
1 31778U 20001A   26236.50000000  .00001000  00000+0  10000-4 0  9998
2 31778  98.7163  90.4462 0288470 333.7487 259.2469 14.84688600000014
FENGYUN 1C DEBRIS #579
1 31779U 20001A   26236.50000000  .00001000  00000+0  10000-4 0  9999
2 31779 100.7144  48.7221 0324139   3.5356 149.8691 14.59057924000019
FENGYUN 1C DEBRIS #580
1 31780U 20001A   26236.50000000  .00001000  00000+0  10000-4 0  9991
2 31780  96.5021  24.1373 0586646  67.5628 249.8563 13.34841722000016
FENGYUN 1C DEBRIS #581
1 31781U 20001A   26236.50000000  .00001000  00000+0  10000-4 0  9992
2 31781  98.8264 119.1726 0055442  56.3231 126.1630 13.72486585000015
FENGYUN 1C DEBRIS #582
1 31782U 20001A   26236.50000000  .00001000  00000+0  10000-4 0  9993
2 31782  98.9549  81.3706 0384716  98.8490 295.4716 14.82691080000013
FENGYUN 1C DEBRIS #583
1 31783U 20001A   26236.50000000  .00001000  00000+0  10000-4 0  9994
2 31783 100.8086 210.4086 0197335 145.1766  91.7098 14.09880225000010
FENGYUN 1C DEBRIS #584
1 31784U 20001A   26236.50000000  .00001000  00000+0  10000-4 0  9995
2 31784  98.8461 237.3723 0064936 263.0369 100.7948 12.96581233000015
FENGYUN 1C DEBRIS #585
1 31785U 20001A   26236.50000000  .00001000  00000+0  10000-4 0  9996
2 31785  97.1776  36.8360 0482192 275.7796 118.8577 14.00956095000015
FENGYUN 1C DEBRIS #586
1 31786U 20001A   26236.50000000  .00001000  00000+0  10000-4 0  9997
2 31786 100.2319 213.1812 0180797 313.6812 240.6589 14.53751900000017
FENGYUN 1C DEBRIS #587
1 31787U 20001A   26236.50000000  .00001000  00000+0  10000-4 0  9998
2 31787  98.4404  60.5158 0474351  32.8818 289.2074 14.97380934000017
FENGYUN 1C DEBRIS #588
1 31788U 20001A   26236.50000000  .00001000  00000+0  10000-4 0  9999
2 31788  96.4789  59.3346 0527276 322.5432  18.7881 13.37601090000016
FENGYUN 1C DEBRIS #589
1 31789U 20001A   26236.50000000  .00001000  00000+0  10000-4 0  9990
2 31789  98.6702 158.2880 0405608 180.1350  42.2267 13.38501447000015
FENGYUN 1C DEBRIS #590
1 31790U 20001A   26236.50000000  .00001000  00000+0  10000-4 0  9992
2 31790  98.9609 135.8314 0243607 112.2343 187.9149 13.73874720000018
FENGYUN 1C DEBRIS #591
1 31791U 20001A   26236.50000000  .00001000  00000+0  10000-4 0  9993
2 31791  98.7841 317.9828 0508470 340.3764 300.0978 14.89286430000012
FENGYUN 1C DEBRIS #592
1 31792U 20001A   26236.50000000  .00001000  00000+0  10000-4 0  9994
2 31792  99.8681 302.3554 0345081 284.0274 246.7323 13.77622441000010
FENGYUN 1C DEBRIS #593
1 31793U 20001A   26236.50000000  .00001000  00000+0  10000-4 0  9995
2 31793  98.9474 156.7488 0221944 131.6474 167.7873 12.66070933000010
FENGYUN 1C DEBRIS #594
1 31794U 20001A   26236.50000000  .00001000  00000+0  10000-4 0  9996
2 31794  99.6202 262.2569 0143992 359.2440 338.1866 13.94350565000018
FENGYUN 1C DEBRIS #595
1 31795U 20001A   26236.50000000  .00001000  00000+0  10000-4 0  9997
2 31795  97.8947  64.4420 0453624 159.1490 189.3609 12.62561381000016
FENGYUN 1C DEBRIS #596
1 31796U 20001A   26236.50000000  .00001000  00000+0  10000-4 0  9998
2 31796  95.6337 111.7407 0074582  91.3537 331.7630 13.48528182000012
FENGYUN 1C DEBRIS #597
1 31797U 20001A   26236.50000000  .00001000  00000+0  10000-4 0  9999
2 31797  99.2406  12.0701 0179471  15.8103 250.3797 13.74896369000017
FENGYUN 1C DEBRIS #598
1 31798U 20001A   26236.50000000  .00001000  00000+0  10000-4 0  9990
2 31798  97.1182 225.0973 0583261 310.7467 333.9269 14.57598170000012
FENGYUN 1C DEBRIS #599
1 31799U 20001A   26236.50000000  .00001000  00000+0  10000-4 0  9991
2 31799 101.5834 227.6064 0304374 314.9773 270.2111 13.73627620000017
FENGYUN 1C DEBRIS #600
1 31800U 20001A   26236.50000000  .00001000  00000+0  10000-4 0  9994
2 31800 100.4446  13.7497 0036725  55.1490 265.0306 14.74623633000013
FENGYUN 1C DEBRIS #601
1 31801U 20001A   26236.50000000  .00001000  00000+0  10000-4 0  9995
2 31801 100.8255  47.3934 0263352  20.1773 229.4921 14.62992752000014
FENGYUN 1C DEBRIS #602
1 31802U 20001A   26236.50000000  .00001000  00000+0  10000-4 0  9996
2 31802  95.9740  35.0912 0335568  69.9057 221.0414 14.96016823000011
FENGYUN 1C DEBRIS #603
1 31803U 20001A   26236.50000000  .00001000  00000+0  10000-4 0  9997
2 31803  95.7000 301.4185 0511973 255.3512 326.0609 13.35955269000014
FENGYUN 1C DEBRIS #604
1 31804U 20001A   26236.50000000  .00001000  00000+0  10000-4 0  9998
2 31804  99.1211 339.9484 0319477 145.1423 301.5780 14.85730839000015
FENGYUN 1C DEBRIS #605
1 31805U 20001A   26236.50000000  .00001000  00000+0  10000-4 0  9999
2 31805  99.6178  23.3838 0498527 262.4245  30.2287 13.80366166000019
FENGYUN 1C DEBRIS #606
1 31806U 20001A   26236.50000000  .00001000  00000+0  10000-4 0  9990
2 31806  98.2604  99.1892 0135236  62.2686 268.8582 13.81311799000010
FENGYUN 1C DEBRIS #607
1 31807U 20001A   26236.50000000  .00001000  00000+0  10000-4 0  9991
2 31807 100.6272   1.1608 0178782 122.9229 204.5424 13.44164347000014
FENGYUN 1C DEBRIS #608
1 31808U 20001A   26236.50000000  .00001000  00000+0  10000-4 0  9992
2 31808  99.7778 203.8281 0288543  32.6022 262.6381 12.87902806000010
FENGYUN 1C DEBRIS #609
1 31809U 20001A   26236.50000000  .00001000  00000+0  10000-4 0  9993
2 31809  96.7140 212.8135 0580144 283.9452  78.3093 14.44013416000016
FENGYUN 1C DEBRIS #610
1 31810U 20001A   26236.50000000  .00001000  00000+0  10000-4 0  9995
2 31810  97.8472  29.2590 0440080 301.4310 231.2343 13.19215708000013
FENGYUN 1C DEBRIS #611
1 31811U 20001A   26236.50000000  .00001000  00000+0  10000-4 0  9996
2 31811 101.0089  68.7910 0458382  19.2007 254.1290 12.91856356000015
FENGYUN 1C DEBRIS #612
1 31812U 20001A   26236.50000000  .00001000  00000+0  10000-4 0  9997
2 31812  96.6680  50.5534 0203013  67.7683 318.0847 13.14230491000010
FENGYUN 1C DEBRIS #613
1 31813U 20001A   26236.50000000  .00001000  00000+0  10000-4 0  9998
2 31813  96.6627 106.1756 0424583 176.3588 208.3306 13.23490834000014
FENGYUN 1C DEBRIS #614
1 31814U 20001A   26236.50000000  .00001000  00000+0  10000-4 0  9999
2 31814  97.6932 231.0573 0280810 299.4230  13.2232 14.11446338000013
FENGYUN 1C DEBRIS #615
1 31815U 20001A   26236.50000000  .00001000  00000+0  10000-4 0  9990
2 31815 100.6083 138.8450 0332010 252.7875 124.8918 13.10559071000018
FENGYUN 1C DEBRIS #616
1 31816U 20001A   26236.50000000  .00001000  00000+0  10000-4 0  9991
2 31816 100.4654 286.6577 0140319 181.3555 298.7488 14.27916918000013
FENGYUN 1C DEBRIS #617
1 31817U 20001A   26236.50000000  .00001000  00000+0  10000-4 0  9992
2 31817 100.3658  32.6727 0468577 168.3678  11.3213 13.21971324000013
FENGYUN 1C DEBRIS #618
1 31818U 20001A   26236.50000000  .00001000  00000+0  10000-4 0  9993
2 31818  96.2918 236.9996 0128126 211.2555 134.0218 12.93555668000013
FENGYUN 1C DEBRIS #619
1 31819U 20001A   26236.50000000  .00001000  00000+0  10000-4 0  9994
2 31819  97.8675 211.8207 0039632 226.6099 312.9585 14.28309188000012
FENGYUN 1C DEBRIS #620
1 31820U 20001A   26236.50000000  .00001000  00000+0  10000-4 0  9996
2 31820  95.6474 151.7068 0214133  36.0748 328.7336 14.15491515000010
FENGYUN 1C DEBRIS #621
1 31821U 20001A   26236.50000000  .00001000  00000+0  10000-4 0  9997
2 31821  97.4377 168.0628 0127973 291.3197 164.3204 12.65219993000014
FENGYUN 1C DEBRIS #622
1 31822U 20001A   26236.50000000  .00001000  00000+0  10000-4 0  9998
2 31822  99.0558 156.5887 0251613  90.9269 134.3573 14.60183139000010
FENGYUN 1C DEBRIS #623
1 31823U 20001A   26236.50000000  .00001000  00000+0  10000-4 0  9999
2 31823  97.6273 244.2801 0194100 315.8758 274.7423 14.92983761000016
FENGYUN 1C DEBRIS #624
1 31824U 20001A   26236.50000000  .00001000  00000+0  10000-4 0  9990
2 31824 101.0052 182.5059 0264171 343.4335 144.2700 14.45777388000018
FENGYUN 1C DEBRIS #625
1 31825U 20001A   26236.50000000  .00001000  00000+0  10000-4 0  9991
2 31825  95.7713 184.3936 0554965 347.4848 339.4247 14.72782859000015
FENGYUN 1C DEBRIS #626
1 31826U 20001A   26236.50000000  .00001000  00000+0  10000-4 0  9992
2 31826  96.7908 350.0740 0456073 119.9330 345.5688 12.91173798000019
FENGYUN 1C DEBRIS #627
1 31827U 20001A   26236.50000000  .00001000  00000+0  10000-4 0  9993
2 31827 101.4220 111.3385 0464177 165.1369  59.5231 14.52357510000014
FENGYUN 1C DEBRIS #628
1 31828U 20001A   26236.50000000  .00001000  00000+0  10000-4 0  9994
2 31828  95.6051  53.0968 0532113  28.9351  85.0261 13.32307760000019
FENGYUN 1C DEBRIS #629
1 31829U 20001A   26236.50000000  .00001000  00000+0  10000-4 0  9995
2 31829  96.8199  32.4601 0161944 304.4406 134.7328 14.24331258000011
FENGYUN 1C DEBRIS #630
1 31830U 20001A   26236.50000000  .00001000  00000+0  10000-4 0  9997
2 31830  98.4641 124.0963 0293064 251.5607 328.6199 14.24828745000018
FENGYUN 1C DEBRIS #631
1 31831U 20001A   26236.50000000  .00001000  00000+0  10000-4 0  9998
2 31831  99.6106 299.2849 0429609  34.4970  46.2609 14.43133482000010
FENGYUN 1C DEBRIS #632
1 31832U 20001A   26236.50000000  .00001000  00000+0  10000-4 0  9999
2 31832 100.1783  48.0695 0468491 295.1248 262.9340 14.75525110000012
FENGYUN 1C DEBRIS #633
1 31833U 20001A   26236.50000000  .00001000  00000+0  10000-4 0  9990
2 31833  98.1476 141.7861 0061560 266.5545 211.1144 13.77194239000015
FENGYUN 1C DEBRIS #634
1 31834U 20001A   26236.50000000  .00001000  00000+0  10000-4 0  9991
2 31834  96.9302 219.0680 0465349 122.3463 296.3657 13.48591816000013
FENGYUN 1C DEBRIS #635
1 31835U 20001A   26236.50000000  .00001000  00000+0  10000-4 0  9992
2 31835  99.2634 270.6064 0550459  49.7088  67.6694 14.14938544000016
FENGYUN 1C DEBRIS #636
1 31836U 20001A   26236.50000000  .00001000  00000+0  10000-4 0  9993
2 31836  96.8674 156.7442 0216960 153.2561 102.5871 14.16970784000011
FENGYUN 1C DEBRIS #637
1 31837U 20001A   26236.50000000  .00001000  00000+0  10000-4 0  9994
2 31837  97.9209 295.6590 0040199 151.8253  58.8754 14.90043059000017
FENGYUN 1C DEBRIS #638
1 31838U 20001A   26236.50000000  .00001000  00000+0  10000-4 0  9995
2 31838  99.6940 300.3237 0289655 246.9836  36.5058 12.79833713000015
FENGYUN 1C DEBRIS #639
1 31839U 20001A   26236.50000000  .00001000  00000+0  10000-4 0  9996
2 31839 100.7748 289.2781 0027090 206.8856 138.2365 13.36566187000018
FENGYUN 1C DEBRIS #640
1 31840U 20001A   26236.50000000  .00001000  00000+0  10000-4 0  9998
2 31840  98.3282 175.0102 0576754 277.6895 109.0636 13.56408814000010
FENGYUN 1C DEBRIS #641
1 31841U 20001A   26236.50000000  .00001000  00000+0  10000-4 0  9999
2 31841  97.1519 228.2822 0370108 162.0972 134.2171 14.52580415000018
FENGYUN 1C DEBRIS #642
1 31842U 20001A   26236.50000000  .00001000  00000+0  10000-4 0  9990
2 31842  98.4413 120.6229 0330314 282.7781 353.0644 13.47566829000017
FENGYUN 1C DEBRIS #643
1 31843U 20001A   26236.50000000  .00001000  00000+0  10000-4 0  9991
2 31843  98.7903 138.0499 0411336 121.3616 336.3037 12.96092933000019
FENGYUN 1C DEBRIS #644
1 31844U 20001A   26236.50000000  .00001000  00000+0  10000-4 0  9992
2 31844  99.1409  71.1407 0491444 163.7962  17.4757 14.34630904000010
FENGYUN 1C DEBRIS #645
1 31845U 20001A   26236.50000000  .00001000  00000+0  10000-4 0  9993
2 31845  97.2903  43.7585 0303980 320.0997 247.0995 13.48104989000012
FENGYUN 1C DEBRIS #646
1 31846U 20001A   26236.50000000  .00001000  00000+0  10000-4 0  9994
2 31846  97.1140 121.4862 0191763 195.3895  64.3421 14.56600642000012
FENGYUN 1C DEBRIS #647
1 31847U 20001A   26236.50000000  .00001000  00000+0  10000-4 0  9995
2 31847  97.7413   6.3068 0208286 214.4804 128.6080 14.12635848000016
FENGYUN 1C DEBRIS #648
1 31848U 20001A   26236.50000000  .00001000  00000+0  10000-4 0  9996
2 31848  95.8197 265.9249 0164203  34.0461 261.6435 12.80171246000016
FENGYUN 1C DEBRIS #649
1 31849U 20001A   26236.50000000  .00001000  00000+0  10000-4 0  9997
2 31849  99.3975 155.1962 0179323 248.0371  87.8763 14.93244666000013
FENGYUN 1C DEBRIS #650
1 31850U 20001A   26236.50000000  .00001000  00000+0  10000-4 0  9999
2 31850 100.5534 300.5704 0444958 165.0310  27.5530 13.85654099000019
FENGYUN 1C DEBRIS #651
1 31851U 20001A   26236.50000000  .00001000  00000+0  10000-4 0  9990
2 31851  97.8368  52.8302 0586569 317.5333 137.4887 14.13075476000012
FENGYUN 1C DEBRIS #652
1 31852U 20001A   26236.50000000  .00001000  00000+0  10000-4 0  9991
2 31852 101.4816  28.3554 0557915 152.1108   8.0581 14.39824080000011
FENGYUN 1C DEBRIS #653
1 31853U 20001A   26236.50000000  .00001000  00000+0  10000-4 0  9992
2 31853 101.3022  92.4689 0398679 301.2672 156.0367 14.71902087000010
FENGYUN 1C DEBRIS #654
1 31854U 20001A   26236.50000000  .00001000  00000+0  10000-4 0  9993
2 31854  96.2986  68.9917 0171365 185.0542 307.5277 13.32768341000011
FENGYUN 1C DEBRIS #655
1 31855U 20001A   26236.50000000  .00001000  00000+0  10000-4 0  9994
2 31855  97.0625 287.6235 0237057 273.8589 157.3004 13.73500416000013
FENGYUN 1C DEBRIS #656
1 31856U 20001A   26236.50000000  .00001000  00000+0  10000-4 0  9995
2 31856 100.0812 280.1912 0180575 217.6641 327.5087 14.21145514000014
FENGYUN 1C DEBRIS #657
1 31857U 20001A   26236.50000000  .00001000  00000+0  10000-4 0  9996
2 31857  99.6692  98.1646 0256166 149.1569  46.7161 12.64492548000013
FENGYUN 1C DEBRIS #658
1 31858U 20001A   26236.50000000  .00001000  00000+0  10000-4 0  9997
2 31858  97.2023 215.6686 0586020  79.6765   6.5063 13.36358255000017
FENGYUN 1C DEBRIS #659
1 31859U 20001A   26236.50000000  .00001000  00000+0  10000-4 0  9998
2 31859  97.5477  22.9401 0186942 297.7110 211.6491 14.30888065000010
FENGYUN 1C DEBRIS #660
1 31860U 20001A   26236.50000000  .00001000  00000+0  10000-4 0  9990
2 31860  99.4086 118.3507 0245642   4.5242 122.6146 14.83169447000011
FENGYUN 1C DEBRIS #661
1 31861U 20001A   26236.50000000  .00001000  00000+0  10000-4 0  9991
2 31861  97.6782 159.9779 0287929  75.8295 251.1811 14.38217078000011
FENGYUN 1C DEBRIS #662
1 31862U 20001A   26236.50000000  .00001000  00000+0  10000-4 0  9992
2 31862  99.6379  92.0493 0038714 348.3805 227.2983 14.64550003000018
FENGYUN 1C DEBRIS #663
1 31863U 20001A   26236.50000000  .00001000  00000+0  10000-4 0  9993
2 31863  98.9680 124.3077 0140379 132.9089 105.0563 14.96368465000016
FENGYUN 1C DEBRIS #664
1 31864U 20001A   26236.50000000  .00001000  00000+0  10000-4 0  9994
2 31864  97.4920 242.8205 0037147  60.0243 126.5855 14.09967047000015
FENGYUN 1C DEBRIS #665
1 31865U 20001A   26236.50000000  .00001000  00000+0  10000-4 0  9995
2 31865  98.1892 358.4973 0033576 200.3182 176.6725 14.93605696000015
FENGYUN 1C DEBRIS #666
1 31866U 20001A   26236.50000000  .00001000  00000+0  10000-4 0  9996
2 31866  97.0083 331.6235 0096384 305.8805  34.9127 14.05709218000019
FENGYUN 1C DEBRIS #667
1 31867U 20001A   26236.50000000  .00001000  00000+0  10000-4 0  9997
2 31867  96.9098 357.1671 0351032  57.2823 279.9089 13.02869385000019
FENGYUN 1C DEBRIS #668
1 31868U 20001A   26236.50000000  .00001000  00000+0  10000-4 0  9998
2 31868 100.0068 144.4019 0256939 150.5448 215.7295 14.40307421000015
FENGYUN 1C DEBRIS #669
1 31869U 20001A   26236.50000000  .00001000  00000+0  10000-4 0  9999
2 31869  97.5164 130.7429 0081270 345.6862 274.2311 14.72341888000016
FENGYUN 1C DEBRIS #670
1 31870U 20001A   26236.50000000  .00001000  00000+0  10000-4 0  9991
2 31870  97.5067 192.8257 0247460 178.1400 167.0090 14.66173581000019
FENGYUN 1C DEBRIS #671
1 31871U 20001A   26236.50000000  .00001000  00000+0  10000-4 0  9992
2 31871 100.5568 161.8041 0555868 103.8268 191.7597 13.02630391000011
FENGYUN 1C DEBRIS #672
1 31872U 20001A   26236.50000000  .00001000  00000+0  10000-4 0  9993
2 31872  97.6043 167.0477 0119916 138.0072 235.1175 14.77747412000011
FENGYUN 1C DEBRIS #673
1 31873U 20001A   26236.50000000  .00001000  00000+0  10000-4 0  9994
2 31873 101.4455 147.7058 0389121  49.8859 223.1713 14.08530232000011
FENGYUN 1C DEBRIS #674
1 31874U 20001A   26236.50000000  .00001000  00000+0  10000-4 0  9995
2 31874 101.5935 215.8445 0444645 117.0073  89.9787 14.86917365000013
FENGYUN 1C DEBRIS #675
1 31875U 20001A   26236.50000000  .00001000  00000+0  10000-4 0  9996
2 31875  99.0158 169.8889 0072760 267.4675 318.0645 13.48871019000016
FENGYUN 1C DEBRIS #676
1 31876U 20001A   26236.50000000  .00001000  00000+0  10000-4 0  9997
2 31876  99.5247 198.7406 0520794  58.0965 132.8632 14.64074163000010
FENGYUN 1C DEBRIS #677
1 31877U 20001A   26236.50000000  .00001000  00000+0  10000-4 0  9998
2 31877 100.8479  63.0760 0563541 116.1807 105.4735 14.81132564000018
FENGYUN 1C DEBRIS #678
1 31878U 20001A   26236.50000000  .00001000  00000+0  10000-4 0  9999
2 31878 100.9667  74.5226 0287484 217.1696 356.2968 13.18811273000014
FENGYUN 1C DEBRIS #679
1 31879U 20001A   26236.50000000  .00001000  00000+0  10000-4 0  9990
2 31879 100.3805 350.2099 0310124 217.4424 119.2533 12.86677751000015
FENGYUN 1C DEBRIS #680
1 31880U 20001A   26236.50000000  .00001000  00000+0  10000-4 0  9992
2 31880 101.1209  57.3360 0288083   2.4780  11.6361 14.90993766000013
FENGYUN 1C DEBRIS #681
1 31881U 20001A   26236.50000000  .00001000  00000+0  10000-4 0  9993
2 31881  99.6612 312.1426 0597410  25.3316 150.1523 14.66920553000010
FENGYUN 1C DEBRIS #682
1 31882U 20001A   26236.50000000  .00001000  00000+0  10000-4 0  9994
2 31882  97.1602 257.7516 0090169 232.9522 192.3015 14.46383167000017
FENGYUN 1C DEBRIS #683
1 31883U 20001A   26236.50000000  .00001000  00000+0  10000-4 0  9995
2 31883  95.7423 173.0907 0441098 143.4228 296.0337 13.30311137000016
FENGYUN 1C DEBRIS #684
1 31884U 20001A   26236.50000000  .00001000  00000+0  10000-4 0  9996
2 31884 100.2126 130.8144 0435642 233.8667 154.2919 13.82774328000015
FENGYUN 1C DEBRIS #685
1 31885U 20001A   26236.50000000  .00001000  00000+0  10000-4 0  9997
2 31885  96.3443  52.5541 0172249 271.2880  40.2421 14.58054862000018
FENGYUN 1C DEBRIS #686
1 31886U 20001A   26236.50000000  .00001000  00000+0  10000-4 0  9998
2 31886  96.6137 148.6415 0217104 286.3991  75.6306 14.79113902000017
FENGYUN 1C DEBRIS #687
1 31887U 20001A   26236.50000000  .00001000  00000+0  10000-4 0  9999
2 31887  96.1828 231.1328 0062960 176.9677  88.1022 14.75806875000012
FENGYUN 1C DEBRIS #688
1 31888U 20001A   26236.50000000  .00001000  00000+0  10000-4 0  9990
2 31888  97.1600 106.3051 0277909 251.8422 204.5632 14.48969748000010
FENGYUN 1C DEBRIS #689
1 31889U 20001A   26236.50000000  .00001000  00000+0  10000-4 0  9991
2 31889  99.1666 274.0762 0105853  79.5678 133.5064 13.29223303000011
FENGYUN 1C DEBRIS #690
1 31890U 20001A   26236.50000000  .00001000  00000+0  10000-4 0  9993
2 31890  97.7763 104.8386 0567979 228.2020 171.1025 12.97992587000018
FENGYUN 1C DEBRIS #691
1 31891U 20001A   26236.50000000  .00001000  00000+0  10000-4 0  9994
2 31891  98.2392 106.1567 0451365  52.7494 105.2398 14.26819804000010
FENGYUN 1C DEBRIS #692
1 31892U 20001A   26236.50000000  .00001000  00000+0  10000-4 0  9995
2 31892  97.9054 229.2344 0036242 109.0644 210.3245 13.10798890000010
FENGYUN 1C DEBRIS #693
1 31893U 20001A   26236.50000000  .00001000  00000+0  10000-4 0  9996
2 31893  97.1565 259.6102 0452365 146.1041 222.6456 14.99068205000018
FENGYUN 1C DEBRIS #694
1 31894U 20001A   26236.50000000  .00001000  00000+0  10000-4 0  9997
2 31894  96.6225 123.9169 0110408 113.1466 134.7705 14.64626513000010
FENGYUN 1C DEBRIS #695
1 31895U 20001A   26236.50000000  .00001000  00000+0  10000-4 0  9998
2 31895 100.7925 174.6885 0118090  63.1394 322.9681 13.86056849000018
FENGYUN 1C DEBRIS #696
1 31896U 20001A   26236.50000000  .00001000  00000+0  10000-4 0  9999
2 31896  95.6854 340.9014 0218572  80.7516 100.1936 13.34233988000014
FENGYUN 1C DEBRIS #697
1 31897U 20001A   26236.50000000  .00001000  00000+0  10000-4 0  9990
2 31897 100.2681 284.1387 0396998 165.3558 328.5729 13.45560351000018
FENGYUN 1C DEBRIS #698
1 31898U 20001A   26236.50000000  .00001000  00000+0  10000-4 0  9991
2 31898 101.0378 302.3918 0510532 188.6826  82.2137 14.47940985000017
FENGYUN 1C DEBRIS #699
1 31899U 20001A   26236.50000000  .00001000  00000+0  10000-4 0  9992
2 31899  96.8152 239.1279 0251124 118.6254  24.1912 12.83721605000013
FENGYUN 1C DEBRIS #700
1 31900U 20001A   26236.50000000  .00001000  00000+0  10000-4 0  9995
2 31900  98.9197 192.5114 0449929 349.3574  20.1509 14.69427747000012
FENGYUN 1C DEBRIS #701
1 31901U 20001A   26236.50000000  .00001000  00000+0  10000-4 0  9996
2 31901  99.0002  89.2699 0168521 248.2917 234.2906 14.37464587000011
FENGYUN 1C DEBRIS #702
1 31902U 20001A   26236.50000000  .00001000  00000+0  10000-4 0  9997
2 31902  97.0705 248.2695 0284518 219.2896 198.7112 12.69655870000015
FENGYUN 1C DEBRIS #703
1 31903U 20001A   26236.50000000  .00001000  00000+0  10000-4 0  9998
2 31903  96.1482  68.4051 0501801 325.1281 188.1208 12.75280545000017
FENGYUN 1C DEBRIS #704
1 31904U 20001A   26236.50000000  .00001000  00000+0  10000-4 0  9999
2 31904  95.9652  81.9310 0359692 167.1377 193.2961 13.99504905000010
FENGYUN 1C DEBRIS #705
1 31905U 20001A   26236.50000000  .00001000  00000+0  10000-4 0  9990
2 31905 100.2885 114.7890 0387665  41.9063  30.0190 13.07142199000013
FENGYUN 1C DEBRIS #706
1 31906U 20001A   26236.50000000  .00001000  00000+0  10000-4 0  9991
2 31906  96.7844 195.2528 0144696 204.9585 209.4169 13.76935360000019
FENGYUN 1C DEBRIS #707
1 31907U 20001A   26236.50000000  .00001000  00000+0  10000-4 0  9992
2 31907 100.7668  40.1486 0534180  70.1276 290.0757 14.46575007000017
FENGYUN 1C DEBRIS #708
1 31908U 20001A   26236.50000000  .00001000  00000+0  10000-4 0  9993
2 31908  99.2865 164.2516 0020287 216.4875 177.3379 14.41094460000010
FENGYUN 1C DEBRIS #709
1 31909U 20001A   26236.50000000  .00001000  00000+0  10000-4 0  9994
2 31909  96.6592 182.6255 0318236 107.8694 312.2139 14.88344567000010
FENGYUN 1C DEBRIS #710
1 31910U 20001A   26236.50000000  .00001000  00000+0  10000-4 0  9996
2 31910  97.0941  99.1038 0345533 158.4158 351.8024 13.34112964000019
FENGYUN 1C DEBRIS #711
1 31911U 20001A   26236.50000000  .00001000  00000+0  10000-4 0  9997
2 31911 101.2742 175.5290 0205140 169.3823  58.7271 14.93845054000011
FENGYUN 1C DEBRIS #712
1 31912U 20001A   26236.50000000  .00001000  00000+0  10000-4 0  9998
2 31912  95.9934 155.5254 0196691 159.5514 229.6379 14.82070881000014
FENGYUN 1C DEBRIS #713
1 31913U 20001A   26236.50000000  .00001000  00000+0  10000-4 0  9999
2 31913  98.8315  65.7560 0471699  76.7579 180.6407 14.43084636000015
FENGYUN 1C DEBRIS #714
1 31914U 20001A   26236.50000000  .00001000  00000+0  10000-4 0  9990
2 31914  97.5201 190.9438 0079691 219.4296 205.5630 13.32014741000011
FENGYUN 1C DEBRIS #715
1 31915U 20001A   26236.50000000  .00001000  00000+0  10000-4 0  9991
2 31915  96.5276  56.2996 0464510 306.8486 219.6444 14.48594671000018
FENGYUN 1C DEBRIS #716
1 31916U 20001A   26236.50000000  .00001000  00000+0  10000-4 0  9992
2 31916  96.5428 344.4145 0589069 283.9495 280.7118 14.16837751000019
FENGYUN 1C DEBRIS #717
1 31917U 20001A   26236.50000000  .00001000  00000+0  10000-4 0  9993
2 31917  97.2163 335.8237 0293749 109.3025  52.1951 14.65497009000015
FENGYUN 1C DEBRIS #718
1 31918U 20001A   26236.50000000  .00001000  00000+0  10000-4 0  9994
2 31918  97.6023 127.4161 0452224 153.1072 141.6752 13.67929890000012
FENGYUN 1C DEBRIS #719
1 31919U 20001A   26236.50000000  .00001000  00000+0  10000-4 0  9995
2 31919  98.1027 274.4002 0254367 127.3003 289.9335 14.92483189000013
FENGYUN 1C DEBRIS #720
1 31920U 20001A   26236.50000000  .00001000  00000+0  10000-4 0  9997
2 31920 101.4499 276.1375 0031298  75.0993 258.0022 14.29041338000017
FENGYUN 1C DEBRIS #721
1 31921U 20001A   26236.50000000  .00001000  00000+0  10000-4 0  9998
2 31921  97.3688 134.4511 0206670 117.2466 201.5900 14.49820793000011
FENGYUN 1C DEBRIS #722
1 31922U 20001A   26236.50000000  .00001000  00000+0  10000-4 0  9999
2 31922  96.7967  77.3927 0311707  38.4604  87.5296 14.65536826000016
FENGYUN 1C DEBRIS #723
1 31923U 20001A   26236.50000000  .00001000  00000+0  10000-4 0  9990
2 31923  97.5529 172.6858 0438333 349.6079  16.5600 13.72769222000016
FENGYUN 1C DEBRIS #724
1 31924U 20001A   26236.50000000  .00001000  00000+0  10000-4 0  9991
2 31924  99.5565 247.6083 0547154 100.8513 218.4137 13.76889924000018
FENGYUN 1C DEBRIS #725
1 31925U 20001A   26236.50000000  .00001000  00000+0  10000-4 0  9992
2 31925  97.8501  36.5184 0390984 133.0016 332.4982 13.26251093000010
FENGYUN 1C DEBRIS #726
1 31926U 20001A   26236.50000000  .00001000  00000+0  10000-4 0  9993
2 31926  96.2662  48.3425 0454899 279.0874 148.9599 13.37890924000018
FENGYUN 1C DEBRIS #727
1 31927U 20001A   26236.50000000  .00001000  00000+0  10000-4 0  9994
2 31927  96.5106  54.1510 0193336  31.6819  88.2816 13.07998634000014
FENGYUN 1C DEBRIS #728
1 31928U 20001A   26236.50000000  .00001000  00000+0  10000-4 0  9995
2 31928  99.0364 274.6034 0171217 104.9110   7.8667 13.87446595000014
FENGYUN 1C DEBRIS #729
1 31929U 20001A   26236.50000000  .00001000  00000+0  10000-4 0  9996
2 31929 100.2326  24.4814 0475822 113.0260 307.2360 14.30736646000016
FENGYUN 1C DEBRIS #730
1 31930U 20001A   26236.50000000  .00001000  00000+0  10000-4 0  9998
2 31930 101.0306 160.5025 0533059 168.5975 165.8893 13.04193607000019
FENGYUN 1C DEBRIS #731
1 31931U 20001A   26236.50000000  .00001000  00000+0  10000-4 0  9999
2 31931  97.5981 243.9608 0428354 269.1541   8.3298 13.21285866000017
FENGYUN 1C DEBRIS #732
1 31932U 20001A   26236.50000000  .00001000  00000+0  10000-4 0  9990
2 31932  96.3151 147.8804 0249858  17.2912 190.2231 13.76725807000010
FENGYUN 1C DEBRIS #733
1 31933U 20001A   26236.50000000  .00001000  00000+0  10000-4 0  9991
2 31933 101.0779 184.4142 0029396  11.5502 181.5162 13.64929660000014
FENGYUN 1C DEBRIS #734
1 31934U 20001A   26236.50000000  .00001000  00000+0  10000-4 0  9992
2 31934 100.3897 284.4495 0305365 228.3746 264.3962 13.97955713000013
FENGYUN 1C DEBRIS #735
1 31935U 20001A   26236.50000000  .00001000  00000+0  10000-4 0  9993
2 31935  98.9918 350.7219 0472741 287.4928 304.6678 13.87622985000015
FENGYUN 1C DEBRIS #736
1 31936U 20001A   26236.50000000  .00001000  00000+0  10000-4 0  9994
2 31936  96.1264 332.0989 0373818 270.6866 276.1615 14.98307934000018
FENGYUN 1C DEBRIS #737
1 31937U 20001A   26236.50000000  .00001000  00000+0  10000-4 0  9995
2 31937  98.1857  99.6714 0281747 266.0172 234.1597 14.71329741000013
FENGYUN 1C DEBRIS #738
1 31938U 20001A   26236.50000000  .00001000  00000+0  10000-4 0  9996
2 31938  96.0382 233.2224 0217089 249.3310 295.2751 13.86651352000013
FENGYUN 1C DEBRIS #739
1 31939U 20001A   26236.50000000  .00001000  00000+0  10000-4 0  9997
2 31939  98.1944   7.7341 0353347 298.1602   6.7938 12.61524950000016
FENGYUN 1C DEBRIS #740
1 31940U 20001A   26236.50000000  .00001000  00000+0  10000-4 0  9999
2 31940  96.9514 153.7739 0170134 242.8338 117.5829 13.13493597000013
FENGYUN 1C DEBRIS #741
1 31941U 20001A   26236.50000000  .00001000  00000+0  10000-4 0  9990
2 31941  98.3465 239.5447 0466558 127.6723 316.9122 13.97865220000019
FENGYUN 1C DEBRIS #742
1 31942U 20001A   26236.50000000  .00001000  00000+0  10000-4 0  9991
2 31942 100.8035  54.9377 0468335  65.3712   9.4408 13.09474601000017
FENGYUN 1C DEBRIS #743
1 31943U 20001A   26236.50000000  .00001000  00000+0  10000-4 0  9992
2 31943  99.2115 304.0914 0472088 343.6778 117.8860 13.89618300000018
FENGYUN 1C DEBRIS #744
1 31944U 20001A   26236.50000000  .00001000  00000+0  10000-4 0  9993
2 31944  97.4920  82.8374 0141108 152.7421  97.5881 13.32703082000011
FENGYUN 1C DEBRIS #745
1 31945U 20001A   26236.50000000  .00001000  00000+0  10000-4 0  9994
2 31945 101.2178  78.2049 0226099 323.5967 158.2707 12.92954920000011
FENGYUN 1C DEBRIS #746
1 31946U 20001A   26236.50000000  .00001000  00000+0  10000-4 0  9995
2 31946 100.6049 135.0410 0277492 266.3686 136.9500 14.38546171000012
FENGYUN 1C DEBRIS #747
1 31947U 20001A   26236.50000000  .00001000  00000+0  10000-4 0  9996
2 31947  98.2809 143.7042 0139266 293.2198  33.4267 13.51321173000017
FENGYUN 1C DEBRIS #748
1 31948U 20001A   26236.50000000  .00001000  00000+0  10000-4 0  9997
2 31948  96.6506 328.7820 0440220 272.3783  43.3290 12.89208901000015
FENGYUN 1C DEBRIS #749
1 31949U 20001A   26236.50000000  .00001000  00000+0  10000-4 0  9998
2 31949  98.5347 217.7454 0454815  68.7532 354.6548 13.36051099000015
FENGYUN 1C DEBRIS #750
1 31950U 20001A   26236.50000000  .00001000  00000+0  10000-4 0  9990
2 31950 100.3987 129.5491 0168065 164.5033   2.6120 12.86878166000012
FENGYUN 1C DEBRIS #751
1 31951U 20001A   26236.50000000  .00001000  00000+0  10000-4 0  9991
2 31951 100.4205 144.1110 0517345 340.4634 301.1525 13.45123464000015
FENGYUN 1C DEBRIS #752
1 31952U 20001A   26236.50000000  .00001000  00000+0  10000-4 0  9992
2 31952  98.2049 305.2109 0194402  30.4025 231.6895 14.99929575000013
FENGYUN 1C DEBRIS #753
1 31953U 20001A   26236.50000000  .00001000  00000+0  10000-4 0  9993
2 31953  97.9381 169.6901 0571759 233.0495 116.3775 13.25931871000013
FENGYUN 1C DEBRIS #754
1 31954U 20001A   26236.50000000  .00001000  00000+0  10000-4 0  9994
2 31954  96.4444  89.6393 0347455  56.0730 250.2253 12.90707593000015
FENGYUN 1C DEBRIS #755
1 31955U 20001A   26236.50000000  .00001000  00000+0  10000-4 0  9995
2 31955 100.1737  22.0253 0485380 237.9428 133.8135 14.67922815000011
FENGYUN 1C DEBRIS #756
1 31956U 20001A   26236.50000000  .00001000  00000+0  10000-4 0  9996
2 31956  98.0893  56.6938 0120003 347.5081 267.1080 14.84709981000010
FENGYUN 1C DEBRIS #757
1 31957U 20001A   26236.50000000  .00001000  00000+0  10000-4 0  9997
2 31957 100.4619  65.3813 0529864  58.4545 179.1199 12.86253978000018
FENGYUN 1C DEBRIS #758
1 31958U 20001A   26236.50000000  .00001000  00000+0  10000-4 0  9998
2 31958  97.4364 225.1125 0547208 115.5862 281.9768 13.23643523000017
FENGYUN 1C DEBRIS #759
1 31959U 20001A   26236.50000000  .00001000  00000+0  10000-4 0  9999
2 31959  97.5895 319.9754 0039849 328.8877  16.7398 14.69286767000017
FENGYUN 1C DEBRIS #760
1 31960U 20001A   26236.50000000  .00001000  00000+0  10000-4 0  9991
2 31960  97.8622 215.4627 0324618   5.3778 322.9879 12.97961419000016
FENGYUN 1C DEBRIS #761
1 31961U 20001A   26236.50000000  .00001000  00000+0  10000-4 0  9992
2 31961  96.1527 355.7489 0085198 354.0128 308.2106 13.74165449000012
FENGYUN 1C DEBRIS #762
1 31962U 20001A   26236.50000000  .00001000  00000+0  10000-4 0  9993
2 31962  98.8204  48.3859 0369897 112.1151 169.0153 14.12845257000010
FENGYUN 1C DEBRIS #763
1 31963U 20001A   26236.50000000  .00001000  00000+0  10000-4 0  9994
2 31963 101.0173  46.1515 0400697 220.8994 257.8735 13.47739854000018
FENGYUN 1C DEBRIS #764
1 31964U 20001A   26236.50000000  .00001000  00000+0  10000-4 0  9995
2 31964  98.4667 269.5388 0514141  78.9520  46.7307 13.07108903000013
FENGYUN 1C DEBRIS #765
1 31965U 20001A   26236.50000000  .00001000  00000+0  10000-4 0  9996
2 31965 101.2537  81.1987 0067669 145.3819 319.2905 12.82749406000017
FENGYUN 1C DEBRIS #766
1 31966U 20001A   26236.50000000  .00001000  00000+0  10000-4 0  9997
2 31966  96.2314  81.4404 0127083 118.3053 350.6244 14.18248646000014
FENGYUN 1C DEBRIS #767
1 31967U 20001A   26236.50000000  .00001000  00000+0  10000-4 0  9998
2 31967  99.6101 187.1701 0354756 273.5617  47.4146 14.72059882000013
FENGYUN 1C DEBRIS #768
1 31968U 20001A   26236.50000000  .00001000  00000+0  10000-4 0  9999
2 31968  98.1321 238.0327 0356033  12.3211 326.1652 14.84309858000014
FENGYUN 1C DEBRIS #769
1 31969U 20001A   26236.50000000  .00001000  00000+0  10000-4 0  9990
2 31969  97.9102  17.2866 0134779  51.4636  12.2811 13.03721393000012
FENGYUN 1C DEBRIS #770
1 31970U 20001A   26236.50000000  .00001000  00000+0  10000-4 0  9992
2 31970 100.3686  58.2787 0207068 174.1841 123.8046 13.97300816000015
FENGYUN 1C DEBRIS #771
1 31971U 20001A   26236.50000000  .00001000  00000+0  10000-4 0  9993
2 31971  99.3723 294.1162 0354776  77.3410 223.6725 13.68504987000014
FENGYUN 1C DEBRIS #772
1 31972U 20001A   26236.50000000  .00001000  00000+0  10000-4 0  9994
2 31972  98.8753  42.4149 0181997 332.5988 121.4117 14.44442653000016
FENGYUN 1C DEBRIS #773
1 31973U 20001A   26236.50000000  .00001000  00000+0  10000-4 0  9995
2 31973 100.9552  91.9024 0488053 197.6043 238.7693 13.76965236000017
FENGYUN 1C DEBRIS #774
1 31974U 20001A   26236.50000000  .00001000  00000+0  10000-4 0  9996
2 31974  99.6081 123.2550 0321062 131.5520 231.2254 12.75148265000019
FENGYUN 1C DEBRIS #775
1 31975U 20001A   26236.50000000  .00001000  00000+0  10000-4 0  9997
2 31975 101.3885  45.4421 0151732  40.0093 198.1673 13.69784025000019
FENGYUN 1C DEBRIS #776
1 31976U 20001A   26236.50000000  .00001000  00000+0  10000-4 0  9998
2 31976  97.3743 314.3904 0198077 354.3522  29.8682 13.64679386000010
FENGYUN 1C DEBRIS #777
1 31977U 20001A   26236.50000000  .00001000  00000+0  10000-4 0  9999
2 31977 100.8018 181.7005 0250583 359.4761  70.1561 14.85899933000017
FENGYUN 1C DEBRIS #778
1 31978U 20001A   26236.50000000  .00001000  00000+0  10000-4 0  9990
2 31978 100.6401  79.8686 0029697 127.4171 216.3371 14.36018958000011
FENGYUN 1C DEBRIS #779
1 31979U 20001A   26236.50000000  .00001000  00000+0  10000-4 0  9991
2 31979  96.5106 309.5734 0324526 130.5562  82.9525 14.52062397000014
FENGYUN 1C DEBRIS #780
1 31980U 20001A   26236.50000000  .00001000  00000+0  10000-4 0  9993
2 31980 101.2830 191.1132 0237193  59.6288 228.3525 12.84033138000010
FENGYUN 1C DEBRIS #781
1 31981U 20001A   26236.50000000  .00001000  00000+0  10000-4 0  9994
2 31981  99.3091 303.5660 0455640 339.1891 219.4796 12.96492259000014
FENGYUN 1C DEBRIS #782
1 31982U 20001A   26236.50000000  .00001000  00000+0  10000-4 0  9995
2 31982 100.7498 100.2317 0576252 106.7387 324.3444 14.87735786000018
FENGYUN 1C DEBRIS #783
1 31983U 20001A   26236.50000000  .00001000  00000+0  10000-4 0  9996
2 31983 101.4321 321.7480 0291442 337.7316   0.1273 12.92668771000018
FENGYUN 1C DEBRIS #784
1 31984U 20001A   26236.50000000  .00001000  00000+0  10000-4 0  9997
2 31984  97.1080 200.0727 0200731 220.7222 345.3393 14.81532517000018
FENGYUN 1C DEBRIS #785
1 31985U 20001A   26236.50000000  .00001000  00000+0  10000-4 0  9998
2 31985  95.9553 147.7352 0103399 275.2535 290.5158 14.57385900000010
FENGYUN 1C DEBRIS #786
1 31986U 20001A   26236.50000000  .00001000  00000+0  10000-4 0  9999
2 31986 101.3055  87.2867 0476061 140.7599  69.6137 14.15060310000015
FENGYUN 1C DEBRIS #787
1 31987U 20001A   26236.50000000  .00001000  00000+0  10000-4 0  9990
2 31987 100.6060  25.3914 0578747 321.3499  44.4497 13.26292289000013
FENGYUN 1C DEBRIS #788
1 31988U 20001A   26236.50000000  .00001000  00000+0  10000-4 0  9991
2 31988 100.0379 339.9628 0108070 242.0057 273.8105 13.66411525000018
FENGYUN 1C DEBRIS #789
1 31989U 20001A   26236.50000000  .00001000  00000+0  10000-4 0  9992
2 31989  95.6646  42.2251 0200473 226.2765 169.5994 12.84626931000016
FENGYUN 1C DEBRIS #790
1 31990U 20001A   26236.50000000  .00001000  00000+0  10000-4 0  9994
2 31990  99.5625 107.5760 0092421 163.5723  25.3450 14.38298815000010
FENGYUN 1C DEBRIS #791
1 31991U 20001A   26236.50000000  .00001000  00000+0  10000-4 0  9995
2 31991 101.4740 327.7822 0217998 355.6654 137.3406 13.25304669000017
FENGYUN 1C DEBRIS #792
1 31992U 20001A   26236.50000000  .00001000  00000+0  10000-4 0  9996
2 31992 100.9467  40.6215 0290584 315.4472 248.9173 14.00394858000012
FENGYUN 1C DEBRIS #793
1 31993U 20001A   26236.50000000  .00001000  00000+0  10000-4 0  9997
2 31993 100.3667 273.0454 0150287 359.1379 217.1938 12.84732040000018
FENGYUN 1C DEBRIS #794
1 31994U 20001A   26236.50000000  .00001000  00000+0  10000-4 0  9998
2 31994  99.1943 130.5178 0524229 301.2153 346.7680 14.19578547000013
FENGYUN 1C DEBRIS #795
1 31995U 20001A   26236.50000000  .00001000  00000+0  10000-4 0  9999
2 31995  98.1300 229.7016 0521797 260.6589  99.3116 13.27248856000010
FENGYUN 1C DEBRIS #796
1 31996U 20001A   26236.50000000  .00001000  00000+0  10000-4 0  9990
2 31996  97.1100 182.8165 0263394 353.9112  29.9136 14.60711099000019
FENGYUN 1C DEBRIS #797
1 31997U 20001A   26236.50000000  .00001000  00000+0  10000-4 0  9991
2 31997  96.2068 290.1569 0160791 212.7904 239.6263 13.78794260000012
FENGYUN 1C DEBRIS #798
1 31998U 20001A   26236.50000000  .00001000  00000+0  10000-4 0  9992
2 31998  96.2238 281.1319 0430946 301.4683 135.2960 13.94560982000012
FENGYUN 1C DEBRIS #799
1 31999U 20001A   26236.50000000  .00001000  00000+0  10000-4 0  9993
2 31999  98.7138 333.0875 0241900 212.5235 285.6960 14.04398954000018
FENGYUN 1C DEBRIS #800
1 32000U 20001A   26236.50000000  .00001000  00000+0  10000-4 0  9997
2 32000 101.3244 207.2252 0088134 129.8523 242.1394 14.43367362000011
FENGYUN 1C DEBRIS #801
1 32001U 20001A   26236.50000000  .00001000  00000+0  10000-4 0  9998
2 32001 101.0227 151.8586 0248372 125.0296 283.7291 14.38634346000011
FENGYUN 1C DEBRIS #802
1 32002U 20001A   26236.50000000  .00001000  00000+0  10000-4 0  9999
2 32002 100.7134 206.4042 0323203 292.7378 226.1226 14.85647280000011
FENGYUN 1C DEBRIS #803
1 32003U 20001A   26236.50000000  .00001000  00000+0  10000-4 0  9990
2 32003 100.2658 240.8646 0034871   8.6920 340.5419 13.96063199000014
FENGYUN 1C DEBRIS #804
1 32004U 20001A   26236.50000000  .00001000  00000+0  10000-4 0  9991
2 32004  96.1928 331.4411 0485099 305.7948  91.2651 14.34973768000011
FENGYUN 1C DEBRIS #805
1 32005U 20001A   26236.50000000  .00001000  00000+0  10000-4 0  9992
2 32005 100.5102 123.8579 0584676 160.5625  17.2077 13.19688260000016
FENGYUN 1C DEBRIS #806
1 32006U 20001A   26236.50000000  .00001000  00000+0  10000-4 0  9993
2 32006  98.3492 356.7512 0172640  75.3772 277.4912 14.50473846000013
FENGYUN 1C DEBRIS #807
1 32007U 20001A   26236.50000000  .00001000  00000+0  10000-4 0  9994
2 32007  98.8837 115.8772 0252766 293.5690 304.0991 13.43649394000013
FENGYUN 1C DEBRIS #808
1 32008U 20001A   26236.50000000  .00001000  00000+0  10000-4 0  9995
2 32008 100.7399 120.1548 0377513 301.0448  81.9255 14.37566238000017
FENGYUN 1C DEBRIS #809
1 32009U 20001A   26236.50000000  .00001000  00000+0  10000-4 0  9996
2 32009 100.5721  36.4673 0438725 112.6528 178.9894 14.13468417000011
FENGYUN 1C DEBRIS #810
1 32010U 20001A   26236.50000000  .00001000  00000+0  10000-4 0  9998
2 32010  96.7172 137.7707 0173514 126.2138 290.1231 14.29775061000017
FENGYUN 1C DEBRIS #811
1 32011U 20001A   26236.50000000  .00001000  00000+0  10000-4 0  9999
2 32011 100.9747 271.7175 0576398  40.1330 209.4649 13.37462347000011
FENGYUN 1C DEBRIS #812
1 32012U 20001A   26236.50000000  .00001000  00000+0  10000-4 0  9990
2 32012 101.0530 252.0822 0345081 193.7716 143.2696 14.41624939000011
FENGYUN 1C DEBRIS #813
1 32013U 20001A   26236.50000000  .00001000  00000+0  10000-4 0  9991
2 32013  99.7738  71.5031 0072514 315.6959 145.6694 14.03512652000013
FENGYUN 1C DEBRIS #814
1 32014U 20001A   26236.50000000  .00001000  00000+0  10000-4 0  9992
2 32014  97.1802 257.7197 0329040 331.6530  37.3054 13.55221617000012
FENGYUN 1C DEBRIS #815
1 32015U 20001A   26236.50000000  .00001000  00000+0  10000-4 0  9993
2 32015 101.3364 293.2463 0534721 205.2384  29.5962 13.30538942000018
FENGYUN 1C DEBRIS #816
1 32016U 20001A   26236.50000000  .00001000  00000+0  10000-4 0  9994
2 32016 101.5966 159.3130 0043648 240.3077  98.5638 13.91516932000012
FENGYUN 1C DEBRIS #817
1 32017U 20001A   26236.50000000  .00001000  00000+0  10000-4 0  9995
2 32017  98.5670 299.9693 0590292  81.2998 233.2422 13.18884417000015
FENGYUN 1C DEBRIS #818
1 32018U 20001A   26236.50000000  .00001000  00000+0  10000-4 0  9996
2 32018  96.8958   4.4706 0161334 220.3994 301.6551 12.64985749000016
FENGYUN 1C DEBRIS #819
1 32019U 20001A   26236.50000000  .00001000  00000+0  10000-4 0  9997
2 32019  98.0872 198.4414 0349489 305.2457 209.1224 13.58957656000011
FENGYUN 1C DEBRIS #820
1 32020U 20001A   26236.50000000  .00001000  00000+0  10000-4 0  9999
2 32020  99.3635 319.8975 0587896 254.4285 353.4898 14.39230267000017
FENGYUN 1C DEBRIS #821
1 32021U 20001A   26236.50000000  .00001000  00000+0  10000-4 0  9990
2 32021 100.4206  94.8806 0234732 337.2920 115.2557 14.76012686000013
FENGYUN 1C DEBRIS #822
1 32022U 20001A   26236.50000000  .00001000  00000+0  10000-4 0  9991
2 32022  97.7424 344.9128 0098005 355.0521  88.8823 14.66386728000017
FENGYUN 1C DEBRIS #823
1 32023U 20001A   26236.50000000  .00001000  00000+0  10000-4 0  9992
2 32023  98.8297  46.3553 0588986 182.6834 171.2656 14.48212466000014
FENGYUN 1C DEBRIS #824
1 32024U 20001A   26236.50000000  .00001000  00000+0  10000-4 0  9993
2 32024  97.4809 290.6113 0370373 258.3232 232.1877 14.32825499000018
FENGYUN 1C DEBRIS #825
1 32025U 20001A   26236.50000000  .00001000  00000+0  10000-4 0  9994
2 32025  98.9244 354.6278 0289866  19.1525 222.7701 13.97822197000018
FENGYUN 1C DEBRIS #826
1 32026U 20001A   26236.50000000  .00001000  00000+0  10000-4 0  9995
2 32026  98.5828 157.0263 0572835 201.5851 201.2386 13.01121883000012
FENGYUN 1C DEBRIS #827
1 32027U 20001A   26236.50000000  .00001000  00000+0  10000-4 0  9996
2 32027  95.9453 125.1371 0523194 245.5225  23.5486 12.95491229000013
FENGYUN 1C DEBRIS #828
1 32028U 20001A   26236.50000000  .00001000  00000+0  10000-4 0  9997
2 32028  99.9132 205.1113 0569463 256.9004 176.6915 14.34662520000011
FENGYUN 1C DEBRIS #829
1 32029U 20001A   26236.50000000  .00001000  00000+0  10000-4 0  9998
2 32029  99.8253 339.3893 0591999 162.7602 193.8225 13.11648993000014
FENGYUN 1C DEBRIS #830
1 32030U 20001A   26236.50000000  .00001000  00000+0  10000-4 0  9990
2 32030  99.6480 118.9920 0350517 340.6564  51.9239 14.70232488000014
FENGYUN 1C DEBRIS #831
1 32031U 20001A   26236.50000000  .00001000  00000+0  10000-4 0  9991
2 32031  98.8377 245.2758 0202385 219.4540 256.3609 12.61626082000017
FENGYUN 1C DEBRIS #832
1 32032U 20001A   26236.50000000  .00001000  00000+0  10000-4 0  9992
2 32032  97.7501  43.0860 0586865 190.7179 262.9369 14.07324110000015
FENGYUN 1C DEBRIS #833
1 32033U 20001A   26236.50000000  .00001000  00000+0  10000-4 0  9993
2 32033  99.9953  89.5678 0368884  64.5627  65.2457 14.42117041000012
FENGYUN 1C DEBRIS #834
1 32034U 20001A   26236.50000000  .00001000  00000+0  10000-4 0  9994
2 32034  99.4964 178.1910 0089310 340.6130 206.6410 12.81385374000012
FENGYUN 1C DEBRIS #835
1 32035U 20001A   26236.50000000  .00001000  00000+0  10000-4 0  9995
2 32035 101.2942 139.4824 0256393  49.8634 123.5863 14.27139613000013
FENGYUN 1C DEBRIS #836
1 32036U 20001A   26236.50000000  .00001000  00000+0  10000-4 0  9996
2 32036  96.1752 127.8565 0430212 179.8855  66.4439 14.70975488000011
FENGYUN 1C DEBRIS #837
1 32037U 20001A   26236.50000000  .00001000  00000+0  10000-4 0  9997
2 32037  98.0086  81.5905 0591668 122.2993 270.6535 14.11921758000017
FENGYUN 1C DEBRIS #838
1 32038U 20001A   26236.50000000  .00001000  00000+0  10000-4 0  9998
2 32038  98.7432   7.3443 0371572  21.2926 134.3329 14.95682429000015
FENGYUN 1C DEBRIS #839
1 32039U 20001A   26236.50000000  .00001000  00000+0  10000-4 0  9999
2 32039  96.6111 346.8959 0326890 138.5113   9.9553 12.61118646000015
FENGYUN 1C DEBRIS #840
1 32040U 20001A   26236.50000000  .00001000  00000+0  10000-4 0  9991
2 32040 101.0309 202.8113 0518428  67.8536 223.5141 14.89370808000012
FENGYUN 1C DEBRIS #841
1 32041U 20001A   26236.50000000  .00001000  00000+0  10000-4 0  9992
2 32041  96.6907  78.6146 0220243 328.5413 215.8986 14.69303303000012
FENGYUN 1C DEBRIS #842
1 32042U 20001A   26236.50000000  .00001000  00000+0  10000-4 0  9993
2 32042  99.0439 320.9172 0429693  63.8971  53.5859 14.71121267000016
FENGYUN 1C DEBRIS #843
1 32043U 20001A   26236.50000000  .00001000  00000+0  10000-4 0  9994
2 32043 100.5140  10.9230 0042489 344.8913 338.6534 13.89021563000010
FENGYUN 1C DEBRIS #844
1 32044U 20001A   26236.50000000  .00001000  00000+0  10000-4 0  9995
2 32044 100.4432 112.1995 0189029  64.9500 186.6560 13.43772965000010
FENGYUN 1C DEBRIS #845
1 32045U 20001A   26236.50000000  .00001000  00000+0  10000-4 0  9996
2 32045 101.0014 179.1544 0370031 331.1997 337.6146 14.99362057000018
FENGYUN 1C DEBRIS #846
1 32046U 20001A   26236.50000000  .00001000  00000+0  10000-4 0  9997
2 32046 101.1716 197.2730 0245530  41.8974 199.6063 13.67504539000013
FENGYUN 1C DEBRIS #847
1 32047U 20001A   26236.50000000  .00001000  00000+0  10000-4 0  9998
2 32047  97.6301 131.6497 0158881  67.8025 145.5425 14.56220520000018
FENGYUN 1C DEBRIS #848
1 32048U 20001A   26236.50000000  .00001000  00000+0  10000-4 0  9999
2 32048  97.7499 329.9798 0554252 327.4805 254.7495 14.54617767000018
FENGYUN 1C DEBRIS #849
1 32049U 20001A   26236.50000000  .00001000  00000+0  10000-4 0  9990
2 32049 100.6344  35.5609 0321509 115.3991 189.8415 14.19243024000012
FENGYUN 1C DEBRIS #850
1 32050U 20001A   26236.50000000  .00001000  00000+0  10000-4 0  9992
2 32050  99.0505 191.4932 0248627  72.3356 115.3139 13.91131469000016
FENGYUN 1C DEBRIS #851
1 32051U 20001A   26236.50000000  .00001000  00000+0  10000-4 0  9993
2 32051  98.2874  71.2949 0567663 156.6500  29.6600 13.62316608000019
FENGYUN 1C DEBRIS #852
1 32052U 20001A   26236.50000000  .00001000  00000+0  10000-4 0  9994
2 32052  95.7430  37.5547 0345526 110.1231 357.2234 14.06319177000013
FENGYUN 1C DEBRIS #853
1 32053U 20001A   26236.50000000  .00001000  00000+0  10000-4 0  9995
2 32053 100.2244 277.5034 0425362  14.9877 340.8407 13.86612031000012
FENGYUN 1C DEBRIS #854
1 32054U 20001A   26236.50000000  .00001000  00000+0  10000-4 0  9996
2 32054  97.4427 211.4891 0542160 230.7357 266.1325 13.90268888000019
FENGYUN 1C DEBRIS #855
1 32055U 20001A   26236.50000000  .00001000  00000+0  10000-4 0  9997
2 32055  98.8058  16.9947 0195708 347.1074  18.8767 13.05177363000011
FENGYUN 1C DEBRIS #856
1 32056U 20001A   26236.50000000  .00001000  00000+0  10000-4 0  9998
2 32056 100.5524 314.5339 0448353  64.1844 133.4966 13.85756265000018
FENGYUN 1C DEBRIS #857
1 32057U 20001A   26236.50000000  .00001000  00000+0  10000-4 0  9999
2 32057  99.7951 327.8384 0077217 321.2482 256.4678 14.87991432000017
FENGYUN 1C DEBRIS #858
1 32058U 20001A   26236.50000000  .00001000  00000+0  10000-4 0  9990
2 32058  96.0378  73.2990 0139907   5.6134 331.9511 14.13701074000013
FENGYUN 1C DEBRIS #859
1 32059U 20001A   26236.50000000  .00001000  00000+0  10000-4 0  9991
2 32059  96.8362 248.1802 0556101  86.5395 292.9096 12.61137308000014
FENGYUN 1C DEBRIS #860
1 32060U 20001A   26236.50000000  .00001000  00000+0  10000-4 0  9993
2 32060 100.5878 354.3847 0592509 133.8422 301.6034 14.58377331000019
FENGYUN 1C DEBRIS #861
1 32061U 20001A   26236.50000000  .00001000  00000+0  10000-4 0  9994
2 32061  95.8685  51.0010 0162780 317.5001 152.2226 14.20447873000014
FENGYUN 1C DEBRIS #862
1 32062U 20001A   26236.50000000  .00001000  00000+0  10000-4 0  9995
2 32062  99.0232 310.9476 0383190 316.3252 265.1881 13.09170307000019
FENGYUN 1C DEBRIS #863
1 32063U 20001A   26236.50000000  .00001000  00000+0  10000-4 0  9996
2 32063  97.2357 248.5013 0261214 100.1112 324.3873 13.59273565000011
FENGYUN 1C DEBRIS #864
1 32064U 20001A   26236.50000000  .00001000  00000+0  10000-4 0  9997
2 32064 100.5003 175.7579 0368075 142.3687 250.5606 14.10368903000017
FENGYUN 1C DEBRIS #865
1 32065U 20001A   26236.50000000  .00001000  00000+0  10000-4 0  9998
2 32065  98.2948 238.6667 0149325  41.5002 324.7982 14.13023293000016
FENGYUN 1C DEBRIS #866
1 32066U 20001A   26236.50000000  .00001000  00000+0  10000-4 0  9999
2 32066  98.5312  66.0091 0209879  92.3397 245.1260 14.86440750000017
FENGYUN 1C DEBRIS #867
1 32067U 20001A   26236.50000000  .00001000  00000+0  10000-4 0  9990
2 32067 101.1837 143.3536 0331030 205.2390  39.0571 13.28329158000015
FENGYUN 1C DEBRIS #868
1 32068U 20001A   26236.50000000  .00001000  00000+0  10000-4 0  9991
2 32068  96.3164 296.2359 0532735 199.7100 179.2682 14.88050178000016
FENGYUN 1C DEBRIS #869
1 32069U 20001A   26236.50000000  .00001000  00000+0  10000-4 0  9992
2 32069  96.3627 358.4010 0291995  82.3122 299.9141 12.86242535000013
FENGYUN 1C DEBRIS #870
1 32070U 20001A   26236.50000000  .00001000  00000+0  10000-4 0  9994
2 32070  96.7069 274.5149 0487717 221.5155 157.7191 13.18020443000016
FENGYUN 1C DEBRIS #871
1 32071U 20001A   26236.50000000  .00001000  00000+0  10000-4 0  9995
2 32071  96.4566 214.9205 0043810 276.0445  68.0290 14.84067742000017
FENGYUN 1C DEBRIS #872
1 32072U 20001A   26236.50000000  .00001000  00000+0  10000-4 0  9996
2 32072  96.8626 114.4517 0349904 122.8851 342.1492 14.87661460000011
FENGYUN 1C DEBRIS #873
1 32073U 20001A   26236.50000000  .00001000  00000+0  10000-4 0  9997
2 32073 101.1310 126.0422 0136376 140.8723  55.1151 14.14592441000016
FENGYUN 1C DEBRIS #874
1 32074U 20001A   26236.50000000  .00001000  00000+0  10000-4 0  9998
2 32074  97.3508  22.9138 0126698 236.8844 157.9938 13.06641382000019
FENGYUN 1C DEBRIS #875
1 32075U 20001A   26236.50000000  .00001000  00000+0  10000-4 0  9999
2 32075 100.8280  24.9778 0162550 200.4671  51.6108 13.86853585000018
FENGYUN 1C DEBRIS #876
1 32076U 20001A   26236.50000000  .00001000  00000+0  10000-4 0  9990
2 32076 101.3851  20.4167 0417162 192.3386 222.6910 13.58381800000012
FENGYUN 1C DEBRIS #877
1 32077U 20001A   26236.50000000  .00001000  00000+0  10000-4 0  9991
2 32077  96.6195 335.8082 0234815  37.3653  84.1183 12.94436754000017
FENGYUN 1C DEBRIS #878
1 32078U 20001A   26236.50000000  .00001000  00000+0  10000-4 0  9992
2 32078  97.8873 202.5762 0491949  43.0712  80.8265 14.44486904000015
FENGYUN 1C DEBRIS #879
1 32079U 20001A   26236.50000000  .00001000  00000+0  10000-4 0  9993
2 32079  99.3697 202.9100 0062875 327.8921 337.3959 14.15727031000011
FENGYUN 1C DEBRIS #880
1 32080U 20001A   26236.50000000  .00001000  00000+0  10000-4 0  9995
2 32080  99.4687 101.6886 0377308 269.3050 245.8372 13.67921090000011
FENGYUN 1C DEBRIS #881
1 32081U 20001A   26236.50000000  .00001000  00000+0  10000-4 0  9996
2 32081  99.2757 124.2527 0593026 330.9935  55.1297 13.69196227000011
FENGYUN 1C DEBRIS #882
1 32082U 20001A   26236.50000000  .00001000  00000+0  10000-4 0  9997
2 32082  98.8187 129.6487 0103756  62.7671 348.2532 14.12902371000014
FENGYUN 1C DEBRIS #883
1 32083U 20001A   26236.50000000  .00001000  00000+0  10000-4 0  9998
2 32083 101.5948 317.4975 0233485 289.9622  51.8342 12.65024910000019
FENGYUN 1C DEBRIS #884
1 32084U 20001A   26236.50000000  .00001000  00000+0  10000-4 0  9999
2 32084  98.3596 255.8469 0334069 144.8031 302.4487 13.14476547000015
FENGYUN 1C DEBRIS #885
1 32085U 20001A   26236.50000000  .00001000  00000+0  10000-4 0  9990
2 32085  97.7176 339.0772 0264261 264.0417 159.8014 13.60254150000019
FENGYUN 1C DEBRIS #886
1 32086U 20001A   26236.50000000  .00001000  00000+0  10000-4 0  9991
2 32086  97.9307 130.8817 0209086 260.3908  74.1294 13.55731935000017
FENGYUN 1C DEBRIS #887
1 32087U 20001A   26236.50000000  .00001000  00000+0  10000-4 0  9992
2 32087  96.9018  68.7474 0132869 237.3574 222.7955 14.69665473000015
FENGYUN 1C DEBRIS #888
1 32088U 20001A   26236.50000000  .00001000  00000+0  10000-4 0  9993
2 32088 101.0021 197.3540 0463106 231.8400  76.8649 13.57969942000011
FENGYUN 1C DEBRIS #889
1 32089U 20001A   26236.50000000  .00001000  00000+0  10000-4 0  9994
2 32089  96.4480  39.1141 0398297 299.8396 278.8480 13.32076866000018
FENGYUN 1C DEBRIS #890
1 32090U 20001A   26236.50000000  .00001000  00000+0  10000-4 0  9996
2 32090  99.3416  18.3189 0145963  56.4190 138.3446 13.92406338000010
FENGYUN 1C DEBRIS #891
1 32091U 20001A   26236.50000000  .00001000  00000+0  10000-4 0  9997
2 32091  98.7050  64.9135 0276928 138.9494 240.1177 14.26552706000017
FENGYUN 1C DEBRIS #892
1 32092U 20001A   26236.50000000  .00001000  00000+0  10000-4 0  9998
2 32092  97.2399 268.5498 0346751 144.6755 281.4692 12.97405364000011
FENGYUN 1C DEBRIS #893
1 32093U 20001A   26236.50000000  .00001000  00000+0  10000-4 0  9999
2 32093  96.7869 148.0643 0291776  46.9998 335.2509 14.68327224000014
FENGYUN 1C DEBRIS #894
1 32094U 20001A   26236.50000000  .00001000  00000+0  10000-4 0  9990
2 32094  97.4973 335.8873 0375148 315.3300 243.4282 14.36476229000019
FENGYUN 1C DEBRIS #895
1 32095U 20001A   26236.50000000  .00001000  00000+0  10000-4 0  9991
2 32095 100.3218  30.8700 0025027  18.9910 306.9363 14.66939825000012
FENGYUN 1C DEBRIS #896
1 32096U 20001A   26236.50000000  .00001000  00000+0  10000-4 0  9992
2 32096  97.4798 324.6494 0137744  76.6843 302.6443 12.96144705000010
FENGYUN 1C DEBRIS #897
1 32097U 20001A   26236.50000000  .00001000  00000+0  10000-4 0  9993
2 32097  97.7776 327.3284 0358400 171.0314 253.2972 14.58781082000017
FENGYUN 1C DEBRIS #898
1 32098U 20001A   26236.50000000  .00001000  00000+0  10000-4 0  9994
2 32098  97.3384  36.5398 0345894  54.7261 149.4669 14.76196094000017
FENGYUN 1C DEBRIS #899
1 32099U 20001A   26236.50000000  .00001000  00000+0  10000-4 0  9995
2 32099  98.7938 222.5840 0111802 169.0444 353.9891 13.92557090000013
FENGYUN 1C DEBRIS #900
1 32100U 20001A   26236.50000000  .00001000  00000+0  10000-4 0  9998
2 32100  99.7398 325.3146 0586152  52.7927 160.1654 14.19328582000013
FENGYUN 1C DEBRIS #901
1 32101U 20001A   26236.50000000  .00001000  00000+0  10000-4 0  9999
2 32101 100.1340  48.8155 0240950  61.3649   7.1835 13.51048741000017
FENGYUN 1C DEBRIS #902
1 32102U 20001A   26236.50000000  .00001000  00000+0  10000-4 0  9990
2 32102  99.7287 294.4626 0559946  65.4601 321.8357 14.00373889000018
FENGYUN 1C DEBRIS #903
1 32103U 20001A   26236.50000000  .00001000  00000+0  10000-4 0  9991
2 32103 101.4218 340.7775 0348734 355.6135 319.1367 14.72544927000014
FENGYUN 1C DEBRIS #904
1 32104U 20001A   26236.50000000  .00001000  00000+0  10000-4 0  9992
2 32104  96.0133  48.5796 0194060  53.8150 357.4428 13.54467780000014
FENGYUN 1C DEBRIS #905
1 32105U 20001A   26236.50000000  .00001000  00000+0  10000-4 0  9993
2 32105 100.3458 240.8054 0577713 256.1069 341.5542 13.36967660000018
FENGYUN 1C DEBRIS #906
1 32106U 20001A   26236.50000000  .00001000  00000+0  10000-4 0  9994
2 32106  96.0984 217.0125 0483604 320.7772 150.3859 12.63829328000017
FENGYUN 1C DEBRIS #907
1 32107U 20001A   26236.50000000  .00001000  00000+0  10000-4 0  9995
2 32107  96.6144 306.4510 0131373 187.3554 329.7330 13.27259002000014
FENGYUN 1C DEBRIS #908
1 32108U 20001A   26236.50000000  .00001000  00000+0  10000-4 0  9996
2 32108  98.5377 326.0940 0050166 110.3890 161.6152 13.17312943000016
FENGYUN 1C DEBRIS #909
1 32109U 20001A   26236.50000000  .00001000  00000+0  10000-4 0  9997
2 32109  98.1977  14.5641 0454998 164.9115  28.8879 14.42343615000011
FENGYUN 1C DEBRIS #910
1 32110U 20001A   26236.50000000  .00001000  00000+0  10000-4 0  9999
2 32110  98.9076  47.0339 0587384 264.4709   6.9164 14.09800717000015
FENGYUN 1C DEBRIS #911
1 32111U 20001A   26236.50000000  .00001000  00000+0  10000-4 0  9990
2 32111  97.8840 325.6325 0240409 241.8854 250.8682 12.68635958000018
FENGYUN 1C DEBRIS #912
1 32112U 20001A   26236.50000000  .00001000  00000+0  10000-4 0  9991
2 32112  97.6138 289.1326 0515103 146.5902 123.1663 14.48188885000016
FENGYUN 1C DEBRIS #913
1 32113U 20001A   26236.50000000  .00001000  00000+0  10000-4 0  9992
2 32113 101.2574 258.8822 0340381  96.0021 328.8086 13.77319301000015
FENGYUN 1C DEBRIS #914
1 32114U 20001A   26236.50000000  .00001000  00000+0  10000-4 0  9993
2 32114 101.1127  30.5263 0406409 183.1649  40.8691 13.36467342000018
FENGYUN 1C DEBRIS #915
1 32115U 20001A   26236.50000000  .00001000  00000+0  10000-4 0  9994
2 32115 100.4645 290.2416 0082088 134.4198  55.4422 12.77859511000013
FENGYUN 1C DEBRIS #916
1 32116U 20001A   26236.50000000  .00001000  00000+0  10000-4 0  9995
2 32116 100.4087 280.3956 0520940   4.8410 290.5150 12.62314859000019
FENGYUN 1C DEBRIS #917
1 32117U 20001A   26236.50000000  .00001000  00000+0  10000-4 0  9996
2 32117 100.8210 222.2858 0110621 313.6858 165.8747 14.10270331000013
FENGYUN 1C DEBRIS #918
1 32118U 20001A   26236.50000000  .00001000  00000+0  10000-4 0  9997
2 32118 100.8404 283.0074 0081382 253.4931  71.8277 12.89274815000017
FENGYUN 1C DEBRIS #919
1 32119U 20001A   26236.50000000  .00001000  00000+0  10000-4 0  9998
2 32119 100.0764  29.2160 0073188   1.3828 284.9734 14.88334061000011
FENGYUN 1C DEBRIS #920
1 32120U 20001A   26236.50000000  .00001000  00000+0  10000-4 0  9990
2 32120  96.9985  17.9995 0066058 190.5601 171.3759 13.36897188000011
FENGYUN 1C DEBRIS #921
1 32121U 20001A   26236.50000000  .00001000  00000+0  10000-4 0  9991
2 32121  96.7838 355.6546 0371165 103.7029 243.4174 13.04655571000014
FENGYUN 1C DEBRIS #922
1 32122U 20001A   26236.50000000  .00001000  00000+0  10000-4 0  9992
2 32122 100.7900  22.0559 0127258  63.3063  71.1794 12.61515214000016
FENGYUN 1C DEBRIS #923
1 32123U 20001A   26236.50000000  .00001000  00000+0  10000-4 0  9993
2 32123  96.4634 195.1194 0584179 253.0325  27.2807 14.27992085000013
FENGYUN 1C DEBRIS #924
1 32124U 20001A   26236.50000000  .00001000  00000+0  10000-4 0  9994
2 32124  96.7223 115.7060 0595348 228.7069 213.2310 12.98981658000011
FENGYUN 1C DEBRIS #925
1 32125U 20001A   26236.50000000  .00001000  00000+0  10000-4 0  9995
2 32125  99.2093 182.3956 0185533 296.8087 264.7595 13.62365594000019
FENGYUN 1C DEBRIS #926
1 32126U 20001A   26236.50000000  .00001000  00000+0  10000-4 0  9996
2 32126  98.7833 235.7432 0581520 271.5470  23.2752 13.20400361000019
FENGYUN 1C DEBRIS #927
1 32127U 20001A   26236.50000000  .00001000  00000+0  10000-4 0  9997
2 32127  95.9767 123.9204 0445090 294.3733  28.7826 14.08762893000016
FENGYUN 1C DEBRIS #928
1 32128U 20001A   26236.50000000  .00001000  00000+0  10000-4 0  9998
2 32128 100.1866 257.7995 0026959  31.7634 211.7299 14.38624488000019
FENGYUN 1C DEBRIS #929
1 32129U 20001A   26236.50000000  .00001000  00000+0  10000-4 0  9999
2 32129 101.0980 130.1327 0415026  23.7164  94.4774 14.22766932000014
FENGYUN 1C DEBRIS #930
1 32130U 20001A   26236.50000000  .00001000  00000+0  10000-4 0  9991
2 32130 100.6384 162.2833 0450471 179.8902 274.8285 13.75307714000010
FENGYUN 1C DEBRIS #931
1 32131U 20001A   26236.50000000  .00001000  00000+0  10000-4 0  9992
2 32131  97.4808 359.6751 0130365  15.3718 127.0422 14.00934990000015
FENGYUN 1C DEBRIS #932
1 32132U 20001A   26236.50000000  .00001000  00000+0  10000-4 0  9993
2 32132  98.3897 166.1905 0555598 350.0194 166.9046 14.63155585000010
FENGYUN 1C DEBRIS #933
1 32133U 20001A   26236.50000000  .00001000  00000+0  10000-4 0  9994
2 32133 100.9945 162.7835 0102408 151.0550   8.8127 14.40132500000013
FENGYUN 1C DEBRIS #934
1 32134U 20001A   26236.50000000  .00001000  00000+0  10000-4 0  9995
2 32134  96.4366 114.0205 0594062 143.7906   5.0221 14.11726329000015
FENGYUN 1C DEBRIS #935
1 32135U 20001A   26236.50000000  .00001000  00000+0  10000-4 0  9996
2 32135 100.3483 238.2379 0120212  66.2075  34.1446 14.02304919000019
FENGYUN 1C DEBRIS #936
1 32136U 20001A   26236.50000000  .00001000  00000+0  10000-4 0  9997
2 32136  97.9477  53.9639 0215642 141.2035 109.2680 12.65203361000017
FENGYUN 1C DEBRIS #937
1 32137U 20001A   26236.50000000  .00001000  00000+0  10000-4 0  9998
2 32137 101.3312 197.7583 0152088 260.5425 155.8282 13.76768345000019
FENGYUN 1C DEBRIS #938
1 32138U 20001A   26236.50000000  .00001000  00000+0  10000-4 0  9999
2 32138 101.2840  57.5354 0582077 346.1182  24.0862 12.74342500000019
FENGYUN 1C DEBRIS #939
1 32139U 20001A   26236.50000000  .00001000  00000+0  10000-4 0  9990
2 32139  97.5397 171.6121 0187806 339.6017 289.3039 13.16436581000011
FENGYUN 1C DEBRIS #940
1 32140U 20001A   26236.50000000  .00001000  00000+0  10000-4 0  9992
2 32140  98.0981   4.6683 0198644 226.9653 246.2607 12.98064575000014
FENGYUN 1C DEBRIS #941
1 32141U 20001A   26236.50000000  .00001000  00000+0  10000-4 0  9993
2 32141  98.1740  43.8651 0095068 260.9124 290.5647 13.27655309000016
FENGYUN 1C DEBRIS #942
1 32142U 20001A   26236.50000000  .00001000  00000+0  10000-4 0  9994
2 32142 100.7846 133.0443 0582849 160.9482 150.1202 12.75149998000011
FENGYUN 1C DEBRIS #943
1 32143U 20001A   26236.50000000  .00001000  00000+0  10000-4 0  9995
2 32143  96.8567 117.4322 0155394 112.5133 329.6656 14.69249707000016
FENGYUN 1C DEBRIS #944
1 32144U 20001A   26236.50000000  .00001000  00000+0  10000-4 0  9996
2 32144 101.4352 283.2502 0341897 119.1819  69.9760 13.98532751000018
FENGYUN 1C DEBRIS #945
1 32145U 20001A   26236.50000000  .00001000  00000+0  10000-4 0  9997
2 32145  96.3628 115.8598 0386955  82.4136 213.4205 14.93072564000017
FENGYUN 1C DEBRIS #946
1 32146U 20001A   26236.50000000  .00001000  00000+0  10000-4 0  9998
2 32146  97.0221 295.0765 0303380   6.9830 183.9458 13.72740610000016
FENGYUN 1C DEBRIS #947
1 32147U 20001A   26236.50000000  .00001000  00000+0  10000-4 0  9999
2 32147  96.1735 270.0692 0381692 176.7386 216.9359 12.79513840000019
FENGYUN 1C DEBRIS #948
1 32148U 20001A   26236.50000000  .00001000  00000+0  10000-4 0  9990
2 32148 100.9455 344.9782 0174284 279.8760 284.8614 13.67876382000011
FENGYUN 1C DEBRIS #949
1 32149U 20001A   26236.50000000  .00001000  00000+0  10000-4 0  9991
2 32149  97.2573  51.5100 0511708  88.7708 227.9051 12.74165101000011
FENGYUN 1C DEBRIS #950
1 32150U 20001A   26236.50000000  .00001000  00000+0  10000-4 0  9993
2 32150  97.5633 296.9412 0299880  98.1927 115.2128 12.95068847000012
FENGYUN 1C DEBRIS #951
1 32151U 20001A   26236.50000000  .00001000  00000+0  10000-4 0  9994
2 32151 101.5117 217.7176 0331059 232.5030 344.7813 14.57792746000010
FENGYUN 1C DEBRIS #952
1 32152U 20001A   26236.50000000  .00001000  00000+0  10000-4 0  9995
2 32152  99.1855  43.3305 0445383  70.1795 287.5855 14.36518771000010
FENGYUN 1C DEBRIS #953
1 32153U 20001A   26236.50000000  .00001000  00000+0  10000-4 0  9996
2 32153  97.2947 284.6553 0265334   3.9290  93.9556 14.56460768000018
FENGYUN 1C DEBRIS #954
1 32154U 20001A   26236.50000000  .00001000  00000+0  10000-4 0  9997
2 32154  96.4644   9.1021 0397948  28.3355 167.3782 14.42969671000013
FENGYUN 1C DEBRIS #955
1 32155U 20001A   26236.50000000  .00001000  00000+0  10000-4 0  9998
2 32155 101.0588  53.1413 0383016 213.7842 273.0462 13.93263447000013
FENGYUN 1C DEBRIS #956
1 32156U 20001A   26236.50000000  .00001000  00000+0  10000-4 0  9999
2 32156  96.2465  98.4787 0180050 163.2001  58.6444 14.29511216000015
FENGYUN 1C DEBRIS #957
1 32157U 20001A   26236.50000000  .00001000  00000+0  10000-4 0  9990
2 32157  96.3712 344.1980 0091870 198.9270 132.7759 14.68257048000018
FENGYUN 1C DEBRIS #958
1 32158U 20001A   26236.50000000  .00001000  00000+0  10000-4 0  9991
2 32158  97.4916 259.3804 0339073 232.6782 142.3936 14.10933681000018
FENGYUN 1C DEBRIS #959
1 32159U 20001A   26236.50000000  .00001000  00000+0  10000-4 0  9992
2 32159  97.5597 300.9864 0040029 203.6221 204.6707 13.27898141000016
FENGYUN 1C DEBRIS #960
1 32160U 20001A   26236.50000000  .00001000  00000+0  10000-4 0  9994
2 32160 100.8996  20.1093 0436016  22.9960  24.4421 12.91648022000013
FENGYUN 1C DEBRIS #961
1 32161U 20001A   26236.50000000  .00001000  00000+0  10000-4 0  9995
2 32161  96.5094 188.2010 0565271 271.6774 350.0350 13.16403263000014
FENGYUN 1C DEBRIS #962
1 32162U 20001A   26236.50000000  .00001000  00000+0  10000-4 0  9996
2 32162  97.6289 148.5510 0455493 196.2401 188.8846 13.78189368000012
FENGYUN 1C DEBRIS #963
1 32163U 20001A   26236.50000000  .00001000  00000+0  10000-4 0  9997
2 32163  99.4509 142.5565 0109890 293.1711 161.4593 14.57483028000014
FENGYUN 1C DEBRIS #964
1 32164U 20001A   26236.50000000  .00001000  00000+0  10000-4 0  9998
2 32164  96.2915 328.1128 0171237 232.1131 200.7664 13.17423690000011
FENGYUN 1C DEBRIS #965
1 32165U 20001A   26236.50000000  .00001000  00000+0  10000-4 0  9999
2 32165  95.9149 303.4415 0150801  78.8403  83.7596 12.70174760000015
FENGYUN 1C DEBRIS #966
1 32166U 20001A   26236.50000000  .00001000  00000+0  10000-4 0  9990
2 32166  96.5158 313.3739 0310338 272.1467 241.2947 13.37508061000014
FENGYUN 1C DEBRIS #967
1 32167U 20001A   26236.50000000  .00001000  00000+0  10000-4 0  9991
2 32167  95.7155 275.5932 0305491 250.9649 198.0112 14.20714098000012
FENGYUN 1C DEBRIS #968
1 32168U 20001A   26236.50000000  .00001000  00000+0  10000-4 0  9992
2 32168  95.8408 212.2807 0141125   2.5749 252.6567 13.99857405000014
FENGYUN 1C DEBRIS #969
1 32169U 20001A   26236.50000000  .00001000  00000+0  10000-4 0  9993
2 32169  99.0895 132.5226 0541175  76.6002 193.0428 12.99403003000017
FENGYUN 1C DEBRIS #970
1 32170U 20001A   26236.50000000  .00001000  00000+0  10000-4 0  9995
2 32170 101.0912 267.9314 0183221 183.9167  57.5508 13.93503053000016
FENGYUN 1C DEBRIS #971
1 32171U 20001A   26236.50000000  .00001000  00000+0  10000-4 0  9996
2 32171  96.8095 218.7427 0214001  93.7231  42.9004 13.38493940000011
FENGYUN 1C DEBRIS #972
1 32172U 20001A   26236.50000000  .00001000  00000+0  10000-4 0  9997
2 32172  97.3123  10.3743 0369953 184.2498 146.0487 14.16338068000012
FENGYUN 1C DEBRIS #973
1 32173U 20001A   26236.50000000  .00001000  00000+0  10000-4 0  9998
2 32173  96.7090  14.9976 0486688 314.7244  72.0513 14.38275218000010
FENGYUN 1C DEBRIS #974
1 32174U 20001A   26236.50000000  .00001000  00000+0  10000-4 0  9999
2 32174  99.0212 269.0183 0503099 319.1948 294.4297 14.21809520000012
FENGYUN 1C DEBRIS #975
1 32175U 20001A   26236.50000000  .00001000  00000+0  10000-4 0  9990
2 32175  97.7656  19.5723 0383148 318.3770  90.8397 13.96043182000017
FENGYUN 1C DEBRIS #976
1 32176U 20001A   26236.50000000  .00001000  00000+0  10000-4 0  9991
2 32176  98.6666 111.5646 0145525 120.2155 179.8534 13.03420595000014
FENGYUN 1C DEBRIS #977
1 32177U 20001A   26236.50000000  .00001000  00000+0  10000-4 0  9992
2 32177  99.9197 259.1889 0285572 271.3891 331.4948 13.53781054000018
FENGYUN 1C DEBRIS #978
1 32178U 20001A   26236.50000000  .00001000  00000+0  10000-4 0  9993
2 32178  98.4811 214.8265 0481101 337.6171  27.9627 14.20085835000015
FENGYUN 1C DEBRIS #979
1 32179U 20001A   26236.50000000  .00001000  00000+0  10000-4 0  9994
2 32179  96.2436   0.0975 0038095   4.0363  98.7233 12.72006730000017
FENGYUN 1C DEBRIS #980
1 32180U 20001A   26236.50000000  .00001000  00000+0  10000-4 0  9996
2 32180  95.6001 160.2218 0442673  35.0038 132.4979 14.90690015000013
FENGYUN 1C DEBRIS #981
1 32181U 20001A   26236.50000000  .00001000  00000+0  10000-4 0  9997
2 32181  99.4746 349.5385 0450270 100.7923 235.3054 13.49477032000016
FENGYUN 1C DEBRIS #982
1 32182U 20001A   26236.50000000  .00001000  00000+0  10000-4 0  9998
2 32182  97.3848  12.5974 0089644 164.4940 335.6084 12.94041140000010
FENGYUN 1C DEBRIS #983
1 32183U 20001A   26236.50000000  .00001000  00000+0  10000-4 0  9999
2 32183 101.4997 329.2438 0089788 342.8730 285.3945 14.12810348000017
FENGYUN 1C DEBRIS #984
1 32184U 20001A   26236.50000000  .00001000  00000+0  10000-4 0  9990
2 32184 100.8817 335.5355 0121257 260.9313 163.8880 12.87020824000015
FENGYUN 1C DEBRIS #985
1 32185U 20001A   26236.50000000  .00001000  00000+0  10000-4 0  9991
2 32185 100.9186 250.1707 0178418 202.7630  22.7822 12.65414147000016
FENGYUN 1C DEBRIS #986
1 32186U 20001A   26236.50000000  .00001000  00000+0  10000-4 0  9992
2 32186  99.7508  77.5712 0250572  13.3780 155.6955 13.50582005000018
FENGYUN 1C DEBRIS #987
1 32187U 20001A   26236.50000000  .00001000  00000+0  10000-4 0  9993
2 32187  98.3942  63.0082 0027696 236.3796 345.3944 14.75377947000010
FENGYUN 1C DEBRIS #988
1 32188U 20001A   26236.50000000  .00001000  00000+0  10000-4 0  9994
2 32188 100.8583 255.5646 0436945  96.2224 241.6473 13.08647672000010
FENGYUN 1C DEBRIS #989
1 32189U 20001A   26236.50000000  .00001000  00000+0  10000-4 0  9995
2 32189 101.3791  67.7051 0420011 358.5015  15.8843 14.54484943000014
FENGYUN 1C DEBRIS #990
1 32190U 20001A   26236.50000000  .00001000  00000+0  10000-4 0  9997
2 32190  98.9793 308.5194 0344187 285.1070 257.6050 14.28707264000019
FENGYUN 1C DEBRIS #991
1 32191U 20001A   26236.50000000  .00001000  00000+0  10000-4 0  9998
2 32191 100.0552 103.1462 0071281 295.4571 196.0527 13.48151317000015
FENGYUN 1C DEBRIS #992
1 32192U 20001A   26236.50000000  .00001000  00000+0  10000-4 0  9999
2 32192  97.8396 324.6555 0441195 115.4560 230.1531 13.89784084000015
FENGYUN 1C DEBRIS #993
1 32193U 20001A   26236.50000000  .00001000  00000+0  10000-4 0  9990
2 32193  98.0420 208.8762 0235823 276.2328  53.1479 14.96043070000013
FENGYUN 1C DEBRIS #994
1 32194U 20001A   26236.50000000  .00001000  00000+0  10000-4 0  9991
2 32194  99.6359 320.1945 0411912 346.0991  31.1204 13.57878187000013
FENGYUN 1C DEBRIS #995
1 32195U 20001A   26236.50000000  .00001000  00000+0  10000-4 0  9992
2 32195  97.1192  49.5509 0556337 162.2767 194.1162 14.14911394000015
FENGYUN 1C DEBRIS #996
1 32196U 20001A   26236.50000000  .00001000  00000+0  10000-4 0  9993
2 32196  99.6820 320.3067 0219203 353.7771  52.2182 14.80391684000013
FENGYUN 1C DEBRIS #997
1 32197U 20001A   26236.50000000  .00001000  00000+0  10000-4 0  9994
2 32197  97.6499 227.7711 0451980 206.5293 351.8035 14.64263486000019
FENGYUN 1C DEBRIS #998
1 32198U 20001A   26236.50000000  .00001000  00000+0  10000-4 0  9995
2 32198 100.3537 296.8868 0249883 317.0603 356.5814 14.57626409000012
FENGYUN 1C DEBRIS #999
1 32199U 20001A   26236.50000000  .00001000  00000+0  10000-4 0  9996
2 32199  98.8640 187.0448 0353769 198.1615 339.2243 13.21132119000018
FENGYUN 1C DEBRIS #1000
1 32200U 20001A   26236.50000000  .00001000  00000+0  10000-4 0  9999
2 32200 100.0383 246.2438 0476880 117.1754 301.1288 13.77403198000019
FENGYUN 1C DEBRIS #1001
1 32201U 20001A   26236.50000000  .00001000  00000+0  10000-4 0  9990
2 32201  97.8399 337.2941 0323410  78.8657 126.4084 14.56646616000019
FENGYUN 1C DEBRIS #1002
1 32202U 20001A   26236.50000000  .00001000  00000+0  10000-4 0  9991
2 32202  98.0480 270.5636 0081727 163.3155 300.3657 14.13712643000015
FENGYUN 1C DEBRIS #1003
1 32203U 20001A   26236.50000000  .00001000  00000+0  10000-4 0  9992
2 32203 100.9714  67.7992 0020345 181.6240  38.8083 14.50462559000012
FENGYUN 1C DEBRIS #1004
1 32204U 20001A   26236.50000000  .00001000  00000+0  10000-4 0  9993
2 32204  96.4661  25.9944 0571064 146.2032 297.0835 13.18040004000015
FENGYUN 1C DEBRIS #1005
1 32205U 20001A   26236.50000000  .00001000  00000+0  10000-4 0  9994
2 32205  98.8518  34.7714 0492406  11.1951  43.5872 12.65641347000011
FENGYUN 1C DEBRIS #1006
1 32206U 20001A   26236.50000000  .00001000  00000+0  10000-4 0  9995
2 32206  96.7143 279.3844 0061374 342.3646 151.8903 13.20824136000019
FENGYUN 1C DEBRIS #1007
1 32207U 20001A   26236.50000000  .00001000  00000+0  10000-4 0  9996
2 32207  97.7451 145.0803 0424734 139.5890  75.0414 13.32051715000019
FENGYUN 1C DEBRIS #1008
1 32208U 20001A   26236.50000000  .00001000  00000+0  10000-4 0  9997
2 32208  98.1711 212.2887 0297494  15.0750 176.8800 14.07552762000017
FENGYUN 1C DEBRIS #1009
1 32209U 20001A   26236.50000000  .00001000  00000+0  10000-4 0  9998
2 32209  95.7891 115.0675 0038003 310.0230 138.1519 14.28151561000018
FENGYUN 1C DEBRIS #1010
1 32210U 20001A   26236.50000000  .00001000  00000+0  10000-4 0  9990
2 32210  98.8341  35.2825 0419382 126.3798 349.6904 14.08855614000019
FENGYUN 1C DEBRIS #1011
1 32211U 20001A   26236.50000000  .00001000  00000+0  10000-4 0  9991
2 32211  98.5419   9.8381 0042429 326.1151 170.9538 13.76987616000014
FENGYUN 1C DEBRIS #1012
1 32212U 20001A   26236.50000000  .00001000  00000+0  10000-4 0  9992
2 32212  98.8624  29.8673 0440081 332.0319 163.6870 14.31746038000011
FENGYUN 1C DEBRIS #1013
1 32213U 20001A   26236.50000000  .00001000  00000+0  10000-4 0  9993
2 32213 100.0943  86.8963 0590720 111.5329 279.7790 12.68242116000010
FENGYUN 1C DEBRIS #1014
1 32214U 20001A   26236.50000000  .00001000  00000+0  10000-4 0  9994
2 32214 100.7279  77.9599 0258152  46.2183 310.5780 12.62470548000017
FENGYUN 1C DEBRIS #1015
1 32215U 20001A   26236.50000000  .00001000  00000+0  10000-4 0  9995
2 32215 100.2850 336.7937 0277769 166.7448 250.9672 13.80497427000010
FENGYUN 1C DEBRIS #1016
1 32216U 20001A   26236.50000000  .00001000  00000+0  10000-4 0  9996
2 32216  97.9291 332.9930 0399147 210.8380 251.3580 12.71691571000012
FENGYUN 1C DEBRIS #1017
1 32217U 20001A   26236.50000000  .00001000  00000+0  10000-4 0  9997
2 32217  98.5466 324.8142 0190165 104.5032 119.3096 12.99059084000013
FENGYUN 1C DEBRIS #1018
1 32218U 20001A   26236.50000000  .00001000  00000+0  10000-4 0  9998
2 32218  96.2580  55.7266 0505677 175.0491   2.0493 13.07789539000017
FENGYUN 1C DEBRIS #1019
1 32219U 20001A   26236.50000000  .00001000  00000+0  10000-4 0  9999
2 32219 100.2544 290.4490 0545137  15.7949  65.7640 14.45391041000014
FENGYUN 1C DEBRIS #1020
1 32220U 20001A   26236.50000000  .00001000  00000+0  10000-4 0  9991
2 32220  97.6404 245.8919 0510412 160.0799 252.2808 13.14895806000017
FENGYUN 1C DEBRIS #1021
1 32221U 20001A   26236.50000000  .00001000  00000+0  10000-4 0  9992
2 32221 101.0699  36.5536 0100739 340.8021 202.5975 14.37685534000011
FENGYUN 1C DEBRIS #1022
1 32222U 20001A   26236.50000000  .00001000  00000+0  10000-4 0  9993
2 32222  98.2286 132.0032 0425374 189.0631 249.7724 12.64929025000018
FENGYUN 1C DEBRIS #1023
1 32223U 20001A   26236.50000000  .00001000  00000+0  10000-4 0  9994
2 32223  99.4090  38.2781 0294721 200.6214 152.0119 13.26936529000010
FENGYUN 1C DEBRIS #1024
1 32224U 20001A   26236.50000000  .00001000  00000+0  10000-4 0  9995
2 32224  95.9911  94.5992 0570223 144.4777 330.9388 13.45834221000018
FENGYUN 1C DEBRIS #1025
1 32225U 20001A   26236.50000000  .00001000  00000+0  10000-4 0  9996
2 32225 101.0397 315.1919 0090186 205.3514 239.2707 12.98878877000016
FENGYUN 1C DEBRIS #1026
1 32226U 20001A   26236.50000000  .00001000  00000+0  10000-4 0  9997
2 32226  98.2766 358.7474 0236523  24.0548 284.3993 13.23121604000019
FENGYUN 1C DEBRIS #1027
1 32227U 20001A   26236.50000000  .00001000  00000+0  10000-4 0  9998
2 32227  96.7131 148.7721 0344606  53.0594  47.9573 13.15739590000013
FENGYUN 1C DEBRIS #1028
1 32228U 20001A   26236.50000000  .00001000  00000+0  10000-4 0  9999
2 32228  99.8088   4.0297 0054796  40.5909 239.7280 14.49140902000017
FENGYUN 1C DEBRIS #1029
1 32229U 20001A   26236.50000000  .00001000  00000+0  10000-4 0  9990
2 32229  99.1134   3.1887 0530623 331.4634 309.8108 12.92894830000013
FENGYUN 1C DEBRIS #1030
1 32230U 20001A   26236.50000000  .00001000  00000+0  10000-4 0  9992
2 32230 100.4074  67.9201 0295360  35.6569 139.6287 13.74896245000018
FENGYUN 1C DEBRIS #1031
1 32231U 20001A   26236.50000000  .00001000  00000+0  10000-4 0  9993
2 32231  99.4004 194.9050 0486244  45.7040 183.5524 12.95066975000014
FENGYUN 1C DEBRIS #1032
1 32232U 20001A   26236.50000000  .00001000  00000+0  10000-4 0  9994
2 32232 100.7671  24.4778 0317763 203.8167  88.9444 14.96966812000012
FENGYUN 1C DEBRIS #1033
1 32233U 20001A   26236.50000000  .00001000  00000+0  10000-4 0  9995
2 32233 100.1205 302.3175 0229799  94.4886  21.4823 13.14082092000013
FENGYUN 1C DEBRIS #1034
1 32234U 20001A   26236.50000000  .00001000  00000+0  10000-4 0  9996
2 32234  98.1912 313.4407 0472766 241.7962 335.0808 12.66639657000010
FENGYUN 1C DEBRIS #1035
1 32235U 20001A   26236.50000000  .00001000  00000+0  10000-4 0  9997
2 32235  97.9447 218.3171 0522822  45.8375 221.3625 14.39666042000016
FENGYUN 1C DEBRIS #1036
1 32236U 20001A   26236.50000000  .00001000  00000+0  10000-4 0  9998
2 32236 100.3428 319.9479 0394703  56.6226 215.6324 14.41303240000017
FENGYUN 1C DEBRIS #1037
1 32237U 20001A   26236.50000000  .00001000  00000+0  10000-4 0  9999
2 32237  97.3258 278.3157 0270990  23.8802  30.5434 12.67419363000018
FENGYUN 1C DEBRIS #1038
1 32238U 20001A   26236.50000000  .00001000  00000+0  10000-4 0  9990
2 32238 100.9499  52.4030 0392012 141.5762 167.2226 13.48685071000019
FENGYUN 1C DEBRIS #1039
1 32239U 20001A   26236.50000000  .00001000  00000+0  10000-4 0  9991
2 32239 100.4409 330.1599 0196028 117.7516 110.9311 13.88469829000018
FENGYUN 1C DEBRIS #1040
1 32240U 20001A   26236.50000000  .00001000  00000+0  10000-4 0  9993
2 32240 101.2910 184.1184 0243934 247.8426 250.2898 14.69078173000013
FENGYUN 1C DEBRIS #1041
1 32241U 20001A   26236.50000000  .00001000  00000+0  10000-4 0  9994
2 32241 101.1407 217.8737 0403385 168.9581  32.7556 13.97757147000014
FENGYUN 1C DEBRIS #1042
1 32242U 20001A   26236.50000000  .00001000  00000+0  10000-4 0  9995
2 32242  98.5381 123.2676 0319858  90.5735  96.5562 14.11527810000013
FENGYUN 1C DEBRIS #1043
1 32243U 20001A   26236.50000000  .00001000  00000+0  10000-4 0  9996
2 32243  97.2275 104.0209 0317840 326.0919 326.5983 13.35132392000016
FENGYUN 1C DEBRIS #1044
1 32244U 20001A   26236.50000000  .00001000  00000+0  10000-4 0  9997
2 32244  98.9961 125.4648 0197681 186.3618 148.1541 14.58176451000011
FENGYUN 1C DEBRIS #1045
1 32245U 20001A   26236.50000000  .00001000  00000+0  10000-4 0  9998
2 32245  97.1835 152.5853 0402284 320.5981  50.1400 14.44395373000012
FENGYUN 1C DEBRIS #1046
1 32246U 20001A   26236.50000000  .00001000  00000+0  10000-4 0  9999
2 32246 100.2195 106.2055 0418519 195.3993 115.6113 13.46756865000013
FENGYUN 1C DEBRIS #1047
1 32247U 20001A   26236.50000000  .00001000  00000+0  10000-4 0  9990
2 32247 100.3882 209.4296 0120581 315.4124 229.8943 14.33902248000015
FENGYUN 1C DEBRIS #1048
1 32248U 20001A   26236.50000000  .00001000  00000+0  10000-4 0  9991
2 32248  96.8344 284.3802 0501625 233.0918 178.9040 13.03938680000018
FENGYUN 1C DEBRIS #1049
1 32249U 20001A   26236.50000000  .00001000  00000+0  10000-4 0  9992
2 32249  97.0738 174.3636 0177029 193.4671  52.6824 13.96365453000016
FENGYUN 1C DEBRIS #1050
1 32250U 20001A   26236.50000000  .00001000  00000+0  10000-4 0  9994
2 32250  99.2359  90.9128 0580577 354.1923   1.1761 14.55147487000012
FENGYUN 1C DEBRIS #1051
1 32251U 20001A   26236.50000000  .00001000  00000+0  10000-4 0  9995
2 32251  96.7336 336.2839 0558127 356.7074 210.0901 13.69142536000017
FENGYUN 1C DEBRIS #1052
1 32252U 20001A   26236.50000000  .00001000  00000+0  10000-4 0  9996
2 32252  97.2625 204.2833 0135530 153.9746 353.4108 12.72238330000017
FENGYUN 1C DEBRIS #1053
1 32253U 20001A   26236.50000000  .00001000  00000+0  10000-4 0  9997
2 32253  99.1716 171.4925 0244393  65.1977 130.0806 12.88666746000012
FENGYUN 1C DEBRIS #1054
1 32254U 20001A   26236.50000000  .00001000  00000+0  10000-4 0  9998
2 32254 100.4078  19.6208 0511361 197.4567  96.6291 13.26565445000015
FENGYUN 1C DEBRIS #1055
1 32255U 20001A   26236.50000000  .00001000  00000+0  10000-4 0  9999
2 32255 100.3032 333.2692 0418300 320.8722 203.9642 13.09174258000013
FENGYUN 1C DEBRIS #1056
1 32256U 20001A   26236.50000000  .00001000  00000+0  10000-4 0  9990
2 32256  95.6591 121.5381 0382128 154.7290  82.9758 13.26521713000019
FENGYUN 1C DEBRIS #1057
1 32257U 20001A   26236.50000000  .00001000  00000+0  10000-4 0  9991
2 32257  99.3099 205.4222 0174706 302.6765  54.6130 13.92627791000018
FENGYUN 1C DEBRIS #1058
1 32258U 20001A   26236.50000000  .00001000  00000+0  10000-4 0  9992
2 32258  98.9223 114.0184 0147525 297.0430  73.1308 14.53370474000014
FENGYUN 1C DEBRIS #1059
1 32259U 20001A   26236.50000000  .00001000  00000+0  10000-4 0  9993
2 32259  99.2978 343.6104 0072883 352.3221  97.1025 14.37709466000016
FENGYUN 1C DEBRIS #1060
1 32260U 20001A   26236.50000000  .00001000  00000+0  10000-4 0  9995
2 32260  98.5175  34.4461 0510321 165.4224  59.6313 13.13033637000016
FENGYUN 1C DEBRIS #1061
1 32261U 20001A   26236.50000000  .00001000  00000+0  10000-4 0  9996
2 32261  96.6413  79.3230 0082284 111.0579 208.6695 13.17304978000017
FENGYUN 1C DEBRIS #1062
1 32262U 20001A   26236.50000000  .00001000  00000+0  10000-4 0  9997
2 32262  99.1983 139.2132 0143764  29.5190 256.4730 12.84087987000010
FENGYUN 1C DEBRIS #1063
1 32263U 20001A   26236.50000000  .00001000  00000+0  10000-4 0  9998
2 32263  98.2552 266.0992 0242995 136.8585 194.8553 14.07612701000015
FENGYUN 1C DEBRIS #1064
1 32264U 20001A   26236.50000000  .00001000  00000+0  10000-4 0  9999
2 32264  97.2303 317.4503 0305081 188.6167 115.9488 14.49501062000019
FENGYUN 1C DEBRIS #1065
1 32265U 20001A   26236.50000000  .00001000  00000+0  10000-4 0  9990
2 32265  98.5942 221.6296 0506166 134.2660 253.2443 14.05572945000017
FENGYUN 1C DEBRIS #1066
1 32266U 20001A   26236.50000000  .00001000  00000+0  10000-4 0  9991
2 32266  99.2057 251.6144 0239045  74.5671 113.1162 14.49136788000016
FENGYUN 1C DEBRIS #1067
1 32267U 20001A   26236.50000000  .00001000  00000+0  10000-4 0  9992
2 32267  98.0306  89.5556 0188593 216.1568 169.0967 13.15414915000012
FENGYUN 1C DEBRIS #1068
1 32268U 20001A   26236.50000000  .00001000  00000+0  10000-4 0  9993
2 32268  95.7457 336.6956 0161562 162.8085 288.0362 14.27419419000011
FENGYUN 1C DEBRIS #1069
1 32269U 20001A   26236.50000000  .00001000  00000+0  10000-4 0  9994
2 32269  97.9332 124.2663 0240963 260.7043 327.3077 13.77829793000013
FENGYUN 1C DEBRIS #1070
1 32270U 20001A   26236.50000000  .00001000  00000+0  10000-4 0  9996
2 32270  96.1368  91.7733 0152562 358.9557 172.2711 13.47982741000010
FENGYUN 1C DEBRIS #1071
1 32271U 20001A   26236.50000000  .00001000  00000+0  10000-4 0  9997
2 32271  96.6112 307.3129 0394105 291.6512 304.5249 14.03785253000011
FENGYUN 1C DEBRIS #1072
1 32272U 20001A   26236.50000000  .00001000  00000+0  10000-4 0  9998
2 32272 101.4750 131.2459 0461211 329.7060  33.2556 12.81593400000011
FENGYUN 1C DEBRIS #1073
1 32273U 20001A   26236.50000000  .00001000  00000+0  10000-4 0  9999
2 32273  99.7719  18.0234 0065968 163.1163 105.5350 14.83682422000014
FENGYUN 1C DEBRIS #1074
1 32274U 20001A   26236.50000000  .00001000  00000+0  10000-4 0  9990
2 32274 100.7510 100.2648 0551258 112.1754 187.3829 13.14981280000018
FENGYUN 1C DEBRIS #1075
1 32275U 20001A   26236.50000000  .00001000  00000+0  10000-4 0  9991
2 32275  96.9909  33.2176 0050244 282.3347 343.3820 14.17109259000012
FENGYUN 1C DEBRIS #1076
1 32276U 20001A   26236.50000000  .00001000  00000+0  10000-4 0  9992
2 32276 101.2491  63.3398 0337804 322.1719  85.0483 14.86083865000010
FENGYUN 1C DEBRIS #1077
1 32277U 20001A   26236.50000000  .00001000  00000+0  10000-4 0  9993
2 32277 100.4464  70.3386 0433266  36.5437 294.2243 12.76171705000015
FENGYUN 1C DEBRIS #1078
1 32278U 20001A   26236.50000000  .00001000  00000+0  10000-4 0  9994
2 32278  96.6724  44.6894 0288271 260.3551  54.9787 14.42606468000015
FENGYUN 1C DEBRIS #1079
1 32279U 20001A   26236.50000000  .00001000  00000+0  10000-4 0  9995
2 32279 101.1929  88.4328 0025072 275.8859 184.7685 14.65297759000016
FENGYUN 1C DEBRIS #1080
1 32280U 20001A   26236.50000000  .00001000  00000+0  10000-4 0  9997
2 32280  95.7243 181.6235 0052973  17.4040  56.1274 12.92387785000013
FENGYUN 1C DEBRIS #1081
1 32281U 20001A   26236.50000000  .00001000  00000+0  10000-4 0  9998
2 32281  96.3937 310.2078 0503882 100.5397  88.4840 13.97727481000019
FENGYUN 1C DEBRIS #1082
1 32282U 20001A   26236.50000000  .00001000  00000+0  10000-4 0  9999
2 32282  96.6509  39.5554 0163964 271.6249  24.1467 14.13632669000011
FENGYUN 1C DEBRIS #1083
1 32283U 20001A   26236.50000000  .00001000  00000+0  10000-4 0  9990
2 32283  97.8646   0.2064 0287248 243.9091 142.2061 14.51721133000016
FENGYUN 1C DEBRIS #1084
1 32284U 20001A   26236.50000000  .00001000  00000+0  10000-4 0  9991
2 32284  98.8488 145.4034 0324529 339.5827 127.4168 14.90905176000011
FENGYUN 1C DEBRIS #1085
1 32285U 20001A   26236.50000000  .00001000  00000+0  10000-4 0  9992
2 32285  99.2331 258.6081 0454619 188.4493 146.7642 14.40391503000016
FENGYUN 1C DEBRIS #1086
1 32286U 20001A   26236.50000000  .00001000  00000+0  10000-4 0  9993
2 32286  98.6189 179.9016 0486806 215.9274 132.3005 13.09654323000010
FENGYUN 1C DEBRIS #1087
1 32287U 20001A   26236.50000000  .00001000  00000+0  10000-4 0  9994
2 32287  97.3907 217.5825 0259199 134.5044 113.2363 13.50226613000014
FENGYUN 1C DEBRIS #1088
1 32288U 20001A   26236.50000000  .00001000  00000+0  10000-4 0  9995
2 32288  96.7922   5.7750 0272611  52.9813 311.4710 14.13228882000018
FENGYUN 1C DEBRIS #1089
1 32289U 20001A   26236.50000000  .00001000  00000+0  10000-4 0  9996
2 32289 100.3431 269.7211 0396461  88.0170   5.8961 13.32473313000019
FENGYUN 1C DEBRIS #1090
1 32290U 20001A   26236.50000000  .00001000  00000+0  10000-4 0  9998
2 32290  96.9624 158.0494 0302329 167.4737 317.6580 13.71923772000012
FENGYUN 1C DEBRIS #1091
1 32291U 20001A   26236.50000000  .00001000  00000+0  10000-4 0  9999
2 32291  98.3798 149.6880 0049780 322.9340 332.1888 14.87454103000011
FENGYUN 1C DEBRIS #1092
1 32292U 20001A   26236.50000000  .00001000  00000+0  10000-4 0  9990
2 32292  97.3725  19.1230 0289751 235.2355 156.0176 13.52773644000015
FENGYUN 1C DEBRIS #1093
1 32293U 20001A   26236.50000000  .00001000  00000+0  10000-4 0  9991
2 32293  99.1894 127.7188 0317285 336.2318 312.7065 13.74505944000014
FENGYUN 1C DEBRIS #1094
1 32294U 20001A   26236.50000000  .00001000  00000+0  10000-4 0  9992
2 32294  98.4768 126.8937 0132217  59.7403 357.1558 14.81276469000017
FENGYUN 1C DEBRIS #1095
1 32295U 20001A   26236.50000000  .00001000  00000+0  10000-4 0  9993
2 32295  96.4756 255.9978 0176372  78.7298 187.5928 12.65924042000018
FENGYUN 1C DEBRIS #1096
1 32296U 20001A   26236.50000000  .00001000  00000+0  10000-4 0  9994
2 32296  95.7448 145.2283 0483136 223.8382 102.5738 13.70469833000010
FENGYUN 1C DEBRIS #1097
1 32297U 20001A   26236.50000000  .00001000  00000+0  10000-4 0  9995
2 32297  95.9055 186.1191 0091512 175.5061 274.9103 13.65215483000013
FENGYUN 1C DEBRIS #1098
1 32298U 20001A   26236.50000000  .00001000  00000+0  10000-4 0  9996
2 32298  95.8169 280.5508 0442625  24.2241 348.5266 13.95924138000010
FENGYUN 1C DEBRIS #1099
1 32299U 20001A   26236.50000000  .00001000  00000+0  10000-4 0  9997
2 32299 101.1977 136.0530 0403157 260.1157  96.1581 13.65566750000018
FENGYUN 1C DEBRIS #1100
1 32300U 20001A   26236.50000000  .00001000  00000+0  10000-4 0  9990
2 32300  96.4533 329.3981 0074049 141.9838  15.0810 13.52133489000018
FENGYUN 1C DEBRIS #1101
1 32301U 20001A   26236.50000000  .00001000  00000+0  10000-4 0  9991
2 32301  97.4175 343.2815 0132806 150.3321 297.3320 13.96630771000015
FENGYUN 1C DEBRIS #1102
1 32302U 20001A   26236.50000000  .00001000  00000+0  10000-4 0  9992
2 32302  96.5099 196.9401 0167985   0.2041  23.8422 14.79857102000019
FENGYUN 1C DEBRIS #1103
1 32303U 20001A   26236.50000000  .00001000  00000+0  10000-4 0  9993
2 32303 100.7530  95.5828 0299945 168.5904 353.2310 12.75861378000013
FENGYUN 1C DEBRIS #1104
1 32304U 20001A   26236.50000000  .00001000  00000+0  10000-4 0  9994
2 32304 101.1489 177.6536 0066382 323.7859 222.0474 13.70305507000018
FENGYUN 1C DEBRIS #1105
1 32305U 20001A   26236.50000000  .00001000  00000+0  10000-4 0  9995
2 32305 101.4767 306.2138 0574287 201.0847 320.1013 13.21940007000017
FENGYUN 1C DEBRIS #1106
1 32306U 20001A   26236.50000000  .00001000  00000+0  10000-4 0  9996
2 32306 100.4863 119.0160 0405666 240.3907 300.7291 13.86410197000011
FENGYUN 1C DEBRIS #1107
1 32307U 20001A   26236.50000000  .00001000  00000+0  10000-4 0  9997
2 32307  99.1387 245.7365 0487589  88.3068 293.3755 14.46791067000010
FENGYUN 1C DEBRIS #1108
1 32308U 20001A   26236.50000000  .00001000  00000+0  10000-4 0  9998
2 32308  98.2032  97.9879 0565165 350.1940 356.8726 13.32136548000015
FENGYUN 1C DEBRIS #1109
1 32309U 20001A   26236.50000000  .00001000  00000+0  10000-4 0  9999
2 32309  95.9077 213.0094 0484970 296.6648 199.8051 13.21834147000016
FENGYUN 1C DEBRIS #1110
1 32310U 20001A   26236.50000000  .00001000  00000+0  10000-4 0  9991
2 32310 100.6669  78.8229 0574582  55.1730  35.4950 13.71443419000011
FENGYUN 1C DEBRIS #1111
1 32311U 20001A   26236.50000000  .00001000  00000+0  10000-4 0  9992
2 32311  98.8533 130.6774 0450663 119.2367  29.2065 13.60629967000013
FENGYUN 1C DEBRIS #1112
1 32312U 20001A   26236.50000000  .00001000  00000+0  10000-4 0  9993
2 32312  96.5747 173.2225 0558477 113.0245 320.1503 12.75916943000017
FENGYUN 1C DEBRIS #1113
1 32313U 20001A   26236.50000000  .00001000  00000+0  10000-4 0  9994
2 32313  98.2137 293.4219 0109346  11.0144 337.5338 13.73561794000017
FENGYUN 1C DEBRIS #1114
1 32314U 20001A   26236.50000000  .00001000  00000+0  10000-4 0  9995
2 32314  96.3094  84.8456 0529881 344.9787 211.8324 13.78046586000016
FENGYUN 1C DEBRIS #1115
1 32315U 20001A   26236.50000000  .00001000  00000+0  10000-4 0  9996
2 32315  98.0319 305.8020 0186151  59.3620  57.3091 14.06537454000016
FENGYUN 1C DEBRIS #1116
1 32316U 20001A   26236.50000000  .00001000  00000+0  10000-4 0  9997
2 32316  97.5629 135.6652 0068069 286.6299   3.0564 12.79702767000011
FENGYUN 1C DEBRIS #1117
1 32317U 20001A   26236.50000000  .00001000  00000+0  10000-4 0  9998
2 32317  98.8422 177.3535 0073542 290.9155 233.2691 14.92814451000010
FENGYUN 1C DEBRIS #1118
1 32318U 20001A   26236.50000000  .00001000  00000+0  10000-4 0  9999
2 32318 101.5510   0.7514 0122992 354.1324 132.0361 12.92035992000015
FENGYUN 1C DEBRIS #1119
1 32319U 20001A   26236.50000000  .00001000  00000+0  10000-4 0  9990
2 32319  99.7140 297.6327 0227205  14.5547 321.4367 13.97279341000013
FENGYUN 1C DEBRIS #1120
1 32320U 20001A   26236.50000000  .00001000  00000+0  10000-4 0  9992
2 32320  97.5809  14.0192 0358060 221.1708 295.7147 14.97164320000013
FENGYUN 1C DEBRIS #1121
1 32321U 20001A   26236.50000000  .00001000  00000+0  10000-4 0  9993
2 32321  96.7535  61.1764 0246701  38.7138 213.6133 14.98435470000018
FENGYUN 1C DEBRIS #1122
1 32322U 20001A   26236.50000000  .00001000  00000+0  10000-4 0  9994
2 32322  99.2926 189.3915 0502445  23.3793 218.2204 13.28266765000010
FENGYUN 1C DEBRIS #1123
1 32323U 20001A   26236.50000000  .00001000  00000+0  10000-4 0  9995
2 32323  97.1599 231.6470 0425966 218.3341 248.0515 12.83068846000014
FENGYUN 1C DEBRIS #1124
1 32324U 20001A   26236.50000000  .00001000  00000+0  10000-4 0  9996
2 32324  95.7922 306.7763 0405704 291.6975 129.1507 14.26778105000018
FENGYUN 1C DEBRIS #1125
1 32325U 20001A   26236.50000000  .00001000  00000+0  10000-4 0  9997
2 32325  98.6533 105.7152 0429281 290.5077  84.6450 13.56262567000019
FENGYUN 1C DEBRIS #1126
1 32326U 20001A   26236.50000000  .00001000  00000+0  10000-4 0  9998
2 32326 101.5076 111.3574 0209433  53.5395  55.8789 13.17763507000014
FENGYUN 1C DEBRIS #1127
1 32327U 20001A   26236.50000000  .00001000  00000+0  10000-4 0  9999
2 32327  96.0767 211.5659 0088276 161.6113  53.7577 12.85841879000011
FENGYUN 1C DEBRIS #1128
1 32328U 20001A   26236.50000000  .00001000  00000+0  10000-4 0  9990
2 32328  96.0407 277.3320 0418880 258.7106 156.7205 13.99024873000011
FENGYUN 1C DEBRIS #1129
1 32329U 20001A   26236.50000000  .00001000  00000+0  10000-4 0  9991
2 32329  96.3357 231.9520 0566695 211.5615 337.4770 13.92508857000014
FENGYUN 1C DEBRIS #1130
1 32330U 20001A   26236.50000000  .00001000  00000+0  10000-4 0  9993
2 32330  96.8586 170.3622 0039624  68.9359  23.7799 12.97567430000012
FENGYUN 1C DEBRIS #1131
1 32331U 20001A   26236.50000000  .00001000  00000+0  10000-4 0  9994
2 32331  95.7883 307.1043 0166265 179.1421 236.9986 13.04774998000019
FENGYUN 1C DEBRIS #1132
1 32332U 20001A   26236.50000000  .00001000  00000+0  10000-4 0  9995
2 32332  97.9849 255.2910 0207676 117.6869 348.0110 12.91896781000011
FENGYUN 1C DEBRIS #1133
1 32333U 20001A   26236.50000000  .00001000  00000+0  10000-4 0  9996
2 32333  98.1341 113.3238 0550986 251.9479   2.6779 13.95976497000015
FENGYUN 1C DEBRIS #1134
1 32334U 20001A   26236.50000000  .00001000  00000+0  10000-4 0  9997
2 32334 100.2992 343.5442 0261164 355.8128  53.3404 13.76854609000016
FENGYUN 1C DEBRIS #1135
1 32335U 20001A   26236.50000000  .00001000  00000+0  10000-4 0  9998
2 32335 100.9053  86.4084 0370274 326.6305 259.4824 14.89695027000010
FENGYUN 1C DEBRIS #1136
1 32336U 20001A   26236.50000000  .00001000  00000+0  10000-4 0  9999
2 32336  98.1072 277.5096 0386292 288.0751 134.2886 14.30727652000013
FENGYUN 1C DEBRIS #1137
1 32337U 20001A   26236.50000000  .00001000  00000+0  10000-4 0  9990
2 32337  95.6164 173.8074 0498107  75.9822 119.7065 13.80258454000013
FENGYUN 1C DEBRIS #1138
1 32338U 20001A   26236.50000000  .00001000  00000+0  10000-4 0  9991
2 32338  99.5520 265.1564 0312889 320.2511 357.7072 13.87408584000015
FENGYUN 1C DEBRIS #1139
1 32339U 20001A   26236.50000000  .00001000  00000+0  10000-4 0  9992
2 32339  99.2748 220.4008 0272263 288.1006 163.7829 14.87956066000013
FENGYUN 1C DEBRIS #1140
1 32340U 20001A   26236.50000000  .00001000  00000+0  10000-4 0  9994
2 32340  99.9146 196.9643 0332499  16.0249 119.7379 14.41385659000016
FENGYUN 1C DEBRIS #1141
1 32341U 20001A   26236.50000000  .00001000  00000+0  10000-4 0  9995
2 32341  98.0440 225.7354 0479266 316.1644 334.4574 13.73884216000011
FENGYUN 1C DEBRIS #1142
1 32342U 20001A   26236.50000000  .00001000  00000+0  10000-4 0  9996
2 32342 101.0846 219.1538 0153948 212.7217 161.7377 13.35643092000016
FENGYUN 1C DEBRIS #1143
1 32343U 20001A   26236.50000000  .00001000  00000+0  10000-4 0  9997
2 32343  97.4017 234.7397 0042452 325.5770  91.4911 13.15073502000019
FENGYUN 1C DEBRIS #1144
1 32344U 20001A   26236.50000000  .00001000  00000+0  10000-4 0  9998
2 32344  97.1922 191.0674 0043515 161.7300 142.9129 14.88482061000013
FENGYUN 1C DEBRIS #1145
1 32345U 20001A   26236.50000000  .00001000  00000+0  10000-4 0  9999
2 32345  98.1801 345.1095 0485386 293.1929 196.7565 13.25672329000012
FENGYUN 1C DEBRIS #1146
1 32346U 20001A   26236.50000000  .00001000  00000+0  10000-4 0  9990
2 32346  98.1005 180.6307 0572506 230.4071 110.2335 14.50711133000012
FENGYUN 1C DEBRIS #1147
1 32347U 20001A   26236.50000000  .00001000  00000+0  10000-4 0  9991
2 32347  99.2015  18.4304 0593543 238.0639 103.5206 13.11219493000019
FENGYUN 1C DEBRIS #1148
1 32348U 20001A   26236.50000000  .00001000  00000+0  10000-4 0  9992
2 32348  96.2952  84.5400 0593780 118.2915 196.2228 13.94581131000012
FENGYUN 1C DEBRIS #1149
1 32349U 20001A   26236.50000000  .00001000  00000+0  10000-4 0  9993
2 32349  96.8015 246.6303 0066212 340.7683   7.4487 14.15242315000013
FENGYUN 1C DEBRIS #1150
1 32350U 20001A   26236.50000000  .00001000  00000+0  10000-4 0  9995
2 32350  96.3793 269.7877 0169752 241.8519 149.6072 14.17789720000014
FENGYUN 1C DEBRIS #1151
1 32351U 20001A   26236.50000000  .00001000  00000+0  10000-4 0  9996
2 32351 101.0357  73.4736 0115066 335.4269 111.4173 12.83425034000015
FENGYUN 1C DEBRIS #1152
1 32352U 20001A   26236.50000000  .00001000  00000+0  10000-4 0  9997
2 32352  98.8539 197.5250 0059782 314.3596 307.0909 14.95875265000011
FENGYUN 1C DEBRIS #1153
1 32353U 20001A   26236.50000000  .00001000  00000+0  10000-4 0  9998
2 32353  95.6200  86.2385 0471625 339.9710 347.4517 14.50662365000019
FENGYUN 1C DEBRIS #1154
1 32354U 20001A   26236.50000000  .00001000  00000+0  10000-4 0  9999
2 32354  96.2802 162.4650 0090434 280.6335 167.5070 14.43839950000010
FENGYUN 1C DEBRIS #1155
1 32355U 20001A   26236.50000000  .00001000  00000+0  10000-4 0  9990
2 32355  96.3326 240.4794 0181414 284.0400 127.1665 12.79984344000016
FENGYUN 1C DEBRIS #1156
1 32356U 20001A   26236.50000000  .00001000  00000+0  10000-4 0  9991
2 32356  97.9273  68.1481 0568065 327.9312 223.3231 14.34075658000013
FENGYUN 1C DEBRIS #1157
1 32357U 20001A   26236.50000000  .00001000  00000+0  10000-4 0  9992
2 32357 101.4165 275.9342 0595431 123.1564 187.9512 12.98950112000013
FENGYUN 1C DEBRIS #1158
1 32358U 20001A   26236.50000000  .00001000  00000+0  10000-4 0  9993
2 32358  99.7372  69.9014 0594845 126.4977 122.4651 14.41755446000013
FENGYUN 1C DEBRIS #1159
1 32359U 20001A   26236.50000000  .00001000  00000+0  10000-4 0  9994
2 32359  97.9357 272.4323 0080070 292.2514  76.4496 13.82980740000016
FENGYUN 1C DEBRIS #1160
1 32360U 20001A   26236.50000000  .00001000  00000+0  10000-4 0  9996
2 32360  96.7409 229.4961 0468608  24.0842 357.4880 14.39456242000012
FENGYUN 1C DEBRIS #1161
1 32361U 20001A   26236.50000000  .00001000  00000+0  10000-4 0  9997
2 32361  96.9605 236.5293 0549471 277.5020 139.4192 13.78650042000011
FENGYUN 1C DEBRIS #1162
1 32362U 20001A   26236.50000000  .00001000  00000+0  10000-4 0  9998
2 32362  99.4552  71.6807 0044339   1.3398 127.9517 13.68698261000011
FENGYUN 1C DEBRIS #1163
1 32363U 20001A   26236.50000000  .00001000  00000+0  10000-4 0  9999
2 32363 101.5260 336.2112 0396255 301.5069 349.0501 13.59728084000016
FENGYUN 1C DEBRIS #1164
1 32364U 20001A   26236.50000000  .00001000  00000+0  10000-4 0  9990
2 32364 100.7720  30.6811 0508952 202.1084  41.9378 14.02715638000012
FENGYUN 1C DEBRIS #1165
1 32365U 20001A   26236.50000000  .00001000  00000+0  10000-4 0  9991
2 32365  96.4146 177.9643 0597758 122.6532 224.9808 14.34216883000014
FENGYUN 1C DEBRIS #1166
1 32366U 20001A   26236.50000000  .00001000  00000+0  10000-4 0  9992
2 32366  95.7949 300.6816 0203898 295.9792 105.6425 13.34893963000015
FENGYUN 1C DEBRIS #1167
1 32367U 20001A   26236.50000000  .00001000  00000+0  10000-4 0  9993
2 32367 100.7519  19.7687 0194118  49.2910  92.9813 14.91378720000018
FENGYUN 1C DEBRIS #1168
1 32368U 20001A   26236.50000000  .00001000  00000+0  10000-4 0  9994
2 32368  97.8775  55.0932 0217165  26.7830 191.1464 13.58887160000013
FENGYUN 1C DEBRIS #1169
1 32369U 20001A   26236.50000000  .00001000  00000+0  10000-4 0  9995
2 32369  96.0507 111.0186 0193895 353.2514 117.9914 12.65455737000016
FENGYUN 1C DEBRIS #1170
1 32370U 20001A   26236.50000000  .00001000  00000+0  10000-4 0  9997
2 32370  99.8708 313.0218 0560217 306.5652 130.5116 14.04697538000019
FENGYUN 1C DEBRIS #1171
1 32371U 20001A   26236.50000000  .00001000  00000+0  10000-4 0  9998
2 32371  96.1709  95.1119 0213595  65.7428  76.4318 14.73218013000013
FENGYUN 1C DEBRIS #1172
1 32372U 20001A   26236.50000000  .00001000  00000+0  10000-4 0  9999
2 32372 100.4022  83.3470 0180378 198.0750 194.8703 14.61952126000010
FENGYUN 1C DEBRIS #1173
1 32373U 20001A   26236.50000000  .00001000  00000+0  10000-4 0  9990
2 32373 100.7555 292.1678 0338383 248.5736 106.9943 13.98566851000016
FENGYUN 1C DEBRIS #1174
1 32374U 20001A   26236.50000000  .00001000  00000+0  10000-4 0  9991
2 32374  98.9142 107.1166 0539288  14.6655 330.7818 14.40552463000013
FENGYUN 1C DEBRIS #1175
1 32375U 20001A   26236.50000000  .00001000  00000+0  10000-4 0  9992
2 32375  98.1210 236.8431 0176047  24.7491 341.6342 12.72492832000016
FENGYUN 1C DEBRIS #1176
1 32376U 20001A   26236.50000000  .00001000  00000+0  10000-4 0  9993
2 32376  99.1298  38.4583 0296646 130.0062 195.1072 13.72613548000013
FENGYUN 1C DEBRIS #1177
1 32377U 20001A   26236.50000000  .00001000  00000+0  10000-4 0  9994
2 32377  97.1857 212.7074 0345490  29.5232  60.6167 14.50585708000012
FENGYUN 1C DEBRIS #1178
1 32378U 20001A   26236.50000000  .00001000  00000+0  10000-4 0  9995
2 32378  99.4909 204.8455 0522681   6.0644  78.6304 14.11401330000014
FENGYUN 1C DEBRIS #1179
1 32379U 20001A   26236.50000000  .00001000  00000+0  10000-4 0  9996
2 32379  99.8490  60.9731 0575229 183.4864 356.2729 14.67318071000018
FENGYUN 1C DEBRIS #1180
1 32380U 20001A   26236.50000000  .00001000  00000+0  10000-4 0  9998
2 32380  95.6317 188.2710 0178522 279.4544  67.5180 14.50718643000013
FENGYUN 1C DEBRIS #1181
1 32381U 20001A   26236.50000000  .00001000  00000+0  10000-4 0  9999
2 32381  98.8854  21.3738 0142384  69.2898 190.0012 14.20051749000016
FENGYUN 1C DEBRIS #1182
1 32382U 20001A   26236.50000000  .00001000  00000+0  10000-4 0  9990
2 32382  97.6656 145.6274 0362646 103.5586  89.6510 14.78579097000010
FENGYUN 1C DEBRIS #1183
1 32383U 20001A   26236.50000000  .00001000  00000+0  10000-4 0  9991
2 32383 100.7368  44.8736 0263730 179.1638 352.0137 14.15601027000013
FENGYUN 1C DEBRIS #1184
1 32384U 20001A   26236.50000000  .00001000  00000+0  10000-4 0  9992
2 32384  98.0333  68.8194 0166703  66.3689 230.6954 12.90765849000016
FENGYUN 1C DEBRIS #1185
1 32385U 20001A   26236.50000000  .00001000  00000+0  10000-4 0  9993
2 32385  96.3199 241.5686 0096820 359.3322 268.1569 12.69649487000018
FENGYUN 1C DEBRIS #1186
1 32386U 20001A   26236.50000000  .00001000  00000+0  10000-4 0  9994
2 32386  99.9875 246.2645 0097118 345.3839 206.8469 13.12352561000016
FENGYUN 1C DEBRIS #1187
1 32387U 20001A   26236.50000000  .00001000  00000+0  10000-4 0  9995
2 32387  99.5111 258.2051 0501383  38.5033  74.2800 12.63302381000017
FENGYUN 1C DEBRIS #1188
1 32388U 20001A   26236.50000000  .00001000  00000+0  10000-4 0  9996
2 32388  96.4663 260.7531 0475646 117.0402 148.0057 14.68512274000017
FENGYUN 1C DEBRIS #1189
1 32389U 20001A   26236.50000000  .00001000  00000+0  10000-4 0  9997
2 32389  99.5571 244.9132 0277178 228.6186  74.4413 13.08371746000017
FENGYUN 1C DEBRIS #1190
1 32390U 20001A   26236.50000000  .00001000  00000+0  10000-4 0  9999
2 32390  97.7191 313.1824 0517705 176.3688 341.6915 14.18952853000015
FENGYUN 1C DEBRIS #1191
1 32391U 20001A   26236.50000000  .00001000  00000+0  10000-4 0  9990
2 32391  98.2247  90.7601 0271310 281.3015 300.1284 12.98065224000017
FENGYUN 1C DEBRIS #1192
1 32392U 20001A   26236.50000000  .00001000  00000+0  10000-4 0  9991
2 32392 100.0899 188.7415 0138227 103.3956 102.0406 12.86499957000016
FENGYUN 1C DEBRIS #1193
1 32393U 20001A   26236.50000000  .00001000  00000+0  10000-4 0  9992
2 32393  96.6624 276.8593 0294475  23.5062 163.5945 14.43032000000015
FENGYUN 1C DEBRIS #1194
1 32394U 20001A   26236.50000000  .00001000  00000+0  10000-4 0  9993
2 32394  97.4192  80.7537 0136535 302.2085 346.8629 14.67323474000018
FENGYUN 1C DEBRIS #1195
1 32395U 20001A   26236.50000000  .00001000  00000+0  10000-4 0  9994
2 32395  97.2178 172.9261 0274114 281.1628 232.2793 12.92036816000010
FENGYUN 1C DEBRIS #1196
1 32396U 20001A   26236.50000000  .00001000  00000+0  10000-4 0  9995
2 32396  97.9075 355.1375 0340013  52.0892  96.3633 14.14053240000013
FENGYUN 1C DEBRIS #1197
1 32397U 20001A   26236.50000000  .00001000  00000+0  10000-4 0  9996
2 32397  97.8250  91.7320 0077324 185.9330 111.6782 14.66880578000011
FENGYUN 1C DEBRIS #1198
1 32398U 20001A   26236.50000000  .00001000  00000+0  10000-4 0  9997
2 32398  98.0223  22.6684 0575149 323.5592  90.7556 12.85708597000014
FENGYUN 1C DEBRIS #1199
1 32399U 20001A   26236.50000000  .00001000  00000+0  10000-4 0  9998
2 32399  97.0658 344.7644 0560195 206.7889 332.7950 14.65404038000016
FENGYUN 1C DEBRIS #1200
1 32400U 20001A   26236.50000000  .00001000  00000+0  10000-4 0  9991
2 32400 101.1310 225.9070 0586922 345.1037 117.8556 12.60809001000019
IRIDIUM 33 DEBRIS #1
1 34301U 20001A   26236.50000000  .00001000  00000+0  10000-4 0  9993
2 34301  87.1586 199.3941 0203103  69.6309  39.0478 13.60204473000018
IRIDIUM 33 DEBRIS #2
1 34302U 20001A   26236.50000000  .00001000  00000+0  10000-4 0  9994
2 34302  85.6254 275.0984 0095397 211.0292 226.3849 14.72643047000012
IRIDIUM 33 DEBRIS #3
1 34303U 20001A   26236.50000000  .00001000  00000+0  10000-4 0  9995
2 34303  87.0793 345.8354 0202173 136.7717 224.8629 14.09964251000013
IRIDIUM 33 DEBRIS #4
1 34304U 20001A   26236.50000000  .00001000  00000+0  10000-4 0  9996
2 34304  87.9610 116.8974 0301650 273.2135 191.6950 14.09963291000017
IRIDIUM 33 DEBRIS #5
1 34305U 20001A   26236.50000000  .00001000  00000+0  10000-4 0  9997
2 34305  86.3726 155.0963 0201227  37.1493 322.5331 14.56562101000010
IRIDIUM 33 DEBRIS #6
1 34306U 20001A   26236.50000000  .00001000  00000+0  10000-4 0  9998
2 34306  85.3252 311.9586 0079686 358.5442  26.1374 14.17730382000013
IRIDIUM 33 DEBRIS #7
1 34307U 20001A   26236.50000000  .00001000  00000+0  10000-4 0  9999
2 34307  87.1238 351.3338 0160035 265.6888  78.6494 13.79000974000011
IRIDIUM 33 DEBRIS #8
1 34308U 20001A   26236.50000000  .00001000  00000+0  10000-4 0  9990
2 34308  84.7874  92.3244 0322189 356.8736 231.4869 14.17279345000012
IRIDIUM 33 DEBRIS #9
1 34309U 20001A   26236.50000000  .00001000  00000+0  10000-4 0  9991
2 34309  87.9592 321.5170 0041784 220.2387  33.6637 14.89299403000016
IRIDIUM 33 DEBRIS #10
1 34310U 20001A   26236.50000000  .00001000  00000+0  10000-4 0  9993
2 34310  85.4013 215.3964 0263782  86.8356 171.3645 14.91358040000011
IRIDIUM 33 DEBRIS #11
1 34311U 20001A   26236.50000000  .00001000  00000+0  10000-4 0  9994
2 34311  85.5083  60.1336 0267490 333.4422 176.2378 14.62013043000010
IRIDIUM 33 DEBRIS #12
1 34312U 20001A   26236.50000000  .00001000  00000+0  10000-4 0  9995
2 34312  88.3690 286.4600 0311739 181.3322  82.5585 13.74013096000017
IRIDIUM 33 DEBRIS #13
1 34313U 20001A   26236.50000000  .00001000  00000+0  10000-4 0  9996
2 34313  86.7027   0.0334 0246768 271.1979 200.2633 14.90851676000019
IRIDIUM 33 DEBRIS #14
1 34314U 20001A   26236.50000000  .00001000  00000+0  10000-4 0  9997
2 34314  85.0572 266.0043 0343439 240.2275  69.3161 14.40038591000015
IRIDIUM 33 DEBRIS #15
1 34315U 20001A   26236.50000000  .00001000  00000+0  10000-4 0  9998
2 34315  87.6893  84.3190 0025369 297.8199  71.1521 13.85114819000013
IRIDIUM 33 DEBRIS #16
1 34316U 20001A   26236.50000000  .00001000  00000+0  10000-4 0  9999
2 34316  85.5800  22.0591 0162818  11.3367 261.2678 14.46610470000017
IRIDIUM 33 DEBRIS #17
1 34317U 20001A   26236.50000000  .00001000  00000+0  10000-4 0  9990
2 34317  87.2962 131.9913 0267240 300.5087 155.4561 14.66552965000012
IRIDIUM 33 DEBRIS #18
1 34318U 20001A   26236.50000000  .00001000  00000+0  10000-4 0  9991
2 34318  87.1517 300.1031 0064083  61.6951  12.6466 14.12932060000011
IRIDIUM 33 DEBRIS #19
1 34319U 20001A   26236.50000000  .00001000  00000+0  10000-4 0  9992
2 34319  85.1004 303.4468 0152921  56.7124  26.3567 13.71875823000018
IRIDIUM 33 DEBRIS #20
1 34320U 20001A   26236.50000000  .00001000  00000+0  10000-4 0  9994
2 34320  86.0602 156.4626 0247893 256.9309 256.9400 13.83266485000016
IRIDIUM 33 DEBRIS #21
1 34321U 20001A   26236.50000000  .00001000  00000+0  10000-4 0  9995
2 34321  87.9353 191.1117 0316310 346.2808 210.8234 14.42835608000018
IRIDIUM 33 DEBRIS #22
1 34322U 20001A   26236.50000000  .00001000  00000+0  10000-4 0  9996
2 34322  85.7202 163.0999 0291783 237.7860  77.6115 14.43197743000011
IRIDIUM 33 DEBRIS #23
1 34323U 20001A   26236.50000000  .00001000  00000+0  10000-4 0  9997
2 34323  86.1962  61.9686 0294474 113.6629 218.2613 14.22310611000018
IRIDIUM 33 DEBRIS #24
1 34324U 20001A   26236.50000000  .00001000  00000+0  10000-4 0  9998
2 34324  88.1049 287.3888 0294112 106.3923 278.1209 13.87477751000015
IRIDIUM 33 DEBRIS #25
1 34325U 20001A   26236.50000000  .00001000  00000+0  10000-4 0  9999
2 34325  86.2595  32.7689 0207676  45.6404  19.3652 14.71524252000010
IRIDIUM 33 DEBRIS #26
1 34326U 20001A   26236.50000000  .00001000  00000+0  10000-4 0  9990
2 34326  87.3480 192.0754 0301439 142.0585 233.8759 14.38409079000016
IRIDIUM 33 DEBRIS #27
1 34327U 20001A   26236.50000000  .00001000  00000+0  10000-4 0  9991
2 34327  87.2498 294.0136 0027962 315.2877 287.6194 13.85170963000014
IRIDIUM 33 DEBRIS #28
1 34328U 20001A   26236.50000000  .00001000  00000+0  10000-4 0  9992
2 34328  85.3619  18.2729 0301823  26.7023 194.0410 14.36113872000016
IRIDIUM 33 DEBRIS #29
1 34329U 20001A   26236.50000000  .00001000  00000+0  10000-4 0  9993
2 34329  84.7343 189.0273 0041802 197.6067 298.1196 13.96559627000013
IRIDIUM 33 DEBRIS #30
1 34330U 20001A   26236.50000000  .00001000  00000+0  10000-4 0  9995
2 34330  84.5761 176.5830 0294886 284.4101 251.5592 13.79559740000013
IRIDIUM 33 DEBRIS #31
1 34331U 20001A   26236.50000000  .00001000  00000+0  10000-4 0  9996
2 34331  84.7575  53.2160 0160398 228.1876  28.8565 14.19097137000017
IRIDIUM 33 DEBRIS #32
1 34332U 20001A   26236.50000000  .00001000  00000+0  10000-4 0  9997
2 34332  87.4406 165.9237 0241655 121.5653  11.9182 14.98985264000014
IRIDIUM 33 DEBRIS #33
1 34333U 20001A   26236.50000000  .00001000  00000+0  10000-4 0  9998
2 34333  84.4461   9.8359 0236059 291.4551  10.9251 13.63389010000014
IRIDIUM 33 DEBRIS #34
1 34334U 20001A   26236.50000000  .00001000  00000+0  10000-4 0  9999
2 34334  85.6900 272.7211 0284710  29.7477  68.5519 14.42017675000019
IRIDIUM 33 DEBRIS #35
1 34335U 20001A   26236.50000000  .00001000  00000+0  10000-4 0  9990
2 34335  88.2124  35.3738 0276440 133.7542 283.4877 14.35464387000017
IRIDIUM 33 DEBRIS #36
1 34336U 20001A   26236.50000000  .00001000  00000+0  10000-4 0  9991
2 34336  87.3939 217.7535 0254536 112.6238 241.9843 14.98376407000019
IRIDIUM 33 DEBRIS #37
1 34337U 20001A   26236.50000000  .00001000  00000+0  10000-4 0  9992
2 34337  87.5788 181.4472 0108553  57.3388 196.4791 14.00899310000011
IRIDIUM 33 DEBRIS #38
1 34338U 20001A   26236.50000000  .00001000  00000+0  10000-4 0  9993
2 34338  84.9918 240.5317 0193604 188.0000 276.4754 14.00205732000014
IRIDIUM 33 DEBRIS #39
1 34339U 20001A   26236.50000000  .00001000  00000+0  10000-4 0  9994
2 34339  85.0023 296.7685 0108252  15.2855 136.6003 14.47031695000019
IRIDIUM 33 DEBRIS #40
1 34340U 20001A   26236.50000000  .00001000  00000+0  10000-4 0  9996
2 34340  84.5615 156.4884 0018925   1.0064  94.0627 14.43889631000013
IRIDIUM 33 DEBRIS #41
1 34341U 20001A   26236.50000000  .00001000  00000+0  10000-4 0  9997
2 34341  85.3825 124.3268 0126106 185.7207 190.8127 14.10605344000017
IRIDIUM 33 DEBRIS #42
1 34342U 20001A   26236.50000000  .00001000  00000+0  10000-4 0  9998
2 34342  86.0207 202.6805 0090172  96.9873  82.0241 13.80898228000012
IRIDIUM 33 DEBRIS #43
1 34343U 20001A   26236.50000000  .00001000  00000+0  10000-4 0  9999
2 34343  85.6866 238.0766 0134511 282.6504 135.1172 14.75020950000016
IRIDIUM 33 DEBRIS #44
1 34344U 20001A   26236.50000000  .00001000  00000+0  10000-4 0  9990
2 34344  84.5675 257.1437 0222505  74.8499 147.6660 13.67425141000016
IRIDIUM 33 DEBRIS #45
1 34345U 20001A   26236.50000000  .00001000  00000+0  10000-4 0  9991
2 34345  87.8241 200.9745 0220150   6.1180 224.7833 14.70113251000019
IRIDIUM 33 DEBRIS #46
1 34346U 20001A   26236.50000000  .00001000  00000+0  10000-4 0  9992
2 34346  86.9450 337.8949 0324378  23.2252  96.4118 13.85867300000011
IRIDIUM 33 DEBRIS #47
1 34347U 20001A   26236.50000000  .00001000  00000+0  10000-4 0  9993
2 34347  84.5879  44.0678 0143170  44.7352 200.0856 14.76885750000017
IRIDIUM 33 DEBRIS #48
1 34348U 20001A   26236.50000000  .00001000  00000+0  10000-4 0  9994
2 34348  86.5172   1.7898 0222696 308.5005  63.8802 13.96212628000012
IRIDIUM 33 DEBRIS #49
1 34349U 20001A   26236.50000000  .00001000  00000+0  10000-4 0  9995
2 34349  88.1938 179.4410 0326505 136.1117 274.9870 14.32192869000012
IRIDIUM 33 DEBRIS #50
1 34350U 20001A   26236.50000000  .00001000  00000+0  10000-4 0  9997
2 34350  86.5133  23.0997 0101051  23.5910 250.7920 13.81680531000013
IRIDIUM 33 DEBRIS #51
1 34351U 20001A   26236.50000000  .00001000  00000+0  10000-4 0  9998
2 34351  86.8763 106.2544 0068096 241.0183 262.9986 14.39998860000016
IRIDIUM 33 DEBRIS #52
1 34352U 20001A   26236.50000000  .00001000  00000+0  10000-4 0  9999
2 34352  86.0306  57.0934 0092523 258.1168 132.5723 14.18771960000010
IRIDIUM 33 DEBRIS #53
1 34353U 20001A   26236.50000000  .00001000  00000+0  10000-4 0  9990
2 34353  87.3009 190.1956 0082717 280.1861  29.5806 14.03341905000010
IRIDIUM 33 DEBRIS #54
1 34354U 20001A   26236.50000000  .00001000  00000+0  10000-4 0  9991
2 34354  87.8938 295.9333 0109152 140.3571 127.6834 14.97509175000017
IRIDIUM 33 DEBRIS #55
1 34355U 20001A   26236.50000000  .00001000  00000+0  10000-4 0  9992
2 34355  87.4012 272.7569 0304532 145.1805  82.4685 13.65924687000018
IRIDIUM 33 DEBRIS #56
1 34356U 20001A   26236.50000000  .00001000  00000+0  10000-4 0  9993
2 34356  87.1030 122.3751 0242282 345.3186 328.1159 14.01136634000012
IRIDIUM 33 DEBRIS #57
1 34357U 20001A   26236.50000000  .00001000  00000+0  10000-4 0  9994
2 34357  84.4931  30.4585 0138272 100.7236 104.6163 14.17566828000010
IRIDIUM 33 DEBRIS #58
1 34358U 20001A   26236.50000000  .00001000  00000+0  10000-4 0  9995
2 34358  86.7028 293.2999 0181773 277.9333 263.0808 14.88527201000016
IRIDIUM 33 DEBRIS #59
1 34359U 20001A   26236.50000000  .00001000  00000+0  10000-4 0  9996
2 34359  85.8735 200.1925 0180329 353.6280 119.3584 13.84983648000017
IRIDIUM 33 DEBRIS #60
1 34360U 20001A   26236.50000000  .00001000  00000+0  10000-4 0  9998
2 34360  88.2899 167.6458 0292796 247.7726  13.5148 13.68614211000015
IRIDIUM 33 DEBRIS #61
1 34361U 20001A   26236.50000000  .00001000  00000+0  10000-4 0  9999
2 34361  87.1473  20.7084 0300008 329.9349  75.2174 13.93434395000011
IRIDIUM 33 DEBRIS #62
1 34362U 20001A   26236.50000000  .00001000  00000+0  10000-4 0  9990
2 34362  87.4602 127.8228 0291698 113.4266 255.1961 13.96080393000017
IRIDIUM 33 DEBRIS #63
1 34363U 20001A   26236.50000000  .00001000  00000+0  10000-4 0  9991
2 34363  85.9789  79.8764 0058081  34.0470 215.9479 13.74304593000015
IRIDIUM 33 DEBRIS #64
1 34364U 20001A   26236.50000000  .00001000  00000+0  10000-4 0  9992
2 34364  86.5048 259.6506 0277706 218.3243  71.5028 14.36212908000018
IRIDIUM 33 DEBRIS #65
1 34365U 20001A   26236.50000000  .00001000  00000+0  10000-4 0  9993
2 34365  86.7733 227.1145 0077316 145.7980 116.2873 13.90349516000017
IRIDIUM 33 DEBRIS #66
1 34366U 20001A   26236.50000000  .00001000  00000+0  10000-4 0  9994
2 34366  85.3029 317.6578 0300636 344.2358 330.5269 14.61270514000015
IRIDIUM 33 DEBRIS #67
1 34367U 20001A   26236.50000000  .00001000  00000+0  10000-4 0  9995
2 34367  86.8475 181.7591 0267855 140.1626 166.2167 14.05841749000011
IRIDIUM 33 DEBRIS #68
1 34368U 20001A   26236.50000000  .00001000  00000+0  10000-4 0  9996
2 34368  86.4027 146.5911 0197866 321.0566   3.8419 14.80962222000012
IRIDIUM 33 DEBRIS #69
1 34369U 20001A   26236.50000000  .00001000  00000+0  10000-4 0  9997
2 34369  85.1393 295.3256 0349069  38.4285 280.3079 13.64115751000013
IRIDIUM 33 DEBRIS #70
1 34370U 20001A   26236.50000000  .00001000  00000+0  10000-4 0  9999
2 34370  84.8481  46.0465 0213046  87.9789 135.8248 14.89405707000018
IRIDIUM 33 DEBRIS #71
1 34371U 20001A   26236.50000000  .00001000  00000+0  10000-4 0  9990
2 34371  86.2891 253.0219 0099721 352.4406  43.0923 13.99710886000012
IRIDIUM 33 DEBRIS #72
1 34372U 20001A   26236.50000000  .00001000  00000+0  10000-4 0  9991
2 34372  87.2991 149.5839 0011045  76.9326 132.4457 14.46948135000012
IRIDIUM 33 DEBRIS #73
1 34373U 20001A   26236.50000000  .00001000  00000+0  10000-4 0  9992
2 34373  87.5683  48.2135 0029701  25.5286  44.3425 14.03571900000012
IRIDIUM 33 DEBRIS #74
1 34374U 20001A   26236.50000000  .00001000  00000+0  10000-4 0  9993
2 34374  86.5038 277.8723 0107524  81.3039 142.9208 14.35492106000014
IRIDIUM 33 DEBRIS #75
1 34375U 20001A   26236.50000000  .00001000  00000+0  10000-4 0  9994
2 34375  86.3094 301.7035 0209429 146.6204  61.4162 14.65912966000012
IRIDIUM 33 DEBRIS #76
1 34376U 20001A   26236.50000000  .00001000  00000+0  10000-4 0  9995
2 34376  87.2918 338.9760 0216233  26.4606 162.4651 14.30819362000010
IRIDIUM 33 DEBRIS #77
1 34377U 20001A   26236.50000000  .00001000  00000+0  10000-4 0  9996
2 34377  85.7408 150.5768 0041356 250.3501 308.6198 14.90728903000014
IRIDIUM 33 DEBRIS #78
1 34378U 20001A   26236.50000000  .00001000  00000+0  10000-4 0  9997
2 34378  85.5758 187.0849 0148464 298.6499 226.9721 14.64600344000018
IRIDIUM 33 DEBRIS #79
1 34379U 20001A   26236.50000000  .00001000  00000+0  10000-4 0  9998
2 34379  87.5121 121.4971 0177407 156.7336 284.6635 14.15369517000011
IRIDIUM 33 DEBRIS #80
1 34380U 20001A   26236.50000000  .00001000  00000+0  10000-4 0  9990
2 34380  84.5854 249.7271 0049614 280.9104   6.4688 13.78030103000013
IRIDIUM 33 DEBRIS #81
1 34381U 20001A   26236.50000000  .00001000  00000+0  10000-4 0  9991
2 34381  84.5686  69.4579 0346687  73.1456 140.6123 14.32835919000011
IRIDIUM 33 DEBRIS #82
1 34382U 20001A   26236.50000000  .00001000  00000+0  10000-4 0  9992
2 34382  87.9382  31.8167 0306219  55.4371 164.0264 13.63817733000017
IRIDIUM 33 DEBRIS #83
1 34383U 20001A   26236.50000000  .00001000  00000+0  10000-4 0  9993
2 34383  85.6815 268.2581 0043981  78.6975 323.0977 13.84571142000013
IRIDIUM 33 DEBRIS #84
1 34384U 20001A   26236.50000000  .00001000  00000+0  10000-4 0  9994
2 34384  85.8232 294.2632 0183085 205.9349 174.7390 13.85676546000010
IRIDIUM 33 DEBRIS #85
1 34385U 20001A   26236.50000000  .00001000  00000+0  10000-4 0  9995
2 34385  87.7897 152.8105 0200866 223.6243 354.2112 14.86338501000015
IRIDIUM 33 DEBRIS #86
1 34386U 20001A   26236.50000000  .00001000  00000+0  10000-4 0  9996
2 34386  87.7256 104.5443 0337463 109.4422 199.6311 13.76216000000017
IRIDIUM 33 DEBRIS #87
1 34387U 20001A   26236.50000000  .00001000  00000+0  10000-4 0  9997
2 34387  87.5752 354.6529 0275282  85.4732 310.6201 14.07965299000016
IRIDIUM 33 DEBRIS #88
1 34388U 20001A   26236.50000000  .00001000  00000+0  10000-4 0  9998
2 34388  88.0509 265.1969 0189726  76.3059 232.2488 14.17044015000016
IRIDIUM 33 DEBRIS #89
1 34389U 20001A   26236.50000000  .00001000  00000+0  10000-4 0  9999
2 34389  86.8580  44.6894 0044841 248.7988   6.4995 14.11878795000011
IRIDIUM 33 DEBRIS #90
1 34390U 20001A   26236.50000000  .00001000  00000+0  10000-4 0  9991
2 34390  87.6890 182.6638 0347684  23.3424 104.1659 14.41318108000011
IRIDIUM 33 DEBRIS #91
1 34391U 20001A   26236.50000000  .00001000  00000+0  10000-4 0  9992
2 34391  86.6963 336.5862 0252981  91.8878 290.6369 14.23435111000012
IRIDIUM 33 DEBRIS #92
1 34392U 20001A   26236.50000000  .00001000  00000+0  10000-4 0  9993
2 34392  86.0114 215.2261 0204747 151.4657 224.8142 14.91962733000014
IRIDIUM 33 DEBRIS #93
1 34393U 20001A   26236.50000000  .00001000  00000+0  10000-4 0  9994
2 34393  87.6323 313.0488 0233302 231.0298 273.4181 14.76239506000018
IRIDIUM 33 DEBRIS #94
1 34394U 20001A   26236.50000000  .00001000  00000+0  10000-4 0  9995
2 34394  87.3841 243.3271 0268768  32.2757 187.9965 14.79588303000015
IRIDIUM 33 DEBRIS #95
1 34395U 20001A   26236.50000000  .00001000  00000+0  10000-4 0  9996
2 34395  84.9807 282.0711 0206955 204.7540  52.8955 14.49148781000014
IRIDIUM 33 DEBRIS #96
1 34396U 20001A   26236.50000000  .00001000  00000+0  10000-4 0  9997
2 34396  86.6614 105.9867 0272581 205.0134 285.2275 14.84227377000011
IRIDIUM 33 DEBRIS #97
1 34397U 20001A   26236.50000000  .00001000  00000+0  10000-4 0  9998
2 34397  87.8273 343.1839 0312783 302.1071 290.5479 13.75169682000017
IRIDIUM 33 DEBRIS #98
1 34398U 20001A   26236.50000000  .00001000  00000+0  10000-4 0  9999
2 34398  85.2921 280.9901 0273931 203.0094 345.8261 14.20182443000017
IRIDIUM 33 DEBRIS #99
1 34399U 20001A   26236.50000000  .00001000  00000+0  10000-4 0  9990
2 34399  84.6191 223.9984 0017806  55.8003 230.4862 14.38107196000015
IRIDIUM 33 DEBRIS #100
1 34400U 20001A   26236.50000000  .00001000  00000+0  10000-4 0  9993
2 34400  86.2287 150.3733 0313146  62.6093  77.7265 14.49871034000018
IRIDIUM 33 DEBRIS #101
1 34401U 20001A   26236.50000000  .00001000  00000+0  10000-4 0  9994
2 34401  86.6466 358.0891 0087557 117.2801 238.5156 14.44942350000013
IRIDIUM 33 DEBRIS #102
1 34402U 20001A   26236.50000000  .00001000  00000+0  10000-4 0  9995
2 34402  88.0314 234.0683 0315497 236.6133 202.0152 14.32829193000013
IRIDIUM 33 DEBRIS #103
1 34403U 20001A   26236.50000000  .00001000  00000+0  10000-4 0  9996
2 34403  84.4700 294.7583 0106798 124.0858 146.6900 13.60430113000015
IRIDIUM 33 DEBRIS #104
1 34404U 20001A   26236.50000000  .00001000  00000+0  10000-4 0  9997
2 34404  87.0543 353.3753 0316764 156.2934  10.7784 14.39277497000011
IRIDIUM 33 DEBRIS #105
1 34405U 20001A   26236.50000000  .00001000  00000+0  10000-4 0  9998
2 34405  87.6183 282.2674 0148118 196.0202  52.7804 14.66834738000012
IRIDIUM 33 DEBRIS #106
1 34406U 20001A   26236.50000000  .00001000  00000+0  10000-4 0  9999
2 34406  87.0437  33.6591 0197208 124.0983 226.9270 14.40207859000018
IRIDIUM 33 DEBRIS #107
1 34407U 20001A   26236.50000000  .00001000  00000+0  10000-4 0  9990
2 34407  88.0938  77.9876 0201009  35.3710 299.0211 14.73223899000014
IRIDIUM 33 DEBRIS #108
1 34408U 20001A   26236.50000000  .00001000  00000+0  10000-4 0  9991
2 34408  87.9291 275.9368 0284459 121.2669 332.5774 14.03917256000016
IRIDIUM 33 DEBRIS #109
1 34409U 20001A   26236.50000000  .00001000  00000+0  10000-4 0  9992
2 34409  84.8807 303.5908 0274254  53.6227 211.5400 14.15813869000014
IRIDIUM 33 DEBRIS #110
1 34410U 20001A   26236.50000000  .00001000  00000+0  10000-4 0  9994
2 34410  87.4926 305.9149 0102446 307.6693 299.7108 14.85859146000010
IRIDIUM 33 DEBRIS #111
1 34411U 20001A   26236.50000000  .00001000  00000+0  10000-4 0  9995
2 34411  85.0570 270.8398 0010332 185.0035 216.1413 14.53480287000019
IRIDIUM 33 DEBRIS #112
1 34412U 20001A   26236.50000000  .00001000  00000+0  10000-4 0  9996
2 34412  88.0294 140.1431 0349470 352.6742 139.3875 13.76349752000011
IRIDIUM 33 DEBRIS #113
1 34413U 20001A   26236.50000000  .00001000  00000+0  10000-4 0  9997
2 34413  85.2082  29.2371 0075733 296.4818 296.3969 14.45664581000018
IRIDIUM 33 DEBRIS #114
1 34414U 20001A   26236.50000000  .00001000  00000+0  10000-4 0  9998
2 34414  84.5019 340.3237 0137565 233.3827  28.8376 13.67838075000015
IRIDIUM 33 DEBRIS #115
1 34415U 20001A   26236.50000000  .00001000  00000+0  10000-4 0  9999
2 34415  86.9194  26.3386 0260828 146.8048  63.7881 13.67605295000019
IRIDIUM 33 DEBRIS #116
1 34416U 20001A   26236.50000000  .00001000  00000+0  10000-4 0  9990
2 34416  86.9181  70.5238 0208037 148.0086  51.7133 14.22063907000010
IRIDIUM 33 DEBRIS #117
1 34417U 20001A   26236.50000000  .00001000  00000+0  10000-4 0  9991
2 34417  87.3199  79.3839 0105132 178.2968 159.3702 13.62354507000014
IRIDIUM 33 DEBRIS #118
1 34418U 20001A   26236.50000000  .00001000  00000+0  10000-4 0  9992
2 34418  85.5260  58.4324 0252867  50.3030 145.1589 14.22863512000013
IRIDIUM 33 DEBRIS #119
1 34419U 20001A   26236.50000000  .00001000  00000+0  10000-4 0  9993
2 34419  87.8521 241.7016 0212746 199.9672  33.1450 14.08237068000016
IRIDIUM 33 DEBRIS #120
1 34420U 20001A   26236.50000000  .00001000  00000+0  10000-4 0  9995
2 34420  87.8898 260.9957 0290842 332.3124 353.5137 14.89196046000010
IRIDIUM 33 DEBRIS #121
1 34421U 20001A   26236.50000000  .00001000  00000+0  10000-4 0  9996
2 34421  86.6617 335.6947 0032709   8.1846 337.1668 14.68883583000014
IRIDIUM 33 DEBRIS #122
1 34422U 20001A   26236.50000000  .00001000  00000+0  10000-4 0  9997
2 34422  87.0985  94.6077 0339900 163.3919  32.1073 13.87781495000013
IRIDIUM 33 DEBRIS #123
1 34423U 20001A   26236.50000000  .00001000  00000+0  10000-4 0  9998
2 34423  84.9307 335.2992 0131678  72.9427 329.6950 14.90285546000018
IRIDIUM 33 DEBRIS #124
1 34424U 20001A   26236.50000000  .00001000  00000+0  10000-4 0  9999
2 34424  86.0052 168.1894 0325236  73.7701 358.5999 14.24995705000018
IRIDIUM 33 DEBRIS #125
1 34425U 20001A   26236.50000000  .00001000  00000+0  10000-4 0  9990
2 34425  88.0306 244.0918 0036722 136.7386  78.7936 13.82873594000018
IRIDIUM 33 DEBRIS #126
1 34426U 20001A   26236.50000000  .00001000  00000+0  10000-4 0  9991
2 34426  86.0876 297.0603 0343045 168.3820 196.6006 14.04485831000017
IRIDIUM 33 DEBRIS #127
1 34427U 20001A   26236.50000000  .00001000  00000+0  10000-4 0  9992
2 34427  88.3057 135.3532 0074731 320.9042 196.2680 14.22648509000011
IRIDIUM 33 DEBRIS #128
1 34428U 20001A   26236.50000000  .00001000  00000+0  10000-4 0  9993
2 34428  85.6284 213.3198 0256835 208.3703  17.2028 13.83617101000017
IRIDIUM 33 DEBRIS #129
1 34429U 20001A   26236.50000000  .00001000  00000+0  10000-4 0  9994
2 34429  87.8565 105.8459 0024620 155.2175 102.5138 14.74444585000012
IRIDIUM 33 DEBRIS #130
1 34430U 20001A   26236.50000000  .00001000  00000+0  10000-4 0  9996
2 34430  84.6116 162.6259 0241896 143.4094 192.3055 14.76480059000018
IRIDIUM 33 DEBRIS #131
1 34431U 20001A   26236.50000000  .00001000  00000+0  10000-4 0  9997
2 34431  88.1107 325.8154 0261911 184.8207 329.4614 14.29952163000012
IRIDIUM 33 DEBRIS #132
1 34432U 20001A   26236.50000000  .00001000  00000+0  10000-4 0  9998
2 34432  84.7007 300.2248 0227281 321.9358 212.0375 14.82945408000012
IRIDIUM 33 DEBRIS #133
1 34433U 20001A   26236.50000000  .00001000  00000+0  10000-4 0  9999
2 34433  87.7093  36.8417 0075751 350.5242  61.7831 14.32719429000017
IRIDIUM 33 DEBRIS #134
1 34434U 20001A   26236.50000000  .00001000  00000+0  10000-4 0  9990
2 34434  86.5845 264.4373 0177043 218.3379  84.1912 14.62371994000012
IRIDIUM 33 DEBRIS #135
1 34435U 20001A   26236.50000000  .00001000  00000+0  10000-4 0  9991
2 34435  86.1041 297.4801 0307409 315.5915 305.3074 14.35510386000013
IRIDIUM 33 DEBRIS #136
1 34436U 20001A   26236.50000000  .00001000  00000+0  10000-4 0  9992
2 34436  85.1089 245.3514 0118270  82.4070 270.0976 13.64081974000012
IRIDIUM 33 DEBRIS #137
1 34437U 20001A   26236.50000000  .00001000  00000+0  10000-4 0  9993
2 34437  88.2391   8.2507 0277106 258.9059 154.3281 14.42405623000013
IRIDIUM 33 DEBRIS #138
1 34438U 20001A   26236.50000000  .00001000  00000+0  10000-4 0  9994
2 34438  87.1230 358.0084 0164215 144.9574 337.7500 14.58015616000019
IRIDIUM 33 DEBRIS #139
1 34439U 20001A   26236.50000000  .00001000  00000+0  10000-4 0  9995
2 34439  85.3438 145.8305 0275161 285.2654 131.4311 13.80516184000018
IRIDIUM 33 DEBRIS #140
1 34440U 20001A   26236.50000000  .00001000  00000+0  10000-4 0  9997
2 34440  84.4090 194.6234 0038679  64.9616 226.5030 14.77695292000017
IRIDIUM 33 DEBRIS #141
1 34441U 20001A   26236.50000000  .00001000  00000+0  10000-4 0  9998
2 34441  85.7116  57.3182 0347331 237.4399   5.3396 14.55024597000019
IRIDIUM 33 DEBRIS #142
1 34442U 20001A   26236.50000000  .00001000  00000+0  10000-4 0  9999
2 34442  85.7402 355.9944 0328599 145.7765  54.1226 14.56144649000010
IRIDIUM 33 DEBRIS #143
1 34443U 20001A   26236.50000000  .00001000  00000+0  10000-4 0  9990
2 34443  84.6914 234.4686 0328602 205.4226 117.8613 13.70185459000018
IRIDIUM 33 DEBRIS #144
1 34444U 20001A   26236.50000000  .00001000  00000+0  10000-4 0  9991
2 34444  85.9917 164.4213 0212018 212.6278 278.1255 13.65520874000015
IRIDIUM 33 DEBRIS #145
1 34445U 20001A   26236.50000000  .00001000  00000+0  10000-4 0  9992
2 34445  85.4741 154.7860 0217046 196.8214   5.8199 14.00432573000015
IRIDIUM 33 DEBRIS #146
1 34446U 20001A   26236.50000000  .00001000  00000+0  10000-4 0  9993
2 34446  85.0333 321.1836 0022847  12.2080 217.8600 14.06323429000014
IRIDIUM 33 DEBRIS #147
1 34447U 20001A   26236.50000000  .00001000  00000+0  10000-4 0  9994
2 34447  87.3185 238.4329 0194375 215.3602 248.9063 14.96501307000014
IRIDIUM 33 DEBRIS #148
1 34448U 20001A   26236.50000000  .00001000  00000+0  10000-4 0  9995
2 34448  86.4294 105.0723 0054195 121.5795 264.7529 14.83548764000016
IRIDIUM 33 DEBRIS #149
1 34449U 20001A   26236.50000000  .00001000  00000+0  10000-4 0  9996
2 34449  86.4488 226.6258 0230072 162.6709 196.4493 13.99699231000019
IRIDIUM 33 DEBRIS #150
1 34450U 20001A   26236.50000000  .00001000  00000+0  10000-4 0  9998
2 34450  86.2315 291.6934 0320392 158.9060 128.4976 14.57339251000013
IRIDIUM 33 DEBRIS #151
1 34451U 20001A   26236.50000000  .00001000  00000+0  10000-4 0  9999
2 34451  85.1162 322.2706 0146562  70.5559 276.8786 14.14669466000011
IRIDIUM 33 DEBRIS #152
1 34452U 20001A   26236.50000000  .00001000  00000+0  10000-4 0  9990
2 34452  87.0269   9.4384 0219298 280.8893 346.8685 13.98486006000015
IRIDIUM 33 DEBRIS #153
1 34453U 20001A   26236.50000000  .00001000  00000+0  10000-4 0  9991
2 34453  84.6539 226.0148 0340941 191.5910 138.4108 14.29285756000011
IRIDIUM 33 DEBRIS #154
1 34454U 20001A   26236.50000000  .00001000  00000+0  10000-4 0  9992
2 34454  84.9997 224.5108 0321208 258.6743  55.4095 14.30812769000011
IRIDIUM 33 DEBRIS #155
1 34455U 20001A   26236.50000000  .00001000  00000+0  10000-4 0  9993
2 34455  87.7364 115.2419 0206113 269.9152 284.5901 14.29147003000019
IRIDIUM 33 DEBRIS #156
1 34456U 20001A   26236.50000000  .00001000  00000+0  10000-4 0  9994
2 34456  86.5286 245.3626 0010222 245.6419 285.2659 14.50096924000013
IRIDIUM 33 DEBRIS #157
1 34457U 20001A   26236.50000000  .00001000  00000+0  10000-4 0  9995
2 34457  85.8747 250.3806 0310226 312.4035 272.0042 14.52899816000011
IRIDIUM 33 DEBRIS #158
1 34458U 20001A   26236.50000000  .00001000  00000+0  10000-4 0  9996
2 34458  85.9606 261.9679 0122838  13.7937 242.2840 14.23928963000014
IRIDIUM 33 DEBRIS #159
1 34459U 20001A   26236.50000000  .00001000  00000+0  10000-4 0  9997
2 34459  85.0717 323.9160 0069808 306.8934  96.5961 14.64506191000017
IRIDIUM 33 DEBRIS #160
1 34460U 20001A   26236.50000000  .00001000  00000+0  10000-4 0  9999
2 34460  85.1302 188.4906 0166633  50.5275 297.5286 14.15169381000012
IRIDIUM 33 DEBRIS #161
1 34461U 20001A   26236.50000000  .00001000  00000+0  10000-4 0  9990
2 34461  86.8455  66.8480 0093852 246.0692 266.1698 14.93229580000016
IRIDIUM 33 DEBRIS #162
1 34462U 20001A   26236.50000000  .00001000  00000+0  10000-4 0  9991
2 34462  87.7870 284.2326 0292304 338.6179 196.6256 13.91107601000017
IRIDIUM 33 DEBRIS #163
1 34463U 20001A   26236.50000000  .00001000  00000+0  10000-4 0  9992
2 34463  88.0061 206.1340 0045054  93.8622 246.4089 14.16686148000018
IRIDIUM 33 DEBRIS #164
1 34464U 20001A   26236.50000000  .00001000  00000+0  10000-4 0  9993
2 34464  88.0640  67.1766 0268909 335.5780  64.0435 14.61138918000012
IRIDIUM 33 DEBRIS #165
1 34465U 20001A   26236.50000000  .00001000  00000+0  10000-4 0  9994
2 34465  88.1801 140.0676 0339333 340.5833  79.7948 13.84060006000017
IRIDIUM 33 DEBRIS #166
1 34466U 20001A   26236.50000000  .00001000  00000+0  10000-4 0  9995
2 34466  87.1784 123.5970 0216698  36.7995 309.7621 14.56101247000018
IRIDIUM 33 DEBRIS #167
1 34467U 20001A   26236.50000000  .00001000  00000+0  10000-4 0  9996
2 34467  88.1583  38.2358 0251609   9.2373 232.4955 14.11692400000014
IRIDIUM 33 DEBRIS #168
1 34468U 20001A   26236.50000000  .00001000  00000+0  10000-4 0  9997
2 34468  86.4757 344.2532 0332856   5.6277 115.3589 14.38215886000010
IRIDIUM 33 DEBRIS #169
1 34469U 20001A   26236.50000000  .00001000  00000+0  10000-4 0  9998
2 34469  86.3511 244.8371 0290453  69.8974 226.1260 13.91388939000011
IRIDIUM 33 DEBRIS #170
1 34470U 20001A   26236.50000000  .00001000  00000+0  10000-4 0  9990
2 34470  84.8799 243.1536 0184185 333.4747  40.7509 14.40775041000016
IRIDIUM 33 DEBRIS #171
1 34471U 20001A   26236.50000000  .00001000  00000+0  10000-4 0  9991
2 34471  86.3249 174.3297 0025942 253.6870 209.5117 14.33015963000010
IRIDIUM 33 DEBRIS #172
1 34472U 20001A   26236.50000000  .00001000  00000+0  10000-4 0  9992
2 34472  85.4765  13.5686 0295111 110.7290 117.0886 13.89426021000013
IRIDIUM 33 DEBRIS #173
1 34473U 20001A   26236.50000000  .00001000  00000+0  10000-4 0  9993
2 34473  86.2147 117.6364 0121440 262.4157 131.7996 13.75011111000016
IRIDIUM 33 DEBRIS #174
1 34474U 20001A   26236.50000000  .00001000  00000+0  10000-4 0  9994
2 34474  87.9444 294.3140 0171790 188.8289  85.7336 14.78422558000011
IRIDIUM 33 DEBRIS #175
1 34475U 20001A   26236.50000000  .00001000  00000+0  10000-4 0  9995
2 34475  86.1050 306.5614 0025569  95.6716 304.7778 14.94372030000011
IRIDIUM 33 DEBRIS #176
1 34476U 20001A   26236.50000000  .00001000  00000+0  10000-4 0  9996
2 34476  87.1885 231.5923 0047095 285.2835  12.6692 14.93054151000016
IRIDIUM 33 DEBRIS #177
1 34477U 20001A   26236.50000000  .00001000  00000+0  10000-4 0  9997
2 34477  85.8154 164.3879 0219344  43.9249 213.0245 14.92716521000016
IRIDIUM 33 DEBRIS #178
1 34478U 20001A   26236.50000000  .00001000  00000+0  10000-4 0  9998
2 34478  86.2916  21.6512 0259050 172.0850  97.8055 13.78428816000014
IRIDIUM 33 DEBRIS #179
1 34479U 20001A   26236.50000000  .00001000  00000+0  10000-4 0  9999
2 34479  84.9191 304.0928 0189106 125.3939  58.6042 14.79903475000019
IRIDIUM 33 DEBRIS #180
1 34480U 20001A   26236.50000000  .00001000  00000+0  10000-4 0  9991
2 34480  84.9474 119.1216 0285093 154.1346  21.0129 14.73314844000014
IRIDIUM 33 DEBRIS #181
1 34481U 20001A   26236.50000000  .00001000  00000+0  10000-4 0  9992
2 34481  85.6978 278.2532 0182189 161.9207 159.1925 14.70921383000010
IRIDIUM 33 DEBRIS #182
1 34482U 20001A   26236.50000000  .00001000  00000+0  10000-4 0  9993
2 34482  85.5946  60.3323 0177522 121.4227 266.6887 14.07304673000019
IRIDIUM 33 DEBRIS #183
1 34483U 20001A   26236.50000000  .00001000  00000+0  10000-4 0  9994
2 34483  87.0773 194.8858 0125442 347.2327 286.7769 14.42364971000012
IRIDIUM 33 DEBRIS #184
1 34484U 20001A   26236.50000000  .00001000  00000+0  10000-4 0  9995
2 34484  85.6693 256.5634 0218640  46.4029 344.8818 13.84888516000018
IRIDIUM 33 DEBRIS #185
1 34485U 20001A   26236.50000000  .00001000  00000+0  10000-4 0  9996
2 34485  88.0419 348.3484 0286222 119.6261  49.0051 14.19935019000010
IRIDIUM 33 DEBRIS #186
1 34486U 20001A   26236.50000000  .00001000  00000+0  10000-4 0  9997
2 34486  87.8041 317.6964 0024577 134.1013  82.6464 14.72227009000014
IRIDIUM 33 DEBRIS #187
1 34487U 20001A   26236.50000000  .00001000  00000+0  10000-4 0  9998
2 34487  86.9894  83.5522 0335876 315.8538 317.9103 13.78357906000016
IRIDIUM 33 DEBRIS #188
1 34488U 20001A   26236.50000000  .00001000  00000+0  10000-4 0  9999
2 34488  87.7083 287.7524 0305284   2.0051 122.3747 13.69693961000017
IRIDIUM 33 DEBRIS #189
1 34489U 20001A   26236.50000000  .00001000  00000+0  10000-4 0  9990
2 34489  84.5352  73.4729 0225221  65.5737  36.1330 14.37776447000013
IRIDIUM 33 DEBRIS #190
1 34490U 20001A   26236.50000000  .00001000  00000+0  10000-4 0  9992
2 34490  85.6130 306.4040 0188429 211.1161 358.2362 14.13629458000010
IRIDIUM 33 DEBRIS #191
1 34491U 20001A   26236.50000000  .00001000  00000+0  10000-4 0  9993
2 34491  86.3625 179.8504 0299116  79.9508 161.6416 14.98664827000014
IRIDIUM 33 DEBRIS #192
1 34492U 20001A   26236.50000000  .00001000  00000+0  10000-4 0  9994
2 34492  86.9493 158.7830 0332815  53.8937   2.2915 14.50040383000010
IRIDIUM 33 DEBRIS #193
1 34493U 20001A   26236.50000000  .00001000  00000+0  10000-4 0  9995
2 34493  85.8652 185.5130 0261174 132.7804  75.2943 13.83479253000014
IRIDIUM 33 DEBRIS #194
1 34494U 20001A   26236.50000000  .00001000  00000+0  10000-4 0  9996
2 34494  88.2348 189.2980 0283830 195.6113 293.8882 13.84202348000012
IRIDIUM 33 DEBRIS #195
1 34495U 20001A   26236.50000000  .00001000  00000+0  10000-4 0  9997
2 34495  87.3482  68.5525 0031391  51.5565 302.8201 13.88025353000019
IRIDIUM 33 DEBRIS #196
1 34496U 20001A   26236.50000000  .00001000  00000+0  10000-4 0  9998
2 34496  84.4283 109.7530 0041485   2.9213  32.3464 14.12801886000013
IRIDIUM 33 DEBRIS #197
1 34497U 20001A   26236.50000000  .00001000  00000+0  10000-4 0  9999
2 34497  85.3790  94.4605 0064451 166.7470   8.7211 14.60456241000013
IRIDIUM 33 DEBRIS #198
1 34498U 20001A   26236.50000000  .00001000  00000+0  10000-4 0  9990
2 34498  85.0602 169.7979 0186351 164.1699 283.2923 13.72192865000013
IRIDIUM 33 DEBRIS #199
1 34499U 20001A   26236.50000000  .00001000  00000+0  10000-4 0  9991
2 34499  87.9994 172.8286 0119088 130.7475 225.9844 14.64555723000012
IRIDIUM 33 DEBRIS #200
1 34500U 20001A   26236.50000000  .00001000  00000+0  10000-4 0  9994
2 34500  86.3353 136.4075 0303330 117.1563 222.7001 14.91899282000012
IRIDIUM 33 DEBRIS #201
1 34501U 20001A   26236.50000000  .00001000  00000+0  10000-4 0  9995
2 34501  86.4437 279.1865 0237726 323.8745 199.3679 14.23500259000010
IRIDIUM 33 DEBRIS #202
1 34502U 20001A   26236.50000000  .00001000  00000+0  10000-4 0  9996
2 34502  87.3182 141.2984 0196787 158.2331  43.5347 13.85431351000016
IRIDIUM 33 DEBRIS #203
1 34503U 20001A   26236.50000000  .00001000  00000+0  10000-4 0  9997
2 34503  86.2751  22.7959 0243744 283.3962 262.1892 13.87764967000016
IRIDIUM 33 DEBRIS #204
1 34504U 20001A   26236.50000000  .00001000  00000+0  10000-4 0  9998
2 34504  88.1032 235.9426 0338650 333.3914 117.2961 14.93936740000016
IRIDIUM 33 DEBRIS #205
1 34505U 20001A   26236.50000000  .00001000  00000+0  10000-4 0  9999
2 34505  85.0902 207.5933 0202737 266.7580 317.3611 14.46073288000013
IRIDIUM 33 DEBRIS #206
1 34506U 20001A   26236.50000000  .00001000  00000+0  10000-4 0  9990
2 34506  88.2214 263.8098 0281797 210.6636 230.5287 14.52014594000012
IRIDIUM 33 DEBRIS #207
1 34507U 20001A   26236.50000000  .00001000  00000+0  10000-4 0  9991
2 34507  85.3451 198.2372 0090394 235.1951 252.8893 13.83318936000013
IRIDIUM 33 DEBRIS #208
1 34508U 20001A   26236.50000000  .00001000  00000+0  10000-4 0  9992
2 34508  85.3781 207.9379 0314137 200.1399 110.9021 13.88446111000016
IRIDIUM 33 DEBRIS #209
1 34509U 20001A   26236.50000000  .00001000  00000+0  10000-4 0  9993
2 34509  86.0715 176.0772 0229166 317.7023  78.7918 14.63196091000010
IRIDIUM 33 DEBRIS #210
1 34510U 20001A   26236.50000000  .00001000  00000+0  10000-4 0  9995
2 34510  87.6330 104.3434 0330245  93.9737  91.4026 14.39946120000018
IRIDIUM 33 DEBRIS #211
1 34511U 20001A   26236.50000000  .00001000  00000+0  10000-4 0  9996
2 34511  87.6431 278.9751 0217812  64.9658 160.8576 14.61504168000013
IRIDIUM 33 DEBRIS #212
1 34512U 20001A   26236.50000000  .00001000  00000+0  10000-4 0  9997
2 34512  87.6995 309.8211 0159190  62.7590  25.1577 13.86151261000011
IRIDIUM 33 DEBRIS #213
1 34513U 20001A   26236.50000000  .00001000  00000+0  10000-4 0  9998
2 34513  84.6218  88.7362 0316364 189.7200 179.1723 14.25591542000010
IRIDIUM 33 DEBRIS #214
1 34514U 20001A   26236.50000000  .00001000  00000+0  10000-4 0  9999
2 34514  84.8501 176.5179 0314430 208.6483 200.9924 14.05762748000018
IRIDIUM 33 DEBRIS #215
1 34515U 20001A   26236.50000000  .00001000  00000+0  10000-4 0  9990
2 34515  88.0599  87.4898 0060741 270.9896  35.4803 14.73724907000010
IRIDIUM 33 DEBRIS #216
1 34516U 20001A   26236.50000000  .00001000  00000+0  10000-4 0  9991
2 34516  87.5729 142.9674 0278799 197.2726  62.3759 14.80816943000015
IRIDIUM 33 DEBRIS #217
1 34517U 20001A   26236.50000000  .00001000  00000+0  10000-4 0  9992
2 34517  87.9335  95.5122 0198431 338.3017 318.5372 14.44921195000012
IRIDIUM 33 DEBRIS #218
1 34518U 20001A   26236.50000000  .00001000  00000+0  10000-4 0  9993
2 34518  86.4745 182.1295 0203433  75.8109 266.3932 14.08903809000014
IRIDIUM 33 DEBRIS #219
1 34519U 20001A   26236.50000000  .00001000  00000+0  10000-4 0  9994
2 34519  87.2198 133.9894 0184873 229.4738 141.9645 13.85851869000017
IRIDIUM 33 DEBRIS #220
1 34520U 20001A   26236.50000000  .00001000  00000+0  10000-4 0  9996
2 34520  84.6435 301.6276 0265206 276.6847  72.7183 14.99656395000018
IRIDIUM 33 DEBRIS #221
1 34521U 20001A   26236.50000000  .00001000  00000+0  10000-4 0  9997
2 34521  85.5125 108.7573 0323665 293.2822 307.8668 14.50356958000012
IRIDIUM 33 DEBRIS #222
1 34522U 20001A   26236.50000000  .00001000  00000+0  10000-4 0  9998
2 34522  86.6954  39.4131 0032578  58.6817  75.6185 14.76925771000019
IRIDIUM 33 DEBRIS #223
1 34523U 20001A   26236.50000000  .00001000  00000+0  10000-4 0  9999
2 34523  87.3118 323.4743 0304981  53.7175 207.7878 13.63197681000011
IRIDIUM 33 DEBRIS #224
1 34524U 20001A   26236.50000000  .00001000  00000+0  10000-4 0  9990
2 34524  87.5169 262.7161 0209539   8.6508 109.0046 14.08754657000014
IRIDIUM 33 DEBRIS #225
1 34525U 20001A   26236.50000000  .00001000  00000+0  10000-4 0  9991
2 34525  86.3119 235.3517 0259873 220.3489  70.6797 13.86999179000016
IRIDIUM 33 DEBRIS #226
1 34526U 20001A   26236.50000000  .00001000  00000+0  10000-4 0  9992
2 34526  84.4196 149.6104 0169832 213.6546  33.4545 13.89458395000015
IRIDIUM 33 DEBRIS #227
1 34527U 20001A   26236.50000000  .00001000  00000+0  10000-4 0  9993
2 34527  88.2697  52.2663 0026461  54.6435  74.6084 13.81130441000019
IRIDIUM 33 DEBRIS #228
1 34528U 20001A   26236.50000000  .00001000  00000+0  10000-4 0  9994
2 34528  84.8723 247.2429 0248136 167.9590 237.6658 14.24448266000016
IRIDIUM 33 DEBRIS #229
1 34529U 20001A   26236.50000000  .00001000  00000+0  10000-4 0  9995
2 34529  84.6140 218.1014 0263647  40.5755 144.9707 13.72493122000016
IRIDIUM 33 DEBRIS #230
1 34530U 20001A   26236.50000000  .00001000  00000+0  10000-4 0  9997
2 34530  84.9180  65.0545 0051125 160.7368 260.2798 14.61033896000013
IRIDIUM 33 DEBRIS #231
1 34531U 20001A   26236.50000000  .00001000  00000+0  10000-4 0  9998
2 34531  87.0469 333.1910 0268383  71.2625 224.2706 14.90536338000011
IRIDIUM 33 DEBRIS #232
1 34532U 20001A   26236.50000000  .00001000  00000+0  10000-4 0  9999
2 34532  87.3187  13.3283 0204440 121.4327 193.0134 14.20402797000015
IRIDIUM 33 DEBRIS #233
1 34533U 20001A   26236.50000000  .00001000  00000+0  10000-4 0  9990
2 34533  87.0413 163.9236 0308136 279.5936  37.3066 14.73576291000016
IRIDIUM 33 DEBRIS #234
1 34534U 20001A   26236.50000000  .00001000  00000+0  10000-4 0  9991
2 34534  87.4574 101.5362 0044155 284.3413 245.8950 13.99823061000014
IRIDIUM 33 DEBRIS #235
1 34535U 20001A   26236.50000000  .00001000  00000+0  10000-4 0  9992
2 34535  86.9014  50.6200 0124632 239.3725 353.5142 13.61223902000015
IRIDIUM 33 DEBRIS #236
1 34536U 20001A   26236.50000000  .00001000  00000+0  10000-4 0  9993
2 34536  85.0005 103.2167 0053794 212.9044 252.2252 14.77598793000012
IRIDIUM 33 DEBRIS #237
1 34537U 20001A   26236.50000000  .00001000  00000+0  10000-4 0  9994
2 34537  85.8669 348.3635 0255335  23.7663 267.1603 14.77550449000010
IRIDIUM 33 DEBRIS #238
1 34538U 20001A   26236.50000000  .00001000  00000+0  10000-4 0  9995
2 34538  87.0206 289.9304 0082970 214.6330  46.1532 14.53373078000011
IRIDIUM 33 DEBRIS #239
1 34539U 20001A   26236.50000000  .00001000  00000+0  10000-4 0  9996
2 34539  87.1782 178.7609 0015810 348.7988  42.7141 13.73603528000017
IRIDIUM 33 DEBRIS #240
1 34540U 20001A   26236.50000000  .00001000  00000+0  10000-4 0  9998
2 34540  85.5018 152.5904 0132065 132.0086 110.5003 14.05729452000018
IRIDIUM 33 DEBRIS #241
1 34541U 20001A   26236.50000000  .00001000  00000+0  10000-4 0  9999
2 34541  88.0961  76.3245 0019194 319.7168 280.2676 14.91811772000010
IRIDIUM 33 DEBRIS #242
1 34542U 20001A   26236.50000000  .00001000  00000+0  10000-4 0  9990
2 34542  84.5026 356.4360 0326262 130.2561  58.3034 14.19144371000010
IRIDIUM 33 DEBRIS #243
1 34543U 20001A   26236.50000000  .00001000  00000+0  10000-4 0  9991
2 34543  85.3232 178.1486 0030505  22.1467 258.7828 14.43869353000011
IRIDIUM 33 DEBRIS #244
1 34544U 20001A   26236.50000000  .00001000  00000+0  10000-4 0  9992
2 34544  88.2560 155.2399 0303067  82.1524  45.5338 13.63133255000017
IRIDIUM 33 DEBRIS #245
1 34545U 20001A   26236.50000000  .00001000  00000+0  10000-4 0  9993
2 34545  85.5256 234.0339 0316380  93.9823 311.0599 14.07934645000015
IRIDIUM 33 DEBRIS #246
1 34546U 20001A   26236.50000000  .00001000  00000+0  10000-4 0  9994
2 34546  87.7111 246.4015 0228293 255.7194 102.7641 13.91057167000012
IRIDIUM 33 DEBRIS #247
1 34547U 20001A   26236.50000000  .00001000  00000+0  10000-4 0  9995
2 34547  85.3988  44.8901 0219486 145.9944 178.6993 14.87117271000011
IRIDIUM 33 DEBRIS #248
1 34548U 20001A   26236.50000000  .00001000  00000+0  10000-4 0  9996
2 34548  88.0568 230.3419 0135312 110.9734  23.3577 14.85025955000015
IRIDIUM 33 DEBRIS #249
1 34549U 20001A   26236.50000000  .00001000  00000+0  10000-4 0  9997
2 34549  86.1712 243.7446 0349333 153.0612  62.0937 14.12075772000019
IRIDIUM 33 DEBRIS #250
1 34550U 20001A   26236.50000000  .00001000  00000+0  10000-4 0  9999
2 34550  85.3844 172.6457 0046184  90.3958 156.3066 14.77147829000018
IRIDIUM 33 DEBRIS #251
1 34551U 20001A   26236.50000000  .00001000  00000+0  10000-4 0  9990
2 34551  84.8422 199.7789 0271513 185.1059  13.9429 14.71616267000016
IRIDIUM 33 DEBRIS #252
1 34552U 20001A   26236.50000000  .00001000  00000+0  10000-4 0  9991
2 34552  84.5066 328.1284 0279460  36.1358 143.5098 14.37538069000019
IRIDIUM 33 DEBRIS #253
1 34553U 20001A   26236.50000000  .00001000  00000+0  10000-4 0  9992
2 34553  87.4538  32.3930 0065037 195.9741 186.0667 14.32279188000014
IRIDIUM 33 DEBRIS #254
1 34554U 20001A   26236.50000000  .00001000  00000+0  10000-4 0  9993
2 34554  87.6493 241.2700 0162238  10.9735 259.1253 13.80738500000016
IRIDIUM 33 DEBRIS #255
1 34555U 20001A   26236.50000000  .00001000  00000+0  10000-4 0  9994
2 34555  88.2968 253.5494 0167574  15.2822 163.0667 13.87368005000018
IRIDIUM 33 DEBRIS #256
1 34556U 20001A   26236.50000000  .00001000  00000+0  10000-4 0  9995
2 34556  85.3860 166.3006 0087924  17.2074 313.2825 13.71159061000017
IRIDIUM 33 DEBRIS #257
1 34557U 20001A   26236.50000000  .00001000  00000+0  10000-4 0  9996
2 34557  85.8445 191.0499 0103686 288.3696  62.9930 14.02033120000015
IRIDIUM 33 DEBRIS #258
1 34558U 20001A   26236.50000000  .00001000  00000+0  10000-4 0  9997
2 34558  87.2163   8.9245 0202144 191.4090 190.1240 13.85441621000012
IRIDIUM 33 DEBRIS #259
1 34559U 20001A   26236.50000000  .00001000  00000+0  10000-4 0  9998
2 34559  85.8213 153.3270 0156024  10.6863  43.3787 13.95526492000017
IRIDIUM 33 DEBRIS #260
1 34560U 20001A   26236.50000000  .00001000  00000+0  10000-4 0  9990
2 34560  84.4219  71.6273 0238157  72.1316 144.9287 14.82103534000017
IRIDIUM 33 DEBRIS #261
1 34561U 20001A   26236.50000000  .00001000  00000+0  10000-4 0  9991
2 34561  87.6903 331.0042 0159421 157.4910 141.7047 13.95590959000016
IRIDIUM 33 DEBRIS #262
1 34562U 20001A   26236.50000000  .00001000  00000+0  10000-4 0  9992
2 34562  87.6928  28.4160 0208950 299.0495 251.8118 14.33446228000019
IRIDIUM 33 DEBRIS #263
1 34563U 20001A   26236.50000000  .00001000  00000+0  10000-4 0  9993
2 34563  86.3000  11.5505 0343139 153.2029 111.8165 14.16417807000015
IRIDIUM 33 DEBRIS #264
1 34564U 20001A   26236.50000000  .00001000  00000+0  10000-4 0  9994
2 34564  85.7213 212.1531 0266732  18.2079 211.8651 14.71314475000010
IRIDIUM 33 DEBRIS #265
1 34565U 20001A   26236.50000000  .00001000  00000+0  10000-4 0  9995
2 34565  87.0661  44.7564 0095787 235.8371 210.8033 13.62750700000017
IRIDIUM 33 DEBRIS #266
1 34566U 20001A   26236.50000000  .00001000  00000+0  10000-4 0  9996
2 34566  86.5755 338.9316 0033101 272.6234 308.8513 14.60086387000011
IRIDIUM 33 DEBRIS #267
1 34567U 20001A   26236.50000000  .00001000  00000+0  10000-4 0  9997
2 34567  86.9243  97.0403 0011029 359.0946  23.6804 13.94900673000017
IRIDIUM 33 DEBRIS #268
1 34568U 20001A   26236.50000000  .00001000  00000+0  10000-4 0  9998
2 34568  87.5378  15.2269 0217589 290.8195 107.1464 14.30257044000011
IRIDIUM 33 DEBRIS #269
1 34569U 20001A   26236.50000000  .00001000  00000+0  10000-4 0  9999
2 34569  87.7205 295.8162 0325948 218.1993 356.2912 14.15300029000019
IRIDIUM 33 DEBRIS #270
1 34570U 20001A   26236.50000000  .00001000  00000+0  10000-4 0  9991
2 34570  86.9555 233.2897 0077545 246.6561 292.9195 14.42644402000010
IRIDIUM 33 DEBRIS #271
1 34571U 20001A   26236.50000000  .00001000  00000+0  10000-4 0  9992
2 34571  85.9289 200.3551 0109489 137.5214  35.8476 14.17524210000014
IRIDIUM 33 DEBRIS #272
1 34572U 20001A   26236.50000000  .00001000  00000+0  10000-4 0  9993
2 34572  85.2651 103.1958 0026695  95.8227  83.9876 14.27184863000014
IRIDIUM 33 DEBRIS #273
1 34573U 20001A   26236.50000000  .00001000  00000+0  10000-4 0  9994
2 34573  85.0968 116.0350 0072225 348.1347 241.1033 14.63175515000017
IRIDIUM 33 DEBRIS #274
1 34574U 20001A   26236.50000000  .00001000  00000+0  10000-4 0  9995
2 34574  86.7805 209.8310 0320069 160.5845   5.2778 14.99393880000015
IRIDIUM 33 DEBRIS #275
1 34575U 20001A   26236.50000000  .00001000  00000+0  10000-4 0  9996
2 34575  87.2459 327.9855 0066148 355.6963 237.7160 14.20310180000019
IRIDIUM 33 DEBRIS #276
1 34576U 20001A   26236.50000000  .00001000  00000+0  10000-4 0  9997
2 34576  84.5052 168.2167 0185294 194.5981  61.7501 14.74773922000015
IRIDIUM 33 DEBRIS #277
1 34577U 20001A   26236.50000000  .00001000  00000+0  10000-4 0  9998
2 34577  84.7561  19.7721 0063841   9.8746 289.1698 14.53150117000014
IRIDIUM 33 DEBRIS #278
1 34578U 20001A   26236.50000000  .00001000  00000+0  10000-4 0  9999
2 34578  86.9111  34.2281 0326502 339.7371 287.7069 14.91111783000012
IRIDIUM 33 DEBRIS #279
1 34579U 20001A   26236.50000000  .00001000  00000+0  10000-4 0  9990
2 34579  85.3408 246.3646 0265314 214.3706 318.5824 14.40018745000019
IRIDIUM 33 DEBRIS #280
1 34580U 20001A   26236.50000000  .00001000  00000+0  10000-4 0  9992
2 34580  87.5202 161.4889 0059846 351.3641 346.5069 13.75673938000014
IRIDIUM 33 DEBRIS #281
1 34581U 20001A   26236.50000000  .00001000  00000+0  10000-4 0  9993
2 34581  87.3238 193.5007 0222826 334.0092 182.9583 14.95041507000015
IRIDIUM 33 DEBRIS #282
1 34582U 20001A   26236.50000000  .00001000  00000+0  10000-4 0  9994
2 34582  87.6613 306.5042 0339972 321.8989 109.4811 14.89930604000017
IRIDIUM 33 DEBRIS #283
1 34583U 20001A   26236.50000000  .00001000  00000+0  10000-4 0  9995
2 34583  84.9530 272.8198 0163439 128.1783 184.7323 14.83224827000017
IRIDIUM 33 DEBRIS #284
1 34584U 20001A   26236.50000000  .00001000  00000+0  10000-4 0  9996
2 34584  88.1084 205.5915 0159720 157.5604   4.1522 14.30958718000015
IRIDIUM 33 DEBRIS #285
1 34585U 20001A   26236.50000000  .00001000  00000+0  10000-4 0  9997
2 34585  85.0903 292.2733 0098230 170.7507 170.3791 13.66555126000018
IRIDIUM 33 DEBRIS #286
1 34586U 20001A   26236.50000000  .00001000  00000+0  10000-4 0  9998
2 34586  84.7748 303.3333 0296320  30.6461 214.4449 14.13234987000017
IRIDIUM 33 DEBRIS #287
1 34587U 20001A   26236.50000000  .00001000  00000+0  10000-4 0  9999
2 34587  84.7660 233.2627 0038571 320.7564 242.7626 13.82096337000018
IRIDIUM 33 DEBRIS #288
1 34588U 20001A   26236.50000000  .00001000  00000+0  10000-4 0  9990
2 34588  86.7617 284.9268 0213966 325.3722  54.1573 14.19286432000011
IRIDIUM 33 DEBRIS #289
1 34589U 20001A   26236.50000000  .00001000  00000+0  10000-4 0  9991
2 34589  87.3048 141.1576 0330711 305.2557 239.2500 14.53838663000017
IRIDIUM 33 DEBRIS #290
1 34590U 20001A   26236.50000000  .00001000  00000+0  10000-4 0  9993
2 34590  84.6001  15.5285 0130578  93.1145 284.5695 14.59873480000014
IRIDIUM 33 DEBRIS #291
1 34591U 20001A   26236.50000000  .00001000  00000+0  10000-4 0  9994
2 34591  87.5605 152.4682 0130567 323.8513 231.2377 13.66162967000013
IRIDIUM 33 DEBRIS #292
1 34592U 20001A   26236.50000000  .00001000  00000+0  10000-4 0  9995
2 34592  85.1081 102.2823 0313879 200.9475 119.9905 14.56730262000015
IRIDIUM 33 DEBRIS #293
1 34593U 20001A   26236.50000000  .00001000  00000+0  10000-4 0  9996
2 34593  85.9095  38.5232 0326543 309.2376 237.1072 14.41344725000016
IRIDIUM 33 DEBRIS #294
1 34594U 20001A   26236.50000000  .00001000  00000+0  10000-4 0  9997
2 34594  86.9647  65.4211 0227599 333.4418 252.7240 14.83867446000010
IRIDIUM 33 DEBRIS #295
1 34595U 20001A   26236.50000000  .00001000  00000+0  10000-4 0  9998
2 34595  85.5322 219.5369 0140468  95.3393 220.2494 13.94811689000017
IRIDIUM 33 DEBRIS #296
1 34596U 20001A   26236.50000000  .00001000  00000+0  10000-4 0  9999
2 34596  84.5025 163.1015 0116213   4.1815 201.8999 13.69066390000015
IRIDIUM 33 DEBRIS #297
1 34597U 20001A   26236.50000000  .00001000  00000+0  10000-4 0  9990
2 34597  84.8088  51.2423 0343616 273.6177 297.1871 14.09779991000011
IRIDIUM 33 DEBRIS #298
1 34598U 20001A   26236.50000000  .00001000  00000+0  10000-4 0  9991
2 34598  86.0265 195.3431 0052519 206.5933 284.1639 14.30354599000011
IRIDIUM 33 DEBRIS #299
1 34599U 20001A   26236.50000000  .00001000  00000+0  10000-4 0  9992
2 34599  85.2880 192.4639 0191119 221.0689 316.9203 14.30253230000015
IRIDIUM 33 DEBRIS #300
1 34600U 20001A   26236.50000000  .00001000  00000+0  10000-4 0  9995
2 34600  84.9498  93.0714 0173038 271.0423 160.2628 14.98683328000010
IRIDIUM 33 DEBRIS #301
1 34601U 20001A   26236.50000000  .00001000  00000+0  10000-4 0  9996
2 34601  86.7030 152.9692 0221901 107.9639  77.2026 13.68877397000018
IRIDIUM 33 DEBRIS #302
1 34602U 20001A   26236.50000000  .00001000  00000+0  10000-4 0  9997
2 34602  87.7188 211.1393 0267274 128.7890 271.9768 14.61467919000018
IRIDIUM 33 DEBRIS #303
1 34603U 20001A   26236.50000000  .00001000  00000+0  10000-4 0  9998
2 34603  86.7988 293.3508 0349516 257.3045  38.8658 14.82238592000011
IRIDIUM 33 DEBRIS #304
1 34604U 20001A   26236.50000000  .00001000  00000+0  10000-4 0  9999
2 34604  85.2534 259.0972 0314110 353.1645  15.7647 14.07842062000012
IRIDIUM 33 DEBRIS #305
1 34605U 20001A   26236.50000000  .00001000  00000+0  10000-4 0  9990
2 34605  85.4181 200.2658 0042094 298.8212   7.8951 14.06543100000016
IRIDIUM 33 DEBRIS #306
1 34606U 20001A   26236.50000000  .00001000  00000+0  10000-4 0  9991
2 34606  85.0623 326.3145 0104661  52.0720  44.8450 14.02292343000019
IRIDIUM 33 DEBRIS #307
1 34607U 20001A   26236.50000000  .00001000  00000+0  10000-4 0  9992
2 34607  84.7894 114.4381 0020732 104.0948  10.1718 13.87054806000015
IRIDIUM 33 DEBRIS #308
1 34608U 20001A   26236.50000000  .00001000  00000+0  10000-4 0  9993
2 34608  86.6689 144.7433 0031481 174.3263 328.1595 14.65784770000018
IRIDIUM 33 DEBRIS #309
1 34609U 20001A   26236.50000000  .00001000  00000+0  10000-4 0  9994
2 34609  87.3901 278.0640 0053104 193.7665 271.0829 13.96216860000011
IRIDIUM 33 DEBRIS #310
1 34610U 20001A   26236.50000000  .00001000  00000+0  10000-4 0  9996
2 34610  86.9219 196.8136 0335184 311.8676 166.2210 14.62128007000011
IRIDIUM 33 DEBRIS #311
1 34611U 20001A   26236.50000000  .00001000  00000+0  10000-4 0  9997
2 34611  86.6046  34.8833 0037070 186.1098 358.2995 13.97921811000010
IRIDIUM 33 DEBRIS #312
1 34612U 20001A   26236.50000000  .00001000  00000+0  10000-4 0  9998
2 34612  87.5491 302.3045 0221666 225.5724 340.9866 14.88676341000014
IRIDIUM 33 DEBRIS #313
1 34613U 20001A   26236.50000000  .00001000  00000+0  10000-4 0  9999
2 34613  86.5837 221.9285 0193057  89.6313 351.0921 14.72667289000014
IRIDIUM 33 DEBRIS #314
1 34614U 20001A   26236.50000000  .00001000  00000+0  10000-4 0  9990
2 34614  85.9833 222.6762 0159717 137.2185 112.4461 14.90243371000014
IRIDIUM 33 DEBRIS #315
1 34615U 20001A   26236.50000000  .00001000  00000+0  10000-4 0  9991
2 34615  87.9701  32.5065 0125696 112.8800 237.5664 13.96570643000011
IRIDIUM 33 DEBRIS #316
1 34616U 20001A   26236.50000000  .00001000  00000+0  10000-4 0  9992
2 34616  84.8426 220.9310 0255609  21.0917 247.4829 14.55133226000017
IRIDIUM 33 DEBRIS #317
1 34617U 20001A   26236.50000000  .00001000  00000+0  10000-4 0  9993
2 34617  86.3110 130.0738 0246976 250.1160 126.4540 14.13408587000017
IRIDIUM 33 DEBRIS #318
1 34618U 20001A   26236.50000000  .00001000  00000+0  10000-4 0  9994
2 34618  84.6815  28.2983 0242140 299.7086 193.6143 13.68661397000010
IRIDIUM 33 DEBRIS #319
1 34619U 20001A   26236.50000000  .00001000  00000+0  10000-4 0  9995
2 34619  87.4852 290.7014 0080428 147.8843 255.3684 14.04014321000013
IRIDIUM 33 DEBRIS #320
1 34620U 20001A   26236.50000000  .00001000  00000+0  10000-4 0  9997
2 34620  84.9031 185.2804 0098367  20.0921 174.7829 14.12134372000014
IRIDIUM 33 DEBRIS #321
1 34621U 20001A   26236.50000000  .00001000  00000+0  10000-4 0  9998
2 34621  84.5966 213.8823 0231451  48.9192 190.9270 14.02158586000011
IRIDIUM 33 DEBRIS #322
1 34622U 20001A   26236.50000000  .00001000  00000+0  10000-4 0  9999
2 34622  86.7215  64.4139 0109727 135.0161 311.4662 14.12686972000018
IRIDIUM 33 DEBRIS #323
1 34623U 20001A   26236.50000000  .00001000  00000+0  10000-4 0  9990
2 34623  87.5421 266.6016 0199295 179.1012  18.0008 14.20887122000013
IRIDIUM 33 DEBRIS #324
1 34624U 20001A   26236.50000000  .00001000  00000+0  10000-4 0  9991
2 34624  87.5567  94.3671 0014880 111.8671 152.4926 14.70670416000011
IRIDIUM 33 DEBRIS #325
1 34625U 20001A   26236.50000000  .00001000  00000+0  10000-4 0  9992
2 34625  85.8568 272.2559 0125571 205.6357 281.7061 14.84944905000017
IRIDIUM 33 DEBRIS #326
1 34626U 20001A   26236.50000000  .00001000  00000+0  10000-4 0  9993
2 34626  85.6341 114.8156 0085049 289.8953  10.4009 14.69376329000011
IRIDIUM 33 DEBRIS #327
1 34627U 20001A   26236.50000000  .00001000  00000+0  10000-4 0  9994
2 34627  84.9234 308.5334 0135640 315.3188 281.9805 14.71850195000013
IRIDIUM 33 DEBRIS #328
1 34628U 20001A   26236.50000000  .00001000  00000+0  10000-4 0  9995
2 34628  87.8172  66.3571 0152369  19.5093 142.7365 14.58083779000010
IRIDIUM 33 DEBRIS #329
1 34629U 20001A   26236.50000000  .00001000  00000+0  10000-4 0  9996
2 34629  85.7360 218.9665 0087826 250.1253 243.0963 13.67517870000014
IRIDIUM 33 DEBRIS #330
1 34630U 20001A   26236.50000000  .00001000  00000+0  10000-4 0  9998
2 34630  85.0411  67.2257 0069468 346.7804 287.3491 14.01175726000010
IRIDIUM 33 DEBRIS #331
1 34631U 20001A   26236.50000000  .00001000  00000+0  10000-4 0  9999
2 34631  86.1127 317.2875 0245942 144.4450 274.9712 14.26352780000016
IRIDIUM 33 DEBRIS #332
1 34632U 20001A   26236.50000000  .00001000  00000+0  10000-4 0  9990
2 34632  86.8531 140.4517 0045243 255.2907  35.9693 13.84762852000013
IRIDIUM 33 DEBRIS #333
1 34633U 20001A   26236.50000000  .00001000  00000+0  10000-4 0  9991
2 34633  85.8900 350.0684 0181142 192.0272 186.1450 14.93916341000014
IRIDIUM 33 DEBRIS #334
1 34634U 20001A   26236.50000000  .00001000  00000+0  10000-4 0  9992
2 34634  85.9530  21.5887 0268567   5.4050 170.8507 14.97120040000018
IRIDIUM 33 DEBRIS #335
1 34635U 20001A   26236.50000000  .00001000  00000+0  10000-4 0  9993
2 34635  86.4651 142.5891 0251728  46.0268 314.8628 14.98829175000011
IRIDIUM 33 DEBRIS #336
1 34636U 20001A   26236.50000000  .00001000  00000+0  10000-4 0  9994
2 34636  85.0916 214.3888 0330201 282.8137   4.9032 14.22172368000012
IRIDIUM 33 DEBRIS #337
1 34637U 20001A   26236.50000000  .00001000  00000+0  10000-4 0  9995
2 34637  87.6077 160.6015 0348033  94.7240  59.0796 14.17196815000016
IRIDIUM 33 DEBRIS #338
1 34638U 20001A   26236.50000000  .00001000  00000+0  10000-4 0  9996
2 34638  87.6480  27.4103 0258351  19.2496 190.3543 14.88733045000010
IRIDIUM 33 DEBRIS #339
1 34639U 20001A   26236.50000000  .00001000  00000+0  10000-4 0  9997
2 34639  85.3152 273.5000 0172765 124.4589 211.9472 13.91916632000017
IRIDIUM 33 DEBRIS #340
1 34640U 20001A   26236.50000000  .00001000  00000+0  10000-4 0  9999
2 34640  85.9435 270.9212 0026351 350.5330 228.8009 14.37575068000018
IRIDIUM 33 DEBRIS #341
1 34641U 20001A   26236.50000000  .00001000  00000+0  10000-4 0  9990
2 34641  85.8740  95.3018 0184779  44.4261 200.6971 14.03366813000016
IRIDIUM 33 DEBRIS #342
1 34642U 20001A   26236.50000000  .00001000  00000+0  10000-4 0  9991
2 34642  87.4047 181.2466 0308740 270.8717 342.0085 14.10684085000013
IRIDIUM 33 DEBRIS #343
1 34643U 20001A   26236.50000000  .00001000  00000+0  10000-4 0  9992
2 34643  84.5886 243.2954 0155940 132.2738 234.7945 14.02770432000015
IRIDIUM 33 DEBRIS #344
1 34644U 20001A   26236.50000000  .00001000  00000+0  10000-4 0  9993
2 34644  85.7542  52.4311 0076915  40.1053 340.0072 14.83207626000017
IRIDIUM 33 DEBRIS #345
1 34645U 20001A   26236.50000000  .00001000  00000+0  10000-4 0  9994
2 34645  85.0167 256.6531 0162132 221.3196 265.1324 14.67765130000012
IRIDIUM 33 DEBRIS #346
1 34646U 20001A   26236.50000000  .00001000  00000+0  10000-4 0  9995
2 34646  88.3086 245.5820 0221068  30.5520 157.8198 14.74183847000015
IRIDIUM 33 DEBRIS #347
1 34647U 20001A   26236.50000000  .00001000  00000+0  10000-4 0  9996
2 34647  87.4942 275.0966 0092584 230.9456 267.2141 14.01085776000015
IRIDIUM 33 DEBRIS #348
1 34648U 20001A   26236.50000000  .00001000  00000+0  10000-4 0  9997
2 34648  86.3571  11.0538 0304987 136.6225  61.0977 14.37712438000012
IRIDIUM 33 DEBRIS #349
1 34649U 20001A   26236.50000000  .00001000  00000+0  10000-4 0  9998
2 34649  84.6911 170.9038 0252833  21.8802 304.8462 14.51707672000017
IRIDIUM 33 DEBRIS #350
1 34650U 20001A   26236.50000000  .00001000  00000+0  10000-4 0  9990
2 34650  86.8270 139.3290 0093958 118.4225 228.7230 13.65838357000019
IRIDIUM 33 DEBRIS #351
1 34651U 20001A   26236.50000000  .00001000  00000+0  10000-4 0  9991
2 34651  84.5328 219.1971 0279560 258.9072 181.0949 13.92136217000011
IRIDIUM 33 DEBRIS #352
1 34652U 20001A   26236.50000000  .00001000  00000+0  10000-4 0  9992
2 34652  84.9793 224.6864 0088008 317.1948   4.2535 14.78687865000011
IRIDIUM 33 DEBRIS #353
1 34653U 20001A   26236.50000000  .00001000  00000+0  10000-4 0  9993
2 34653  87.8314 310.7602 0277865 185.2928 257.4559 14.63642883000016
IRIDIUM 33 DEBRIS #354
1 34654U 20001A   26236.50000000  .00001000  00000+0  10000-4 0  9994
2 34654  85.9854 170.7014 0107445 303.3217 124.3225 14.86700417000011
IRIDIUM 33 DEBRIS #355
1 34655U 20001A   26236.50000000  .00001000  00000+0  10000-4 0  9995
2 34655  85.0890  91.4769 0321708  94.1950 153.8991 14.93771611000017
IRIDIUM 33 DEBRIS #356
1 34656U 20001A   26236.50000000  .00001000  00000+0  10000-4 0  9996
2 34656  87.7034  75.6958 0191927  23.7447 216.9963 14.10628447000015
IRIDIUM 33 DEBRIS #357
1 34657U 20001A   26236.50000000  .00001000  00000+0  10000-4 0  9997
2 34657  85.2698 253.6476 0197840 247.0465 272.0346 13.62179743000013
IRIDIUM 33 DEBRIS #358
1 34658U 20001A   26236.50000000  .00001000  00000+0  10000-4 0  9998
2 34658  87.6018 241.0265 0091914  52.9501 164.3376 14.43405899000012
IRIDIUM 33 DEBRIS #359
1 34659U 20001A   26236.50000000  .00001000  00000+0  10000-4 0  9999
2 34659  86.4094 237.9854 0307205 289.4058 204.4435 14.62947760000010
IRIDIUM 33 DEBRIS #360
1 34660U 20001A   26236.50000000  .00001000  00000+0  10000-4 0  9991
2 34660  86.1023 211.0773 0184927 319.2209 248.6160 13.81700498000018
IRIDIUM 33 DEBRIS #361
1 34661U 20001A   26236.50000000  .00001000  00000+0  10000-4 0  9992
2 34661  84.6437 357.5548 0116930  47.8242 172.5629 14.41028524000012
IRIDIUM 33 DEBRIS #362
1 34662U 20001A   26236.50000000  .00001000  00000+0  10000-4 0  9993
2 34662  85.4970 161.7891 0056760  13.1145  32.2350 14.12757903000013
IRIDIUM 33 DEBRIS #363
1 34663U 20001A   26236.50000000  .00001000  00000+0  10000-4 0  9994
2 34663  87.3156 215.3583 0264217  90.9480  96.4079 14.13387392000010
IRIDIUM 33 DEBRIS #364
1 34664U 20001A   26236.50000000  .00001000  00000+0  10000-4 0  9995
2 34664  88.0182 299.3910 0230557  58.5843  84.7677 14.42935005000013
IRIDIUM 33 DEBRIS #365
1 34665U 20001A   26236.50000000  .00001000  00000+0  10000-4 0  9996
2 34665  86.6721  37.1532 0341767 237.4312 179.9889 14.97946272000010
IRIDIUM 33 DEBRIS #366
1 34666U 20001A   26236.50000000  .00001000  00000+0  10000-4 0  9997
2 34666  85.9676 294.0881 0330858 354.0260 186.1492 14.39321374000016
IRIDIUM 33 DEBRIS #367
1 34667U 20001A   26236.50000000  .00001000  00000+0  10000-4 0  9998
2 34667  86.4587  17.7754 0206545  60.4020  43.6056 14.89377225000014
IRIDIUM 33 DEBRIS #368
1 34668U 20001A   26236.50000000  .00001000  00000+0  10000-4 0  9999
2 34668  87.6649   5.3650 0088206   5.8599 248.9994 14.84454913000017
IRIDIUM 33 DEBRIS #369
1 34669U 20001A   26236.50000000  .00001000  00000+0  10000-4 0  9990
2 34669  85.9438 156.2294 0048968 182.8523 227.2965 14.87405705000015
IRIDIUM 33 DEBRIS #370
1 34670U 20001A   26236.50000000  .00001000  00000+0  10000-4 0  9992
2 34670  87.0859 200.9190 0282692 139.0442   4.0335 14.27318503000012
IRIDIUM 33 DEBRIS #371
1 34671U 20001A   26236.50000000  .00001000  00000+0  10000-4 0  9993
2 34671  84.7344 106.3698 0136708 103.9550 330.2169 14.71560342000012
IRIDIUM 33 DEBRIS #372
1 34672U 20001A   26236.50000000  .00001000  00000+0  10000-4 0  9994
2 34672  85.3409 199.0917 0325709 230.8152  30.6189 14.50982590000017
IRIDIUM 33 DEBRIS #373
1 34673U 20001A   26236.50000000  .00001000  00000+0  10000-4 0  9995
2 34673  86.4413  17.0513 0174079 270.3871 308.2372 14.18959623000018
IRIDIUM 33 DEBRIS #374
1 34674U 20001A   26236.50000000  .00001000  00000+0  10000-4 0  9996
2 34674  86.9661  70.1955 0115172 211.9326 299.5407 14.81289640000010
IRIDIUM 33 DEBRIS #375
1 34675U 20001A   26236.50000000  .00001000  00000+0  10000-4 0  9997
2 34675  87.5604  12.5529 0077508   6.0846 300.7084 14.68233256000015
IRIDIUM 33 DEBRIS #376
1 34676U 20001A   26236.50000000  .00001000  00000+0  10000-4 0  9998
2 34676  86.0171  65.6566 0135819 339.6450 342.8989 14.74181250000019
IRIDIUM 33 DEBRIS #377
1 34677U 20001A   26236.50000000  .00001000  00000+0  10000-4 0  9999
2 34677  86.7533 157.5126 0035341 248.0514 156.9282 13.62736322000017
IRIDIUM 33 DEBRIS #378
1 34678U 20001A   26236.50000000  .00001000  00000+0  10000-4 0  9990
2 34678  88.2898 240.6391 0153507   4.6951 233.0297 13.72883854000010
IRIDIUM 33 DEBRIS #379
1 34679U 20001A   26236.50000000  .00001000  00000+0  10000-4 0  9991
2 34679  88.0646 107.6727 0039424 302.6604 357.5223 13.72641478000017
IRIDIUM 33 DEBRIS #380
1 34680U 20001A   26236.50000000  .00001000  00000+0  10000-4 0  9993
2 34680  85.2992 101.5893 0284639  36.2058 221.0827 14.35831538000015
IRIDIUM 33 DEBRIS #381
1 34681U 20001A   26236.50000000  .00001000  00000+0  10000-4 0  9994
2 34681  88.0896 212.9333 0272624 188.2054   5.4160 14.25720729000013
IRIDIUM 33 DEBRIS #382
1 34682U 20001A   26236.50000000  .00001000  00000+0  10000-4 0  9995
2 34682  87.4920 273.6752 0156164 105.9124  50.6976 14.36752867000015
IRIDIUM 33 DEBRIS #383
1 34683U 20001A   26236.50000000  .00001000  00000+0  10000-4 0  9996
2 34683  86.5372 204.2885 0221422 218.4960 282.5682 13.82302786000013
IRIDIUM 33 DEBRIS #384
1 34684U 20001A   26236.50000000  .00001000  00000+0  10000-4 0  9997
2 34684  86.5118 194.3768 0199730 228.7005  42.5928 14.32805462000013
IRIDIUM 33 DEBRIS #385
1 34685U 20001A   26236.50000000  .00001000  00000+0  10000-4 0  9998
2 34685  86.5166 245.5662 0227885  26.1532  11.0286 14.69422499000010
IRIDIUM 33 DEBRIS #386
1 34686U 20001A   26236.50000000  .00001000  00000+0  10000-4 0  9999
2 34686  87.6114 154.3516 0133427 204.9659 322.8452 14.78145014000018
IRIDIUM 33 DEBRIS #387
1 34687U 20001A   26236.50000000  .00001000  00000+0  10000-4 0  9990
2 34687  84.4935 214.0926 0053011  47.7724 317.2246 14.92057522000011
IRIDIUM 33 DEBRIS #388
1 34688U 20001A   26236.50000000  .00001000  00000+0  10000-4 0  9991
2 34688  87.4560 129.0624 0298751 207.8324 299.1733 14.48348364000013
IRIDIUM 33 DEBRIS #389
1 34689U 20001A   26236.50000000  .00001000  00000+0  10000-4 0  9992
2 34689  85.1471   5.2893 0342444   2.1040 339.6989 14.37461443000018
IRIDIUM 33 DEBRIS #390
1 34690U 20001A   26236.50000000  .00001000  00000+0  10000-4 0  9994
2 34690  87.9893 132.6758 0057328 165.9548 120.8212 13.70197553000011
IRIDIUM 33 DEBRIS #391
1 34691U 20001A   26236.50000000  .00001000  00000+0  10000-4 0  9995
2 34691  85.6574 344.6413 0166594 254.1839 241.5471 14.23968541000016
IRIDIUM 33 DEBRIS #392
1 34692U 20001A   26236.50000000  .00001000  00000+0  10000-4 0  9996
2 34692  84.9519 106.8472 0214721  34.7659 242.2707 14.69768170000015
IRIDIUM 33 DEBRIS #393
1 34693U 20001A   26236.50000000  .00001000  00000+0  10000-4 0  9997
2 34693  87.7391 198.5133 0105312 213.1994 338.3875 14.45197234000011
IRIDIUM 33 DEBRIS #394
1 34694U 20001A   26236.50000000  .00001000  00000+0  10000-4 0  9998
2 34694  86.1430  63.7294 0057910 120.3363 211.5486 14.92023518000014
IRIDIUM 33 DEBRIS #395
1 34695U 20001A   26236.50000000  .00001000  00000+0  10000-4 0  9999
2 34695  86.1971 292.0186 0309758  95.1602 263.3081 14.87877813000012
IRIDIUM 33 DEBRIS #396
1 34696U 20001A   26236.50000000  .00001000  00000+0  10000-4 0  9990
2 34696  85.4656  47.4805 0289924 105.7135 174.9984 14.08525602000014
IRIDIUM 33 DEBRIS #397
1 34697U 20001A   26236.50000000  .00001000  00000+0  10000-4 0  9991
2 34697  87.7400 114.8258 0275030 304.1719  50.9529 13.77698666000018
IRIDIUM 33 DEBRIS #398
1 34698U 20001A   26236.50000000  .00001000  00000+0  10000-4 0  9992
2 34698  87.7783 132.1808 0292371   6.5023 264.3542 14.59442927000019
IRIDIUM 33 DEBRIS #399
1 34699U 20001A   26236.50000000  .00001000  00000+0  10000-4 0  9993
2 34699  84.6535 143.7474 0324615 147.6031 342.2301 14.85786699000016
IRIDIUM 33 DEBRIS #400
1 34700U 20001A   26236.50000000  .00001000  00000+0  10000-4 0  9996
2 34700  86.2374  76.0580 0056244 169.2010  63.9451 14.78666565000015
IRIDIUM 33 DEBRIS #401
1 34701U 20001A   26236.50000000  .00001000  00000+0  10000-4 0  9997
2 34701  85.0518 201.5964 0121553 283.5171   1.8205 14.60956730000013
IRIDIUM 33 DEBRIS #402
1 34702U 20001A   26236.50000000  .00001000  00000+0  10000-4 0  9998
2 34702  84.7558 187.2614 0331408  65.7966 247.9850 14.74355792000015
IRIDIUM 33 DEBRIS #403
1 34703U 20001A   26236.50000000  .00001000  00000+0  10000-4 0  9999
2 34703  87.2683  86.5334 0056324 140.2150 336.2257 14.18755942000010
IRIDIUM 33 DEBRIS #404
1 34704U 20001A   26236.50000000  .00001000  00000+0  10000-4 0  9990
2 34704  88.0968 286.1429 0136868  21.2103 126.5156 14.27405845000019
IRIDIUM 33 DEBRIS #405
1 34705U 20001A   26236.50000000  .00001000  00000+0  10000-4 0  9991
2 34705  86.6498 251.2854 0332589 206.7699 350.9008 13.72805355000013
IRIDIUM 33 DEBRIS #406
1 34706U 20001A   26236.50000000  .00001000  00000+0  10000-4 0  9992
2 34706  86.8417 303.7826 0311208 293.8614  31.0225 13.75289022000016
IRIDIUM 33 DEBRIS #407
1 34707U 20001A   26236.50000000  .00001000  00000+0  10000-4 0  9993
2 34707  85.1437  29.1135 0309238  81.8686 294.0986 14.64141544000017
IRIDIUM 33 DEBRIS #408
1 34708U 20001A   26236.50000000  .00001000  00000+0  10000-4 0  9994
2 34708  87.5758  19.1664 0203634  11.8181  25.5169 13.87945340000012
IRIDIUM 33 DEBRIS #409
1 34709U 20001A   26236.50000000  .00001000  00000+0  10000-4 0  9995
2 34709  86.1208 113.0076 0014999  92.3132 252.2380 14.93977355000016
IRIDIUM 33 DEBRIS #410
1 34710U 20001A   26236.50000000  .00001000  00000+0  10000-4 0  9997
2 34710  88.3519  31.1845 0181421 202.2388 117.8024 14.69929062000017
IRIDIUM 33 DEBRIS #411
1 34711U 20001A   26236.50000000  .00001000  00000+0  10000-4 0  9998
2 34711  85.5721 291.8621 0057888 168.5971 213.5153 14.39448177000017
IRIDIUM 33 DEBRIS #412
1 34712U 20001A   26236.50000000  .00001000  00000+0  10000-4 0  9999
2 34712  86.6923 311.4736 0150122  92.5527 344.3580 13.78410709000017
IRIDIUM 33 DEBRIS #413
1 34713U 20001A   26236.50000000  .00001000  00000+0  10000-4 0  9990
2 34713  87.4640 148.8311 0259118 285.4914 185.2813 14.94307063000010
IRIDIUM 33 DEBRIS #414
1 34714U 20001A   26236.50000000  .00001000  00000+0  10000-4 0  9991
2 34714  84.9650 170.6886 0283622  29.7513 324.6108 14.73531151000015
IRIDIUM 33 DEBRIS #415
1 34715U 20001A   26236.50000000  .00001000  00000+0  10000-4 0  9992
2 34715  87.3014  25.4604 0097657 126.6462 202.1329 13.66356551000018
IRIDIUM 33 DEBRIS #416
1 34716U 20001A   26236.50000000  .00001000  00000+0  10000-4 0  9993
2 34716  86.8431  79.8405 0072279 106.8372 349.4953 14.25558089000015
IRIDIUM 33 DEBRIS #417
1 34717U 20001A   26236.50000000  .00001000  00000+0  10000-4 0  9994
2 34717  87.5347 262.2139 0158869 317.2712  87.1044 14.33362508000013
IRIDIUM 33 DEBRIS #418
1 34718U 20001A   26236.50000000  .00001000  00000+0  10000-4 0  9995
2 34718  87.8854  54.4982 0190179  98.2831 196.4412 14.16788420000014
IRIDIUM 33 DEBRIS #419
1 34719U 20001A   26236.50000000  .00001000  00000+0  10000-4 0  9996
2 34719  84.5557 154.5361 0075877 356.3015 358.7241 14.36713516000010
IRIDIUM 33 DEBRIS #420
1 34720U 20001A   26236.50000000  .00001000  00000+0  10000-4 0  9998
2 34720  87.9640 335.1416 0181149 348.3623 114.4510 14.36602746000014
IRIDIUM 33 DEBRIS #421
1 34721U 20001A   26236.50000000  .00001000  00000+0  10000-4 0  9999
2 34721  85.3114 331.6094 0281249 305.9315 146.1212 14.48287077000015
IRIDIUM 33 DEBRIS #422
1 34722U 20001A   26236.50000000  .00001000  00000+0  10000-4 0  9990
2 34722  84.9516  17.0758 0123557 159.9601  99.6121 14.22372251000013
IRIDIUM 33 DEBRIS #423
1 34723U 20001A   26236.50000000  .00001000  00000+0  10000-4 0  9991
2 34723  84.6005 129.6382 0220757 131.1199 142.9437 14.09341491000010
IRIDIUM 33 DEBRIS #424
1 34724U 20001A   26236.50000000  .00001000  00000+0  10000-4 0  9992
2 34724  85.2240  65.7980 0290381 194.7032 119.9903 14.43169327000010
IRIDIUM 33 DEBRIS #425
1 34725U 20001A   26236.50000000  .00001000  00000+0  10000-4 0  9993
2 34725  87.4626  38.5704 0177750 263.0232 239.7897 14.57977204000010
IRIDIUM 33 DEBRIS #426
1 34726U 20001A   26236.50000000  .00001000  00000+0  10000-4 0  9994
2 34726  86.8004 320.2140 0043908  36.0421 280.4073 13.71666853000013
IRIDIUM 33 DEBRIS #427
1 34727U 20001A   26236.50000000  .00001000  00000+0  10000-4 0  9995
2 34727  88.1656  34.1117 0345335 118.2722 106.1755 13.62673525000018
IRIDIUM 33 DEBRIS #428
1 34728U 20001A   26236.50000000  .00001000  00000+0  10000-4 0  9996
2 34728  88.1697 245.5118 0028354  60.5484   8.5655 14.58377606000017
IRIDIUM 33 DEBRIS #429
1 34729U 20001A   26236.50000000  .00001000  00000+0  10000-4 0  9997
2 34729  87.2683 133.5417 0089494 335.5803 251.5077 14.74460169000016
IRIDIUM 33 DEBRIS #430
1 34730U 20001A   26236.50000000  .00001000  00000+0  10000-4 0  9999
2 34730  84.7326  63.7655 0010221  48.6839 157.5855 13.71577020000015
IRIDIUM 33 DEBRIS #431
1 34731U 20001A   26236.50000000  .00001000  00000+0  10000-4 0  9990
2 34731  85.6550 285.7991 0202402  21.4276  56.8471 14.82069212000019
IRIDIUM 33 DEBRIS #432
1 34732U 20001A   26236.50000000  .00001000  00000+0  10000-4 0  9991
2 34732  86.0707 292.4842 0322450  39.9578  77.2556 13.71051587000018
IRIDIUM 33 DEBRIS #433
1 34733U 20001A   26236.50000000  .00001000  00000+0  10000-4 0  9992
2 34733  87.2779  65.9134 0308692 235.6835 247.1017 14.95325738000010
IRIDIUM 33 DEBRIS #434
1 34734U 20001A   26236.50000000  .00001000  00000+0  10000-4 0  9993
2 34734  85.4385 228.1379 0219995 101.7070 344.1102 13.64478687000019
IRIDIUM 33 DEBRIS #435
1 34735U 20001A   26236.50000000  .00001000  00000+0  10000-4 0  9994
2 34735  86.3693 275.3946 0249422 166.9304 198.2680 14.78233473000014
IRIDIUM 33 DEBRIS #436
1 34736U 20001A   26236.50000000  .00001000  00000+0  10000-4 0  9995
2 34736  88.1230 254.9869 0210561  10.0981  83.0159 14.11262047000019
IRIDIUM 33 DEBRIS #437
1 34737U 20001A   26236.50000000  .00001000  00000+0  10000-4 0  9996
2 34737  87.4040  23.6746 0013305 344.6613 223.9347 14.14973858000017
IRIDIUM 33 DEBRIS #438
1 34738U 20001A   26236.50000000  .00001000  00000+0  10000-4 0  9997
2 34738  88.2793 278.2301 0014149 208.4322   1.0815 14.56604112000013
IRIDIUM 33 DEBRIS #439
1 34739U 20001A   26236.50000000  .00001000  00000+0  10000-4 0  9998
2 34739  85.7928 337.5676 0308617 182.3336 251.5427 14.19977154000010
IRIDIUM 33 DEBRIS #440
1 34740U 20001A   26236.50000000  .00001000  00000+0  10000-4 0  9990
2 34740  87.4413  23.1874 0194538 327.5486 343.9482 14.47760539000017
IRIDIUM 33 DEBRIS #441
1 34741U 20001A   26236.50000000  .00001000  00000+0  10000-4 0  9991
2 34741  88.3619 121.2519 0219227 345.5440 129.3027 14.84866964000016
IRIDIUM 33 DEBRIS #442
1 34742U 20001A   26236.50000000  .00001000  00000+0  10000-4 0  9992
2 34742  87.4399  87.7072 0137091  52.7429 130.0846 14.39391509000010
IRIDIUM 33 DEBRIS #443
1 34743U 20001A   26236.50000000  .00001000  00000+0  10000-4 0  9993
2 34743  84.6826  21.3570 0337676 207.9393 231.8851 14.39715228000011
IRIDIUM 33 DEBRIS #444
1 34744U 20001A   26236.50000000  .00001000  00000+0  10000-4 0  9994
2 34744  85.9911 154.2503 0320762  21.1643 196.8247 14.75394693000013
IRIDIUM 33 DEBRIS #445
1 34745U 20001A   26236.50000000  .00001000  00000+0  10000-4 0  9995
2 34745  87.2685 171.9002 0024990  86.9889 172.4335 14.57363259000014
IRIDIUM 33 DEBRIS #446
1 34746U 20001A   26236.50000000  .00001000  00000+0  10000-4 0  9996
2 34746  85.4682 244.8785 0253663 238.3964 205.2994 14.93898331000018
IRIDIUM 33 DEBRIS #447
1 34747U 20001A   26236.50000000  .00001000  00000+0  10000-4 0  9997
2 34747  85.5559 209.1791 0337481  81.0102   1.0005 14.12495610000011
IRIDIUM 33 DEBRIS #448
1 34748U 20001A   26236.50000000  .00001000  00000+0  10000-4 0  9998
2 34748  86.3631 135.7117 0298342 118.1130  78.4678 13.82004575000019
IRIDIUM 33 DEBRIS #449
1 34749U 20001A   26236.50000000  .00001000  00000+0  10000-4 0  9999
2 34749  86.9315 298.2392 0034778 136.6139  91.8374 13.89752320000017
IRIDIUM 33 DEBRIS #450
1 34750U 20001A   26236.50000000  .00001000  00000+0  10000-4 0  9991
2 34750  87.9954  66.1122 0045961  66.1573  22.0134 14.35213448000012
IRIDIUM 33 DEBRIS #451
1 34751U 20001A   26236.50000000  .00001000  00000+0  10000-4 0  9992
2 34751  85.1471 340.9290 0248835 284.1397 110.7775 13.80923228000016
IRIDIUM 33 DEBRIS #452
1 34752U 20001A   26236.50000000  .00001000  00000+0  10000-4 0  9993
2 34752  87.8240  25.1078 0260657  14.3402 322.2109 13.64472761000016
IRIDIUM 33 DEBRIS #453
1 34753U 20001A   26236.50000000  .00001000  00000+0  10000-4 0  9994
2 34753  86.0870 243.6361 0131097 275.1500 194.7650 13.60786604000013
IRIDIUM 33 DEBRIS #454
1 34754U 20001A   26236.50000000  .00001000  00000+0  10000-4 0  9995
2 34754  88.0541 183.7572 0092611 325.0270  31.8190 13.81205353000016
IRIDIUM 33 DEBRIS #455
1 34755U 20001A   26236.50000000  .00001000  00000+0  10000-4 0  9996
2 34755  85.9703  79.1799 0056267 101.3724 244.2018 14.89852575000010
IRIDIUM 33 DEBRIS #456
1 34756U 20001A   26236.50000000  .00001000  00000+0  10000-4 0  9997
2 34756  88.2308 332.4707 0165223 358.5681 200.3341 14.65593193000017
IRIDIUM 33 DEBRIS #457
1 34757U 20001A   26236.50000000  .00001000  00000+0  10000-4 0  9998
2 34757  88.3281 162.4131 0301451  31.5817 213.6309 14.80498525000016
IRIDIUM 33 DEBRIS #458
1 34758U 20001A   26236.50000000  .00001000  00000+0  10000-4 0  9999
2 34758  86.7744 152.4592 0066945 343.1705  86.4970 13.66499669000010
IRIDIUM 33 DEBRIS #459
1 34759U 20001A   26236.50000000  .00001000  00000+0  10000-4 0  9990
2 34759  87.0841 317.6299 0281095  50.9275 133.2158 14.83864201000019
IRIDIUM 33 DEBRIS #460
1 34760U 20001A   26236.50000000  .00001000  00000+0  10000-4 0  9992
2 34760  86.4826  27.9856 0167060   8.8791 214.5016 14.24871422000011
IRIDIUM 33 DEBRIS #461
1 34761U 20001A   26236.50000000  .00001000  00000+0  10000-4 0  9993
2 34761  84.4044 160.1704 0040883  58.3570 256.9299 14.08195315000017
IRIDIUM 33 DEBRIS #462
1 34762U 20001A   26236.50000000  .00001000  00000+0  10000-4 0  9994
2 34762  86.6029  65.1357 0156692  35.6309 286.2942 14.94040930000015
IRIDIUM 33 DEBRIS #463
1 34763U 20001A   26236.50000000  .00001000  00000+0  10000-4 0  9995
2 34763  87.3022  61.5300 0129874 282.8435 188.0114 14.87454008000010
IRIDIUM 33 DEBRIS #464
1 34764U 20001A   26236.50000000  .00001000  00000+0  10000-4 0  9996
2 34764  88.0394 260.2042 0243374 156.1445 278.2089 14.39176075000013
IRIDIUM 33 DEBRIS #465
1 34765U 20001A   26236.50000000  .00001000  00000+0  10000-4 0  9997
2 34765  86.4125  76.1170 0136285  29.3591 211.8749 14.37033331000010
IRIDIUM 33 DEBRIS #466
1 34766U 20001A   26236.50000000  .00001000  00000+0  10000-4 0  9998
2 34766  85.6518 269.8649 0244690 253.4320  33.9107 14.25862325000011
IRIDIUM 33 DEBRIS #467
1 34767U 20001A   26236.50000000  .00001000  00000+0  10000-4 0  9999
2 34767  86.6241  16.0045 0027116 122.2810  85.0799 14.98938141000012
IRIDIUM 33 DEBRIS #468
1 34768U 20001A   26236.50000000  .00001000  00000+0  10000-4 0  9990
2 34768  86.5399 290.9865 0215317 197.0960 135.1576 13.90232612000018
IRIDIUM 33 DEBRIS #469
1 34769U 20001A   26236.50000000  .00001000  00000+0  10000-4 0  9991
2 34769  88.1704 183.0673 0207840 289.3341  99.3999 14.85890056000013
IRIDIUM 33 DEBRIS #470
1 34770U 20001A   26236.50000000  .00001000  00000+0  10000-4 0  9993
2 34770  88.2458 111.9570 0028162 185.0089  60.5237 13.73436428000017
IRIDIUM 33 DEBRIS #471
1 34771U 20001A   26236.50000000  .00001000  00000+0  10000-4 0  9994
2 34771  87.4160  58.5049 0028351 221.4151 193.1956 14.37167978000014
IRIDIUM 33 DEBRIS #472
1 34772U 20001A   26236.50000000  .00001000  00000+0  10000-4 0  9995
2 34772  86.9011 301.9258 0087737  55.9753  90.7063 14.52747950000014
IRIDIUM 33 DEBRIS #473
1 34773U 20001A   26236.50000000  .00001000  00000+0  10000-4 0  9996
2 34773  85.5097 175.4189 0104778  47.4045 269.7502 13.89599152000010
IRIDIUM 33 DEBRIS #474
1 34774U 20001A   26236.50000000  .00001000  00000+0  10000-4 0  9997
2 34774  86.4996  39.4942 0153296 129.5646 216.8796 14.93488084000018
IRIDIUM 33 DEBRIS #475
1 34775U 20001A   26236.50000000  .00001000  00000+0  10000-4 0  9998
2 34775  85.1851   3.6748 0053021   4.6965  13.0016 14.47822389000015
IRIDIUM 33 DEBRIS #476
1 34776U 20001A   26236.50000000  .00001000  00000+0  10000-4 0  9999
2 34776  85.2314  18.2548 0328615  78.8463  47.2322 14.57422997000012
IRIDIUM 33 DEBRIS #477
1 34777U 20001A   26236.50000000  .00001000  00000+0  10000-4 0  9990
2 34777  87.2678 179.2897 0299165 315.2918  87.7317 13.77806896000011
IRIDIUM 33 DEBRIS #478
1 34778U 20001A   26236.50000000  .00001000  00000+0  10000-4 0  9991
2 34778  87.2714  14.9144 0274127  33.6733 120.7675 13.78289989000014
IRIDIUM 33 DEBRIS #479
1 34779U 20001A   26236.50000000  .00001000  00000+0  10000-4 0  9992
2 34779  84.5881  91.2476 0076994 296.9562 123.9964 14.55505470000010
IRIDIUM 33 DEBRIS #480
1 34780U 20001A   26236.50000000  .00001000  00000+0  10000-4 0  9994
2 34780  87.5722  83.0913 0291580 128.1092 325.1136 14.23968528000017
IRIDIUM 33 DEBRIS #481
1 34781U 20001A   26236.50000000  .00001000  00000+0  10000-4 0  9995
2 34781  84.7838 193.4169 0054886   8.2504  58.2837 13.69945273000019
IRIDIUM 33 DEBRIS #482
1 34782U 20001A   26236.50000000  .00001000  00000+0  10000-4 0  9996
2 34782  86.7929 149.6558 0310376 267.2267 169.0835 14.56010281000018
IRIDIUM 33 DEBRIS #483
1 34783U 20001A   26236.50000000  .00001000  00000+0  10000-4 0  9997
2 34783  85.9125 218.9226 0302604 269.6667 191.1189 13.82276990000012
IRIDIUM 33 DEBRIS #484
1 34784U 20001A   26236.50000000  .00001000  00000+0  10000-4 0  9998
2 34784  84.8773 282.6570 0099648 267.0747 295.6241 14.77900560000013
IRIDIUM 33 DEBRIS #485
1 34785U 20001A   26236.50000000  .00001000  00000+0  10000-4 0  9999
2 34785  84.6675 139.3558 0065148 288.5250  73.0887 14.39448472000013
IRIDIUM 33 DEBRIS #486
1 34786U 20001A   26236.50000000  .00001000  00000+0  10000-4 0  9990
2 34786  84.8741 175.2652 0180369 200.5848 132.6868 14.11364949000011
IRIDIUM 33 DEBRIS #487
1 34787U 20001A   26236.50000000  .00001000  00000+0  10000-4 0  9991
2 34787  87.7650 302.9165 0318519 271.1315 320.7329 14.24470641000017
IRIDIUM 33 DEBRIS #488
1 34788U 20001A   26236.50000000  .00001000  00000+0  10000-4 0  9992
2 34788  85.9327 252.1534 0326152 184.3722 141.7379 13.71775774000016
IRIDIUM 33 DEBRIS #489
1 34789U 20001A   26236.50000000  .00001000  00000+0  10000-4 0  9993
2 34789  85.8467 109.1508 0107559  91.7049 236.1698 14.66829389000014
IRIDIUM 33 DEBRIS #490
1 34790U 20001A   26236.50000000  .00001000  00000+0  10000-4 0  9995
2 34790  86.1639 155.3347 0343096 217.6773  67.8832 14.55880093000012
IRIDIUM 33 DEBRIS #491
1 34791U 20001A   26236.50000000  .00001000  00000+0  10000-4 0  9996
2 34791  85.2989 150.0596 0012902 135.6944 163.3015 14.50611252000016
IRIDIUM 33 DEBRIS #492
1 34792U 20001A   26236.50000000  .00001000  00000+0  10000-4 0  9997
2 34792  84.9179  60.8196 0055794  42.2896 106.3864 14.83488988000016
IRIDIUM 33 DEBRIS #493
1 34793U 20001A   26236.50000000  .00001000  00000+0  10000-4 0  9998
2 34793  84.9874  77.9192 0149718 298.3495 123.6682 13.79242361000010
IRIDIUM 33 DEBRIS #494
1 34794U 20001A   26236.50000000  .00001000  00000+0  10000-4 0  9999
2 34794  87.0182 250.3535 0100628 244.5040 306.0541 13.81182781000014
IRIDIUM 33 DEBRIS #495
1 34795U 20001A   26236.50000000  .00001000  00000+0  10000-4 0  9990
2 34795  86.9449 343.7855 0191492 355.0783 342.1336 14.29018924000015
IRIDIUM 33 DEBRIS #496
1 34796U 20001A   26236.50000000  .00001000  00000+0  10000-4 0  9991
2 34796  86.8708 266.3659 0326303  86.4367 112.0086 13.80652647000017
IRIDIUM 33 DEBRIS #497
1 34797U 20001A   26236.50000000  .00001000  00000+0  10000-4 0  9992
2 34797  87.6826  30.4687 0214266  94.9211  72.3648 14.55577760000012
IRIDIUM 33 DEBRIS #498
1 34798U 20001A   26236.50000000  .00001000  00000+0  10000-4 0  9993
2 34798  85.7553  86.1919 0055552 356.1566 341.0045 14.95197126000017
IRIDIUM 33 DEBRIS #499
1 34799U 20001A   26236.50000000  .00001000  00000+0  10000-4 0  9994
2 34799  88.2964  67.1972 0134315 191.3864  80.9686 13.68064447000013
IRIDIUM 33 DEBRIS #500
1 34800U 20001A   26236.50000000  .00001000  00000+0  10000-4 0  9997
2 34800  85.4430  72.8305 0287180  86.7188  28.3268 14.73248354000011
IRIDIUM 33 DEBRIS #501
1 34801U 20001A   26236.50000000  .00001000  00000+0  10000-4 0  9998
2 34801  87.7378 305.4022 0189860 134.5903 258.7565 14.16793491000015
IRIDIUM 33 DEBRIS #502
1 34802U 20001A   26236.50000000  .00001000  00000+0  10000-4 0  9999
2 34802  85.8792 168.0856 0257439 202.9376  96.6827 14.88259265000010
IRIDIUM 33 DEBRIS #503
1 34803U 20001A   26236.50000000  .00001000  00000+0  10000-4 0  9990
2 34803  85.7233 163.2713 0209521 287.0955  96.5704 14.85288029000015
IRIDIUM 33 DEBRIS #504
1 34804U 20001A   26236.50000000  .00001000  00000+0  10000-4 0  9991
2 34804  87.4884 324.5356 0226147 129.7773  86.3745 14.92578522000015
IRIDIUM 33 DEBRIS #505
1 34805U 20001A   26236.50000000  .00001000  00000+0  10000-4 0  9992
2 34805  85.8829 169.9877 0301463 335.2296 214.0730 14.15023845000017
IRIDIUM 33 DEBRIS #506
1 34806U 20001A   26236.50000000  .00001000  00000+0  10000-4 0  9993
2 34806  86.4112 346.4190 0031617 100.9286  28.4683 13.89207044000016
IRIDIUM 33 DEBRIS #507
1 34807U 20001A   26236.50000000  .00001000  00000+0  10000-4 0  9994
2 34807  85.7730 133.1781 0192065 206.1671 333.1055 14.87156222000013
IRIDIUM 33 DEBRIS #508
1 34808U 20001A   26236.50000000  .00001000  00000+0  10000-4 0  9995
2 34808  88.1474 330.1434 0114158 123.0086 273.7504 13.72255370000019
IRIDIUM 33 DEBRIS #509
1 34809U 20001A   26236.50000000  .00001000  00000+0  10000-4 0  9996
2 34809  86.7838 116.3147 0329583 142.9470 303.9262 14.40600321000013
IRIDIUM 33 DEBRIS #510
1 34810U 20001A   26236.50000000  .00001000  00000+0  10000-4 0  9998
2 34810  85.1269 307.2415 0091439 353.1015  49.2152 14.23448046000015
IRIDIUM 33 DEBRIS #511
1 34811U 20001A   26236.50000000  .00001000  00000+0  10000-4 0  9999
2 34811  85.8718 258.2656 0345681 138.5301 335.9251 13.97197312000010
IRIDIUM 33 DEBRIS #512
1 34812U 20001A   26236.50000000  .00001000  00000+0  10000-4 0  9990
2 34812  85.5437 359.1706 0334243 210.0676  89.2125 14.51093121000019
IRIDIUM 33 DEBRIS #513
1 34813U 20001A   26236.50000000  .00001000  00000+0  10000-4 0  9991
2 34813  87.9890 338.7451 0287636 114.0246 111.2207 14.02139640000018
IRIDIUM 33 DEBRIS #514
1 34814U 20001A   26236.50000000  .00001000  00000+0  10000-4 0  9992
2 34814  87.2736  20.1012 0202634 277.3152  81.3620 13.90801500000013
IRIDIUM 33 DEBRIS #515
1 34815U 20001A   26236.50000000  .00001000  00000+0  10000-4 0  9993
2 34815  88.2442 245.0411 0016144 247.0530  43.9135 14.34782107000018
IRIDIUM 33 DEBRIS #516
1 34816U 20001A   26236.50000000  .00001000  00000+0  10000-4 0  9994
2 34816  88.1606 295.9026 0322715  43.2890 132.6097 13.79892425000011
IRIDIUM 33 DEBRIS #517
1 34817U 20001A   26236.50000000  .00001000  00000+0  10000-4 0  9995
2 34817  86.5959  33.2561 0327060  56.3106 130.5893 13.99319185000015
IRIDIUM 33 DEBRIS #518
1 34818U 20001A   26236.50000000  .00001000  00000+0  10000-4 0  9996
2 34818  88.2778 100.5697 0314728 326.1037 287.1038 14.20612380000018
IRIDIUM 33 DEBRIS #519
1 34819U 20001A   26236.50000000  .00001000  00000+0  10000-4 0  9997
2 34819  85.4390 303.8910 0231165  17.4994 178.9992 14.55019765000011
IRIDIUM 33 DEBRIS #520
1 34820U 20001A   26236.50000000  .00001000  00000+0  10000-4 0  9999
2 34820  86.9713  58.8962 0230355   9.1134 190.4532 14.74221504000012
IRIDIUM 33 DEBRIS #521
1 34821U 20001A   26236.50000000  .00001000  00000+0  10000-4 0  9990
2 34821  87.5865 315.1123 0288920 160.0954 163.0679 13.91159016000018
IRIDIUM 33 DEBRIS #522
1 34822U 20001A   26236.50000000  .00001000  00000+0  10000-4 0  9991
2 34822  86.7092 144.1098 0120130 168.4910  40.1310 13.86362039000017
IRIDIUM 33 DEBRIS #523
1 34823U 20001A   26236.50000000  .00001000  00000+0  10000-4 0  9992
2 34823  88.0441 232.4540 0025858 252.0957 293.5048 14.66846897000016
IRIDIUM 33 DEBRIS #524
1 34824U 20001A   26236.50000000  .00001000  00000+0  10000-4 0  9993
2 34824  87.6547 335.6744 0031379 132.2956 233.6678 14.89860020000017
IRIDIUM 33 DEBRIS #525
1 34825U 20001A   26236.50000000  .00001000  00000+0  10000-4 0  9994
2 34825  87.0331  16.4269 0018607 308.2806  64.1453 13.81277629000013
IRIDIUM 33 DEBRIS #526
1 34826U 20001A   26236.50000000  .00001000  00000+0  10000-4 0  9995
2 34826  84.9121 111.3080 0118728 340.3307  43.1694 14.52759530000010
IRIDIUM 33 DEBRIS #527
1 34827U 20001A   26236.50000000  .00001000  00000+0  10000-4 0  9996
2 34827  84.5059 108.4046 0339004  44.4304 330.6503 14.56921960000012
IRIDIUM 33 DEBRIS #528
1 34828U 20001A   26236.50000000  .00001000  00000+0  10000-4 0  9997
2 34828  87.4523 190.4712 0223365 357.6437 327.0359 13.72158244000013
IRIDIUM 33 DEBRIS #529
1 34829U 20001A   26236.50000000  .00001000  00000+0  10000-4 0  9998
2 34829  85.1938  71.3216 0221627  55.5029 279.2036 14.09149020000018
IRIDIUM 33 DEBRIS #530
1 34830U 20001A   26236.50000000  .00001000  00000+0  10000-4 0  9990
2 34830  85.1040 259.5045 0214317 261.4516 308.1403 13.86108184000011
IRIDIUM 33 DEBRIS #531
1 34831U 20001A   26236.50000000  .00001000  00000+0  10000-4 0  9991
2 34831  87.5364 123.8290 0254506 126.8096 321.5705 14.95290429000012
IRIDIUM 33 DEBRIS #532
1 34832U 20001A   26236.50000000  .00001000  00000+0  10000-4 0  9992
2 34832  87.0371  76.7551 0089774 230.3772 277.5088 13.83656634000011
IRIDIUM 33 DEBRIS #533
1 34833U 20001A   26236.50000000  .00001000  00000+0  10000-4 0  9993
2 34833  86.1708 251.7518 0074635 218.8525   0.5127 14.33109745000011
IRIDIUM 33 DEBRIS #534
1 34834U 20001A   26236.50000000  .00001000  00000+0  10000-4 0  9994
2 34834  85.8544 170.5253 0245787 299.3748 281.4691 14.85216273000017
IRIDIUM 33 DEBRIS #535
1 34835U 20001A   26236.50000000  .00001000  00000+0  10000-4 0  9995
2 34835  85.3020  81.5894 0155119 349.9174 169.0353 14.31018627000018
IRIDIUM 33 DEBRIS #536
1 34836U 20001A   26236.50000000  .00001000  00000+0  10000-4 0  9996
2 34836  84.7666  17.6238 0341881  67.4775 218.5683 13.66378635000013
IRIDIUM 33 DEBRIS #537
1 34837U 20001A   26236.50000000  .00001000  00000+0  10000-4 0  9997
2 34837  87.5516  43.4855 0181926 307.2745 137.2079 13.82175289000019
IRIDIUM 33 DEBRIS #538
1 34838U 20001A   26236.50000000  .00001000  00000+0  10000-4 0  9998
2 34838  84.7947 176.9012 0063030 232.1302 342.7741 13.73968735000019
IRIDIUM 33 DEBRIS #539
1 34839U 20001A   26236.50000000  .00001000  00000+0  10000-4 0  9999
2 34839  88.3219  80.0141 0337333 227.5632  65.8386 14.54887927000015
IRIDIUM 33 DEBRIS #540
1 34840U 20001A   26236.50000000  .00001000  00000+0  10000-4 0  9991
2 34840  84.7586 309.2509 0236515 156.5070 254.6825 14.77854032000017
IRIDIUM 33 DEBRIS #541
1 34841U 20001A   26236.50000000  .00001000  00000+0  10000-4 0  9992
2 34841  85.4486 309.4305 0274979 116.7523 271.3506 14.26986692000012
IRIDIUM 33 DEBRIS #542
1 34842U 20001A   26236.50000000  .00001000  00000+0  10000-4 0  9993
2 34842  84.9241  75.5353 0339753 248.7066  54.9959 13.90336732000011
IRIDIUM 33 DEBRIS #543
1 34843U 20001A   26236.50000000  .00001000  00000+0  10000-4 0  9994
2 34843  88.2091 331.0714 0182841 271.5773 105.1333 14.48863661000011
IRIDIUM 33 DEBRIS #544
1 34844U 20001A   26236.50000000  .00001000  00000+0  10000-4 0  9995
2 34844  88.3886 124.5982 0346732 203.7865 258.2478 14.80129007000012
IRIDIUM 33 DEBRIS #545
1 34845U 20001A   26236.50000000  .00001000  00000+0  10000-4 0  9996
2 34845  87.0600 246.7181 0302479 345.0076 145.8099 13.85009349000015
IRIDIUM 33 DEBRIS #546
1 34846U 20001A   26236.50000000  .00001000  00000+0  10000-4 0  9997
2 34846  85.9081 295.5790 0220097  75.9829 236.1923 14.99028131000010
IRIDIUM 33 DEBRIS #547
1 34847U 20001A   26236.50000000  .00001000  00000+0  10000-4 0  9998
2 34847  88.0009  87.2075 0315010 172.3638 287.5457 14.70649811000012
IRIDIUM 33 DEBRIS #548
1 34848U 20001A   26236.50000000  .00001000  00000+0  10000-4 0  9999
2 34848  84.6667 233.1915 0190734 246.1227 177.0395 13.98017843000015
IRIDIUM 33 DEBRIS #549
1 34849U 20001A   26236.50000000  .00001000  00000+0  10000-4 0  9990
2 34849  84.8182  85.0733 0175092 308.4379 341.9200 14.04135743000017
IRIDIUM 33 DEBRIS #550
1 34850U 20001A   26236.50000000  .00001000  00000+0  10000-4 0  9992
2 34850  87.4887 235.1524 0120146 237.5969  79.1106 13.61897288000019
IRIDIUM 33 DEBRIS #551
1 34851U 20001A   26236.50000000  .00001000  00000+0  10000-4 0  9993
2 34851  85.9415 144.4653 0029492 239.0293  82.5259 14.69836311000010
IRIDIUM 33 DEBRIS #552
1 34852U 20001A   26236.50000000  .00001000  00000+0  10000-4 0  9994
2 34852  87.7127 170.4696 0134227 262.9791 284.6715 13.68856057000017
IRIDIUM 33 DEBRIS #553
1 34853U 20001A   26236.50000000  .00001000  00000+0  10000-4 0  9995
2 34853  84.5801 114.6314 0203350 337.2421 237.4878 14.71899503000013
IRIDIUM 33 DEBRIS #554
1 34854U 20001A   26236.50000000  .00001000  00000+0  10000-4 0  9996
2 34854  85.8731 154.1229 0254929 203.8415 330.5923 13.70082923000017
IRIDIUM 33 DEBRIS #555
1 34855U 20001A   26236.50000000  .00001000  00000+0  10000-4 0  9997
2 34855  85.7689 154.1755 0015748  32.8766 259.5227 14.90668331000019
IRIDIUM 33 DEBRIS #556
1 34856U 20001A   26236.50000000  .00001000  00000+0  10000-4 0  9998
2 34856  86.7697  76.1472 0119153 128.7910  66.5506 14.36597045000019
IRIDIUM 33 DEBRIS #557
1 34857U 20001A   26236.50000000  .00001000  00000+0  10000-4 0  9999
2 34857  86.3086   0.1901 0056609 156.4548  56.9865 13.95506931000012
IRIDIUM 33 DEBRIS #558
1 34858U 20001A   26236.50000000  .00001000  00000+0  10000-4 0  9990
2 34858  84.4596 224.1898 0231689 262.4271  32.3299 13.73453158000012
IRIDIUM 33 DEBRIS #559
1 34859U 20001A   26236.50000000  .00001000  00000+0  10000-4 0  9991
2 34859  85.6299 338.6883 0204335 154.7987 340.7886 14.65265687000014
IRIDIUM 33 DEBRIS #560
1 34860U 20001A   26236.50000000  .00001000  00000+0  10000-4 0  9993
2 34860  86.0141 191.5129 0230070 203.9021 188.3591 14.16837682000012
IRIDIUM 33 DEBRIS #561
1 34861U 20001A   26236.50000000  .00001000  00000+0  10000-4 0  9994
2 34861  85.2625  59.3905 0176786  28.7651 216.6992 14.27742182000011
IRIDIUM 33 DEBRIS #562
1 34862U 20001A   26236.50000000  .00001000  00000+0  10000-4 0  9995
2 34862  87.4820  47.4666 0231691  10.1946 345.2918 14.54493012000016
IRIDIUM 33 DEBRIS #563
1 34863U 20001A   26236.50000000  .00001000  00000+0  10000-4 0  9996
2 34863  87.1818 346.9805 0191820 196.0908 126.8701 14.26521605000016
IRIDIUM 33 DEBRIS #564
1 34864U 20001A   26236.50000000  .00001000  00000+0  10000-4 0  9997
2 34864  87.7626 336.9490 0329839 324.0393 251.3821 14.55891291000013
IRIDIUM 33 DEBRIS #565
1 34865U 20001A   26236.50000000  .00001000  00000+0  10000-4 0  9998
2 34865  85.6351  41.5037 0041176 118.3736  67.8154 14.67794875000014
IRIDIUM 33 DEBRIS #566
1 34866U 20001A   26236.50000000  .00001000  00000+0  10000-4 0  9999
2 34866  88.2153 241.9609 0277116  65.4080  44.8881 14.49170787000016
IRIDIUM 33 DEBRIS #567
1 34867U 20001A   26236.50000000  .00001000  00000+0  10000-4 0  9990
2 34867  84.5827  43.5785 0033546 278.8545 175.0644 14.77903087000010
IRIDIUM 33 DEBRIS #568
1 34868U 20001A   26236.50000000  .00001000  00000+0  10000-4 0  9991
2 34868  85.9125 357.5474 0201433 331.7979 172.7777 14.23853273000015
IRIDIUM 33 DEBRIS #569
1 34869U 20001A   26236.50000000  .00001000  00000+0  10000-4 0  9992
2 34869  87.2439   0.4286 0153094 142.4316 111.3073 14.38576736000015
IRIDIUM 33 DEBRIS #570
1 34870U 20001A   26236.50000000  .00001000  00000+0  10000-4 0  9994
2 34870  87.0615 156.6930 0146310 213.5109 332.4086 14.40135420000018
IRIDIUM 33 DEBRIS #571
1 34871U 20001A   26236.50000000  .00001000  00000+0  10000-4 0  9995
2 34871  87.9393  32.0497 0287513 125.1211 248.6254 14.13991969000012
IRIDIUM 33 DEBRIS #572
1 34872U 20001A   26236.50000000  .00001000  00000+0  10000-4 0  9996
2 34872  84.5351 308.8443 0021228 127.0812 251.6514 14.16938846000013
IRIDIUM 33 DEBRIS #573
1 34873U 20001A   26236.50000000  .00001000  00000+0  10000-4 0  9997
2 34873  86.2810  13.5486 0261299 203.4167 221.9251 14.96507209000017
IRIDIUM 33 DEBRIS #574
1 34874U 20001A   26236.50000000  .00001000  00000+0  10000-4 0  9998
2 34874  88.2515 158.8966 0047369 234.0266  49.4471 14.48898563000018
IRIDIUM 33 DEBRIS #575
1 34875U 20001A   26236.50000000  .00001000  00000+0  10000-4 0  9999
2 34875  87.1838  80.1865 0080002 213.6832 258.8457 14.57261009000012
IRIDIUM 33 DEBRIS #576
1 34876U 20001A   26236.50000000  .00001000  00000+0  10000-4 0  9990
2 34876  85.1170 125.9152 0064914 148.8692  74.2932 13.82554319000018
IRIDIUM 33 DEBRIS #577
1 34877U 20001A   26236.50000000  .00001000  00000+0  10000-4 0  9991
2 34877  85.5988 355.4813 0300130 329.8195 223.4754 14.45971413000014
IRIDIUM 33 DEBRIS #578
1 34878U 20001A   26236.50000000  .00001000  00000+0  10000-4 0  9992
2 34878  86.6384 205.1700 0124035 332.1372 149.0211 14.15085929000011
IRIDIUM 33 DEBRIS #579
1 34879U 20001A   26236.50000000  .00001000  00000+0  10000-4 0  9993
2 34879  86.1385 107.4734 0122338 324.4056 332.4045 13.96641531000014
IRIDIUM 33 DEBRIS #580
1 34880U 20001A   26236.50000000  .00001000  00000+0  10000-4 0  9995
2 34880  87.3813 110.6610 0097515 322.8076 220.3152 13.70219151000011
IRIDIUM 33 DEBRIS #581
1 34881U 20001A   26236.50000000  .00001000  00000+0  10000-4 0  9996
2 34881  85.9821 334.0811 0210290  87.2849 254.0474 14.65417409000019
IRIDIUM 33 DEBRIS #582
1 34882U 20001A   26236.50000000  .00001000  00000+0  10000-4 0  9997
2 34882  87.8309  99.2837 0163302 317.1303 315.7464 13.91698093000013
IRIDIUM 33 DEBRIS #583
1 34883U 20001A   26236.50000000  .00001000  00000+0  10000-4 0  9998
2 34883  85.4552 189.2968 0239847 202.0886  52.5975 14.52033573000016
IRIDIUM 33 DEBRIS #584
1 34884U 20001A   26236.50000000  .00001000  00000+0  10000-4 0  9999
2 34884  84.5910 118.1477 0152843 171.7301 336.6645 14.44761425000010
IRIDIUM 33 DEBRIS #585
1 34885U 20001A   26236.50000000  .00001000  00000+0  10000-4 0  9990
2 34885  88.3533 240.8428 0191280 188.0586 308.9281 14.67875184000018
IRIDIUM 33 DEBRIS #586
1 34886U 20001A   26236.50000000  .00001000  00000+0  10000-4 0  9991
2 34886  85.4784  89.7038 0045227 321.9178 205.5625 13.61116654000013
IRIDIUM 33 DEBRIS #587
1 34887U 20001A   26236.50000000  .00001000  00000+0  10000-4 0  9992
2 34887  84.9164 248.8579 0049148  15.6066 117.6565 14.27023207000017
IRIDIUM 33 DEBRIS #588
1 34888U 20001A   26236.50000000  .00001000  00000+0  10000-4 0  9993
2 34888  87.9970 186.6860 0075523 282.3728 133.3958 14.48241616000012
IRIDIUM 33 DEBRIS #589
1 34889U 20001A   26236.50000000  .00001000  00000+0  10000-4 0  9994
2 34889  86.2905 210.8178 0302108  87.9962  15.4479 13.77592532000011
IRIDIUM 33 DEBRIS #590
1 34890U 20001A   26236.50000000  .00001000  00000+0  10000-4 0  9996
2 34890  85.5126 155.8214 0113491  53.4174 219.9378 14.90046055000016
IRIDIUM 33 DEBRIS #591
1 34891U 20001A   26236.50000000  .00001000  00000+0  10000-4 0  9997
2 34891  86.6663 296.2658 0058087 128.0777  49.0898 14.63221540000017
IRIDIUM 33 DEBRIS #592
1 34892U 20001A   26236.50000000  .00001000  00000+0  10000-4 0  9998
2 34892  84.8592 264.1820 0166900 311.1549 190.3554 14.80186035000017
IRIDIUM 33 DEBRIS #593
1 34893U 20001A   26236.50000000  .00001000  00000+0  10000-4 0  9999
2 34893  86.7796  68.5133 0207999 302.2498 346.9833 14.47920622000016
IRIDIUM 33 DEBRIS #594
1 34894U 20001A   26236.50000000  .00001000  00000+0  10000-4 0  9990
2 34894  86.6215 154.8879 0284095 219.4142 339.9775 14.89177703000012
IRIDIUM 33 DEBRIS #595
1 34895U 20001A   26236.50000000  .00001000  00000+0  10000-4 0  9991
2 34895  85.4444 129.7786 0111437 117.8122 139.6391 13.96312487000016
IRIDIUM 33 DEBRIS #596
1 34896U 20001A   26236.50000000  .00001000  00000+0  10000-4 0  9992
2 34896  84.7386  80.2160 0194293 318.6065 106.7844 14.11938126000019
IRIDIUM 33 DEBRIS #597
1 34897U 20001A   26236.50000000  .00001000  00000+0  10000-4 0  9993
2 34897  85.1343 298.3729 0063574  48.8635 308.8711 14.53904791000018
IRIDIUM 33 DEBRIS #598
1 34898U 20001A   26236.50000000  .00001000  00000+0  10000-4 0  9994
2 34898  85.1796 164.7069 0072257 236.1684   6.7380 14.16920846000012
IRIDIUM 33 DEBRIS #599
1 34899U 20001A   26236.50000000  .00001000  00000+0  10000-4 0  9995
2 34899  85.3280 162.2744 0207011 249.5327 288.3586 14.30620857000017
IRIDIUM 33 DEBRIS #600
1 34900U 20001A   26236.50000000  .00001000  00000+0  10000-4 0  9998
2 34900  85.9850 295.7596 0292606 284.9291 355.8876 13.64573736000014
COSMOS 1408 DEBRIS #1
1 49901U 20001A   26236.50000000  .00001000  00000+0  10000-4 0  9995
2 49901  83.1045 255.8720 0360930 101.0087 271.1748 15.16743747000019
COSMOS 1408 DEBRIS #2
1 49902U 20001A   26236.50000000  .00001000  00000+0  10000-4 0  9996
2 49902  84.3371  55.0766 0325792 238.5591 175.4264 14.35243999000011
COSMOS 1408 DEBRIS #3
1 49903U 20001A   26236.50000000  .00001000  00000+0  10000-4 0  9997
2 49903  84.0571  23.1881 0120128 108.7553 302.9301 15.88902989000016
COSMOS 1408 DEBRIS #4
1 49904U 20001A   26236.50000000  .00001000  00000+0  10000-4 0  9998
2 49904  80.7338  82.2171 0321696 341.0097  58.8130 15.61901581000012
COSMOS 1408 DEBRIS #5
1 49905U 20001A   26236.50000000  .00001000  00000+0  10000-4 0  9999
2 49905  83.7603 219.4207 0126525  65.2227 270.5783 14.86443386000016
COSMOS 1408 DEBRIS #6
1 49906U 20001A   26236.50000000  .00001000  00000+0  10000-4 0  9990
2 49906  83.4193 271.4010 0308334  48.0516 357.8459 14.53824956000017
COSMOS 1408 DEBRIS #7
1 49907U 20001A   26236.50000000  .00001000  00000+0  10000-4 0  9991
2 49907  82.9944  84.1583 0071791 144.4582 356.9423 14.42855148000014
COSMOS 1408 DEBRIS #8
1 49908U 20001A   26236.50000000  .00001000  00000+0  10000-4 0  9992
2 49908  81.3621 316.0133 0107294  91.3100 168.6406 14.57308130000011
COSMOS 1408 DEBRIS #9
1 49909U 20001A   26236.50000000  .00001000  00000+0  10000-4 0  9993
2 49909  80.7709 249.2129 0274724 164.2659 335.8133 14.92721968000018
COSMOS 1408 DEBRIS #10
1 49910U 20001A   26236.50000000  .00001000  00000+0  10000-4 0  9995
2 49910  80.5428 308.1250 0073957 219.5860 270.3254 15.01325980000011
COSMOS 1408 DEBRIS #11
1 49911U 20001A   26236.50000000  .00001000  00000+0  10000-4 0  9996
2 49911  81.7608 323.5122 0041532 133.2702  20.1780 14.67258982000018
COSMOS 1408 DEBRIS #12
1 49912U 20001A   26236.50000000  .00001000  00000+0  10000-4 0  9997
2 49912  84.2662  62.2950 0107715 277.0497 293.7833 15.18892605000017
COSMOS 1408 DEBRIS #13
1 49913U 20001A   26236.50000000  .00001000  00000+0  10000-4 0  9998
2 49913  81.1825  10.4556 0122924 285.2654  16.8000 15.76042966000018
COSMOS 1408 DEBRIS #14
1 49914U 20001A   26236.50000000  .00001000  00000+0  10000-4 0  9999
2 49914  82.6607 165.0430 0379688 291.4198 286.9788 15.55924336000014
COSMOS 1408 DEBRIS #15
1 49915U 20001A   26236.50000000  .00001000  00000+0  10000-4 0  9990
2 49915  84.1691   5.8988 0192603  58.8264 286.9447 14.47717525000015
COSMOS 1408 DEBRIS #16
1 49916U 20001A   26236.50000000  .00001000  00000+0  10000-4 0  9991
2 49916  81.6707 317.1888 0042226 259.9964 329.8651 15.58435115000019
COSMOS 1408 DEBRIS #17
1 49917U 20001A   26236.50000000  .00001000  00000+0  10000-4 0  9992
2 49917  81.5358 317.9152 0195776  36.5725 330.2439 15.51951945000013
COSMOS 1408 DEBRIS #18
1 49918U 20001A   26236.50000000  .00001000  00000+0  10000-4 0  9993
2 49918  83.0688 248.7542 0142023  38.1135 283.1975 14.64276518000011
COSMOS 1408 DEBRIS #19
1 49919U 20001A   26236.50000000  .00001000  00000+0  10000-4 0  9994
2 49919  82.9029 310.4156 0371750 129.5139 194.9846 14.28507895000018
COSMOS 1408 DEBRIS #20
1 49920U 20001A   26236.50000000  .00001000  00000+0  10000-4 0  9996
2 49920  82.6473 331.3794 0078552 226.4120 122.2122 15.35198504000014
COSMOS 1408 DEBRIS #21
1 49921U 20001A   26236.50000000  .00001000  00000+0  10000-4 0  9997
2 49921  83.9888  23.0720 0079109 288.9592 210.5760 15.21795524000017
COSMOS 1408 DEBRIS #22
1 49922U 20001A   26236.50000000  .00001000  00000+0  10000-4 0  9998
2 49922  83.2524 138.6999 0308134  91.7001 182.5680 14.67897062000015
COSMOS 1408 DEBRIS #23
1 49923U 20001A   26236.50000000  .00001000  00000+0  10000-4 0  9999
2 49923  83.4580 340.9756 0204477 162.4930 276.9916 15.26624179000014
COSMOS 1408 DEBRIS #24
1 49924U 20001A   26236.50000000  .00001000  00000+0  10000-4 0  9990
2 49924  80.8052  67.0705 0069396  16.9727 191.1297 14.34611955000013
COSMOS 1408 DEBRIS #25
1 49925U 20001A   26236.50000000  .00001000  00000+0  10000-4 0  9991
2 49925  84.3640  15.1069 0284817 199.0076 290.6433 15.87028436000012
COSMOS 1408 DEBRIS #26
1 49926U 20001A   26236.50000000  .00001000  00000+0  10000-4 0  9992
2 49926  83.4710  17.9988 0368205  26.6162 307.8208 15.85919655000017
COSMOS 1408 DEBRIS #27
1 49927U 20001A   26236.50000000  .00001000  00000+0  10000-4 0  9993
2 49927  83.9518 174.5033 0283562 335.7117 215.3751 15.55649417000015
COSMOS 1408 DEBRIS #28
1 49928U 20001A   26236.50000000  .00001000  00000+0  10000-4 0  9994
2 49928  81.9101 211.5925 0255382 127.7855 215.3439 14.62809256000010
COSMOS 1408 DEBRIS #29
1 49929U 20001A   26236.50000000  .00001000  00000+0  10000-4 0  9995
2 49929  83.4409 323.0640 0061568  63.1810 325.9138 14.37344023000019
COSMOS 1408 DEBRIS #30
1 49930U 20001A   26236.50000000  .00001000  00000+0  10000-4 0  9997
2 49930  84.2814 269.4378 0114913  65.4436   7.7270 15.14784573000019
COSMOS 1408 DEBRIS #31
1 49931U 20001A   26236.50000000  .00001000  00000+0  10000-4 0  9998
2 49931  83.9286  53.8753 0062935 244.4858 246.6357 14.49945087000010
COSMOS 1408 DEBRIS #32
1 49932U 20001A   26236.50000000  .00001000  00000+0  10000-4 0  9999
2 49932  81.5427 316.4652 0165350 327.1578 266.4136 15.82879384000010
COSMOS 1408 DEBRIS #33
1 49933U 20001A   26236.50000000  .00001000  00000+0  10000-4 0  9990
2 49933  80.5060 194.2482 0094290 105.9940 159.4147 15.85947536000016
COSMOS 1408 DEBRIS #34
1 49934U 20001A   26236.50000000  .00001000  00000+0  10000-4 0  9991
2 49934  84.1194   6.6678 0210837 183.0868 208.8398 15.08156039000013
COSMOS 1408 DEBRIS #35
1 49935U 20001A   26236.50000000  .00001000  00000+0  10000-4 0  9992
2 49935  81.8224  97.5464 0027907 309.6653 220.9859 14.48255718000010
COSMOS 1408 DEBRIS #36
1 49936U 20001A   26236.50000000  .00001000  00000+0  10000-4 0  9993
2 49936  82.0101 182.6953 0152757 314.9841  68.2079 15.24053164000010
COSMOS 1408 DEBRIS #37
1 49937U 20001A   26236.50000000  .00001000  00000+0  10000-4 0  9994
2 49937  83.2275 178.8607 0257087 143.0139 228.4779 15.73641537000010
COSMOS 1408 DEBRIS #38
1 49938U 20001A   26236.50000000  .00001000  00000+0  10000-4 0  9995
2 49938  81.3368 341.1463 0247138  83.9417  66.5951 14.73810509000014
COSMOS 1408 DEBRIS #39
1 49939U 20001A   26236.50000000  .00001000  00000+0  10000-4 0  9996
2 49939  84.1851 170.6995 0322020 129.1294  55.2999 14.47203056000019
COSMOS 1408 DEBRIS #40
1 49940U 20001A   26236.50000000  .00001000  00000+0  10000-4 0  9998
2 49940  82.1734 318.8960 0152730 291.4276  48.1756 14.34231542000018
COSMOS 1408 DEBRIS #41
1 49941U 20001A   26236.50000000  .00001000  00000+0  10000-4 0  9999
2 49941  83.1165 206.1737 0372429 102.9015  25.6809 14.45654594000012
COSMOS 1408 DEBRIS #42
1 49942U 20001A   26236.50000000  .00001000  00000+0  10000-4 0  9990
2 49942  84.1962 343.8181 0312069  54.5885 114.3886 14.57122271000018
COSMOS 1408 DEBRIS #43
1 49943U 20001A   26236.50000000  .00001000  00000+0  10000-4 0  9991
2 49943  83.5298 252.4073 0172844 166.7780 259.2726 14.94101580000017
COSMOS 1408 DEBRIS #44
1 49944U 20001A   26236.50000000  .00001000  00000+0  10000-4 0  9992
2 49944  81.1167 147.0980 0334133 239.0689 343.4239 15.42862377000013
COSMOS 1408 DEBRIS #45
1 49945U 20001A   26236.50000000  .00001000  00000+0  10000-4 0  9993
2 49945  80.6710 135.7140 0147385 185.1739 232.6706 14.64065521000019
COSMOS 1408 DEBRIS #46
1 49946U 20001A   26236.50000000  .00001000  00000+0  10000-4 0  9994
2 49946  82.7049  34.9546 0097809 235.6925 273.7019 14.38184755000016
COSMOS 1408 DEBRIS #47
1 49947U 20001A   26236.50000000  .00001000  00000+0  10000-4 0  9995
2 49947  80.6618  98.1401 0223084 253.5741  56.5322 15.64668547000019
COSMOS 1408 DEBRIS #48
1 49948U 20001A   26236.50000000  .00001000  00000+0  10000-4 0  9996
2 49948  83.7757  30.1349 0343191 298.3808 281.5599 14.36041407000012
COSMOS 1408 DEBRIS #49
1 49949U 20001A   26236.50000000  .00001000  00000+0  10000-4 0  9997
2 49949  81.9885 106.5861 0271843 256.0424 193.7975 15.70184082000019
COSMOS 1408 DEBRIS #50
1 49950U 20001A   26236.50000000  .00001000  00000+0  10000-4 0  9999
2 49950  83.9789 195.6384 0223598 107.2635   3.0370 15.88543770000014
COSMOS 1408 DEBRIS #51
1 49951U 20001A   26236.50000000  .00001000  00000+0  10000-4 0  9990
2 49951  83.5543  39.5047 0144152  21.0556 111.3494 15.14566243000013
COSMOS 1408 DEBRIS #52
1 49952U 20001A   26236.50000000  .00001000  00000+0  10000-4 0  9991
2 49952  81.7224  48.0835 0337991 286.0605  63.9581 14.20163199000011
COSMOS 1408 DEBRIS #53
1 49953U 20001A   26236.50000000  .00001000  00000+0  10000-4 0  9992
2 49953  84.2123 329.6039 0209174 172.9590 299.4870 15.28507761000012
COSMOS 1408 DEBRIS #54
1 49954U 20001A   26236.50000000  .00001000  00000+0  10000-4 0  9993
2 49954  82.5831 279.3378 0384709 101.4368 313.2779 15.28427000000015
COSMOS 1408 DEBRIS #55
1 49955U 20001A   26236.50000000  .00001000  00000+0  10000-4 0  9994
2 49955  83.4957 279.0255 0065125  46.5484 106.6299 14.94008550000010
COSMOS 1408 DEBRIS #56
1 49956U 20001A   26236.50000000  .00001000  00000+0  10000-4 0  9995
2 49956  81.2212 219.7854 0291646  52.1390  27.0373 14.94140181000011
COSMOS 1408 DEBRIS #57
1 49957U 20001A   26236.50000000  .00001000  00000+0  10000-4 0  9996
2 49957  81.2321 110.0298 0044306 220.2243 191.4831 14.68334758000013
COSMOS 1408 DEBRIS #58
1 49958U 20001A   26236.50000000  .00001000  00000+0  10000-4 0  9997
2 49958  83.6834  40.5964 0298440 330.1332 204.6067 15.79402354000015
COSMOS 1408 DEBRIS #59
1 49959U 20001A   26236.50000000  .00001000  00000+0  10000-4 0  9998
2 49959  83.9475 311.7028 0054218 160.7449 297.1376 15.66659145000011
COSMOS 1408 DEBRIS #60
1 49960U 20001A   26236.50000000  .00001000  00000+0  10000-4 0  9990
2 49960  82.1250 219.3877 0391170 248.6357  34.7526 14.67206464000019
COSMOS 1408 DEBRIS #61
1 49961U 20001A   26236.50000000  .00001000  00000+0  10000-4 0  9991
2 49961  81.1435 251.3912 0062139  20.5247 315.0660 15.13423967000010
COSMOS 1408 DEBRIS #62
1 49962U 20001A   26236.50000000  .00001000  00000+0  10000-4 0  9992
2 49962  82.1890   7.5372 0281511   0.7671   1.9378 14.48575556000012
COSMOS 1408 DEBRIS #63
1 49963U 20001A   26236.50000000  .00001000  00000+0  10000-4 0  9993
2 49963  84.2450 269.2785 0224911 142.5707 314.2685 14.52876604000013
COSMOS 1408 DEBRIS #64
1 49964U 20001A   26236.50000000  .00001000  00000+0  10000-4 0  9994
2 49964  80.5154 227.4510 0144122  87.9378 190.6057 14.50508273000018
COSMOS 1408 DEBRIS #65
1 49965U 20001A   26236.50000000  .00001000  00000+0  10000-4 0  9995
2 49965  81.4398 255.5224 0375420  58.2620 150.4547 15.14035623000014
COSMOS 1408 DEBRIS #66
1 49966U 20001A   26236.50000000  .00001000  00000+0  10000-4 0  9996
2 49966  83.7413  61.5298 0315774  22.4812 162.3967 15.50442083000016
COSMOS 1408 DEBRIS #67
1 49967U 20001A   26236.50000000  .00001000  00000+0  10000-4 0  9997
2 49967  82.6359 155.5904 0332601 336.0825 308.8060 15.48568707000018
COSMOS 1408 DEBRIS #68
1 49968U 20001A   26236.50000000  .00001000  00000+0  10000-4 0  9998
2 49968  81.2092 200.0916 0358023 180.5766 321.4645 15.69942402000010
COSMOS 1408 DEBRIS #69
1 49969U 20001A   26236.50000000  .00001000  00000+0  10000-4 0  9999
2 49969  83.1927 317.7950 0097461 146.7033 268.9142 15.58474752000013
COSMOS 1408 DEBRIS #70
1 49970U 20001A   26236.50000000  .00001000  00000+0  10000-4 0  9991
2 49970  82.5226 228.5999 0355643 328.6983 270.0153 15.83790763000013
COSMOS 1408 DEBRIS #71
1 49971U 20001A   26236.50000000  .00001000  00000+0  10000-4 0  9992
2 49971  83.5719  63.7319 0192852 198.7740 347.4476 14.62131467000018
COSMOS 1408 DEBRIS #72
1 49972U 20001A   26236.50000000  .00001000  00000+0  10000-4 0  9993
2 49972  80.9346 350.3331 0092151 284.7967  72.4050 15.32850082000015
COSMOS 1408 DEBRIS #73
1 49973U 20001A   26236.50000000  .00001000  00000+0  10000-4 0  9994
2 49973  81.4024 219.1586 0057676 182.9167 349.4939 15.11895924000017
COSMOS 1408 DEBRIS #74
1 49974U 20001A   26236.50000000  .00001000  00000+0  10000-4 0  9995
2 49974  81.8973  67.2606 0300125  22.7882 171.6735 15.43814894000016
COSMOS 1408 DEBRIS #75
1 49975U 20001A   26236.50000000  .00001000  00000+0  10000-4 0  9996
2 49975  83.3330 275.1314 0377570 342.9603 173.6203 14.23363424000010
COSMOS 1408 DEBRIS #76
1 49976U 20001A   26236.50000000  .00001000  00000+0  10000-4 0  9997
2 49976  82.0426 234.2313 0180546 133.2843 209.5204 15.26955443000012
COSMOS 1408 DEBRIS #77
1 49977U 20001A   26236.50000000  .00001000  00000+0  10000-4 0  9998
2 49977  80.5251 323.5874 0224525 235.5081  95.9044 14.37076696000016
COSMOS 1408 DEBRIS #78
1 49978U 20001A   26236.50000000  .00001000  00000+0  10000-4 0  9999
2 49978  83.5813 223.6212 0197493 147.5106 165.8320 14.95581096000016
COSMOS 1408 DEBRIS #79
1 49979U 20001A   26236.50000000  .00001000  00000+0  10000-4 0  9990
2 49979  82.5127  39.8408 0388576 307.1624 231.5705 14.91229873000017
COSMOS 1408 DEBRIS #80
1 49980U 20001A   26236.50000000  .00001000  00000+0  10000-4 0  9992
2 49980  82.6641 107.6071 0271081 243.2005 356.6433 14.50293164000012
COSMOS 1408 DEBRIS #81
1 49981U 20001A   26236.50000000  .00001000  00000+0  10000-4 0  9993
2 49981  83.7876  54.2431 0168499 343.2028 143.7314 14.82668707000013
COSMOS 1408 DEBRIS #82
1 49982U 20001A   26236.50000000  .00001000  00000+0  10000-4 0  9994
2 49982  82.0379  61.4934 0350553  33.9123 116.5222 15.17706845000016
COSMOS 1408 DEBRIS #83
1 49983U 20001A   26236.50000000  .00001000  00000+0  10000-4 0  9995
2 49983  81.3166 222.0274 0245407  58.5028 117.4141 15.71488552000015
COSMOS 1408 DEBRIS #84
1 49984U 20001A   26236.50000000  .00001000  00000+0  10000-4 0  9996
2 49984  82.9094 241.6185 0258744 159.9616 107.2301 14.21535519000013
COSMOS 1408 DEBRIS #85
1 49985U 20001A   26236.50000000  .00001000  00000+0  10000-4 0  9997
2 49985  81.0460 310.1951 0028540 171.0646 275.3396 14.65579903000015
COSMOS 1408 DEBRIS #86
1 49986U 20001A   26236.50000000  .00001000  00000+0  10000-4 0  9998
2 49986  82.1480 212.4956 0398866 157.6342 222.7449 14.30697953000016
COSMOS 1408 DEBRIS #87
1 49987U 20001A   26236.50000000  .00001000  00000+0  10000-4 0  9999
2 49987  82.4377 202.4769 0230233 110.5177 244.6976 15.21199129000014
COSMOS 1408 DEBRIS #88
1 49988U 20001A   26236.50000000  .00001000  00000+0  10000-4 0  9990
2 49988  81.5196 126.6996 0254766 146.0261  27.0965 15.17066358000011
COSMOS 1408 DEBRIS #89
1 49989U 20001A   26236.50000000  .00001000  00000+0  10000-4 0  9991
2 49989  82.5362 288.9820 0324753  40.5160 166.3356 15.63986581000017
COSMOS 1408 DEBRIS #90
1 49990U 20001A   26236.50000000  .00001000  00000+0  10000-4 0  9993
2 49990  81.6559 165.0008 0378615 143.5205 209.3490 14.78371656000013
COSMOS 1408 DEBRIS #91
1 49991U 20001A   26236.50000000  .00001000  00000+0  10000-4 0  9994
2 49991  83.7337  38.4544 0164711 192.1335  95.4796 15.51988975000016
COSMOS 1408 DEBRIS #92
1 49992U 20001A   26236.50000000  .00001000  00000+0  10000-4 0  9995
2 49992  81.7641 285.2407 0083332 290.2333 315.3018 15.28801655000014
COSMOS 1408 DEBRIS #93
1 49993U 20001A   26236.50000000  .00001000  00000+0  10000-4 0  9996
2 49993  81.8067  61.5245 0337563  59.0495  50.2348 15.87719479000019
COSMOS 1408 DEBRIS #94
1 49994U 20001A   26236.50000000  .00001000  00000+0  10000-4 0  9997
2 49994  82.3347 142.8147 0130153  22.0344 302.3522 15.22310983000011
COSMOS 1408 DEBRIS #95
1 49995U 20001A   26236.50000000  .00001000  00000+0  10000-4 0  9998
2 49995  81.2166 192.4709 0116011 277.2621   0.1961 15.08414188000019
COSMOS 1408 DEBRIS #96
1 49996U 20001A   26236.50000000  .00001000  00000+0  10000-4 0  9999
2 49996  84.0090 206.3284 0092182  14.8136 173.6883 15.33173317000011
COSMOS 1408 DEBRIS #97
1 49997U 20001A   26236.50000000  .00001000  00000+0  10000-4 0  9990
2 49997  83.1670 194.7086 0110045 170.5417 300.0267 15.21150747000018
COSMOS 1408 DEBRIS #98
1 49998U 20001A   26236.50000000  .00001000  00000+0  10000-4 0  9991
2 49998  83.4741  38.1551 0152100  85.1625  53.7758 15.87322159000016
COSMOS 1408 DEBRIS #99
1 49999U 20001A   26236.50000000  .00001000  00000+0  10000-4 0  9992
2 49999  84.3405 283.7890 0367775  76.6275 244.6765 14.28031361000015
COSMOS 1408 DEBRIS #100
1 50000U 20001A   26236.50000000  .00001000  00000+0  10000-4 0  9997
2 50000  83.3808 273.5180 0173252 312.9980 214.7185 15.20669559000012
COSMOS 1408 DEBRIS #101
1 50001U 20001A   26236.50000000  .00001000  00000+0  10000-4 0  9998
2 50001  83.0802   6.2235 0387931 105.4022 200.8649 14.80764187000018
COSMOS 1408 DEBRIS #102
1 50002U 20001A   26236.50000000  .00001000  00000+0  10000-4 0  9999
2 50002  83.5690  68.9695 0186544 304.0815 356.5899 15.12031592000017
COSMOS 1408 DEBRIS #103
1 50003U 20001A   26236.50000000  .00001000  00000+0  10000-4 0  9990
2 50003  82.2280 205.0136 0211008 259.5648   7.0220 15.01574903000017
COSMOS 1408 DEBRIS #104
1 50004U 20001A   26236.50000000  .00001000  00000+0  10000-4 0  9991
2 50004  80.9733 169.9575 0177489  12.5710  40.6795 15.29265640000017
COSMOS 1408 DEBRIS #105
1 50005U 20001A   26236.50000000  .00001000  00000+0  10000-4 0  9992
2 50005  83.5005 153.9816 0357651  83.1334 330.8162 14.40888791000019
COSMOS 1408 DEBRIS #106
1 50006U 20001A   26236.50000000  .00001000  00000+0  10000-4 0  9993
2 50006  81.7121 348.8144 0069980  15.5757 174.2213 15.21202021000014
COSMOS 1408 DEBRIS #107
1 50007U 20001A   26236.50000000  .00001000  00000+0  10000-4 0  9994
2 50007  83.1611 343.6892 0232277 294.6601 134.7211 15.77951356000019
COSMOS 1408 DEBRIS #108
1 50008U 20001A   26236.50000000  .00001000  00000+0  10000-4 0  9995
2 50008  81.7035  13.9030 0073870  42.0585 327.6580 15.52280189000017
COSMOS 1408 DEBRIS #109
1 50009U 20001A   26236.50000000  .00001000  00000+0  10000-4 0  9996
2 50009  82.9451 157.0277 0201520 153.1693  64.1738 14.73622484000013
COSMOS 1408 DEBRIS #110
1 50010U 20001A   26236.50000000  .00001000  00000+0  10000-4 0  9998
2 50010  84.2558  65.0880 0251415  77.5637 228.6728 14.76403487000010
COSMOS 1408 DEBRIS #111
1 50011U 20001A   26236.50000000  .00001000  00000+0  10000-4 0  9999
2 50011  83.1396 158.2477 0031171 172.9441 139.9671 15.04813670000016
COSMOS 1408 DEBRIS #112
1 50012U 20001A   26236.50000000  .00001000  00000+0  10000-4 0  9990
2 50012  82.6647 246.5043 0143758 216.2816 117.4527 15.21538913000017
COSMOS 1408 DEBRIS #113
1 50013U 20001A   26236.50000000  .00001000  00000+0  10000-4 0  9991
2 50013  80.8856 296.6722 0108068   2.1984 298.9572 14.58288109000016
COSMOS 1408 DEBRIS #114
1 50014U 20001A   26236.50000000  .00001000  00000+0  10000-4 0  9992
2 50014  84.3778 103.4891 0296888  59.8407 298.4038 14.57087431000014
COSMOS 1408 DEBRIS #115
1 50015U 20001A   26236.50000000  .00001000  00000+0  10000-4 0  9993
2 50015  84.0979  20.2884 0301588 237.0283 340.7417 14.87045696000011
COSMOS 1408 DEBRIS #116
1 50016U 20001A   26236.50000000  .00001000  00000+0  10000-4 0  9994
2 50016  84.2221  24.4762 0292509 332.3289 230.4333 15.00291242000010
COSMOS 1408 DEBRIS #117
1 50017U 20001A   26236.50000000  .00001000  00000+0  10000-4 0  9995
2 50017  83.0332 166.7932 0079680 192.9858 196.4080 15.51308152000010
COSMOS 1408 DEBRIS #118
1 50018U 20001A   26236.50000000  .00001000  00000+0  10000-4 0  9996
2 50018  81.4855 124.7418 0141974 199.4918  61.5489 15.34768150000015
COSMOS 1408 DEBRIS #119
1 50019U 20001A   26236.50000000  .00001000  00000+0  10000-4 0  9997
2 50019  82.8378 109.8986 0278881 256.6090 112.5460 14.78866807000011
COSMOS 1408 DEBRIS #120
1 50020U 20001A   26236.50000000  .00001000  00000+0  10000-4 0  9999
2 50020  82.1243 351.8994 0144522  30.2520  23.9616 14.82601377000015
COSMOS 1408 DEBRIS #121
1 50021U 20001A   26236.50000000  .00001000  00000+0  10000-4 0  9990
2 50021  81.8440  18.8012 0343638 111.0650  33.3886 14.28017813000013
COSMOS 1408 DEBRIS #122
1 50022U 20001A   26236.50000000  .00001000  00000+0  10000-4 0  9991
2 50022  82.2929 110.6123 0199214 229.9063 128.3839 15.49996580000015
COSMOS 1408 DEBRIS #123
1 50023U 20001A   26236.50000000  .00001000  00000+0  10000-4 0  9992
2 50023  81.0646 157.8097 0220991 263.6095  40.3686 15.46369483000015
COSMOS 1408 DEBRIS #124
1 50024U 20001A   26236.50000000  .00001000  00000+0  10000-4 0  9993
2 50024  83.6579 166.0479 0155434 290.0800 205.5874 14.71047643000014
COSMOS 1408 DEBRIS #125
1 50025U 20001A   26236.50000000  .00001000  00000+0  10000-4 0  9994
2 50025  81.2978 104.1786 0362494 120.0132 175.7989 14.54539670000014
COSMOS 1408 DEBRIS #126
1 50026U 20001A   26236.50000000  .00001000  00000+0  10000-4 0  9995
2 50026  82.6373  80.0084 0067428  29.9325 283.5055 14.57021451000010
COSMOS 1408 DEBRIS #127
1 50027U 20001A   26236.50000000  .00001000  00000+0  10000-4 0  9996
2 50027  83.2535  86.2725 0264837 352.9451 153.7646 15.76135509000016
COSMOS 1408 DEBRIS #128
1 50028U 20001A   26236.50000000  .00001000  00000+0  10000-4 0  9997
2 50028  80.6497 170.7963 0223280 328.8991  24.5943 14.49764038000015
COSMOS 1408 DEBRIS #129
1 50029U 20001A   26236.50000000  .00001000  00000+0  10000-4 0  9998
2 50029  83.6776 172.7708 0200582 297.7956 156.5262 14.21639255000015
COSMOS 1408 DEBRIS #130
1 50030U 20001A   26236.50000000  .00001000  00000+0  10000-4 0  9990
2 50030  81.7639  22.5342 0088984 110.0626 117.6173 14.95678958000014
COSMOS 1408 DEBRIS #131
1 50031U 20001A   26236.50000000  .00001000  00000+0  10000-4 0  9991
2 50031  83.1436 333.5696 0296996 290.0797 184.2688 15.02047257000017
COSMOS 1408 DEBRIS #132
1 50032U 20001A   26236.50000000  .00001000  00000+0  10000-4 0  9992
2 50032  80.9061 203.2290 0060804 172.2118 105.3135 14.92225483000013
COSMOS 1408 DEBRIS #133
1 50033U 20001A   26236.50000000  .00001000  00000+0  10000-4 0  9993
2 50033  83.9774 178.7630 0299383 136.4040  58.5307 14.95257824000011
COSMOS 1408 DEBRIS #134
1 50034U 20001A   26236.50000000  .00001000  00000+0  10000-4 0  9994
2 50034  83.7363 211.9861 0044815  75.5641 142.5794 14.72766578000018
COSMOS 1408 DEBRIS #135
1 50035U 20001A   26236.50000000  .00001000  00000+0  10000-4 0  9995
2 50035  82.8506 207.2130 0357690 154.8042 349.8008 15.26947847000019
COSMOS 1408 DEBRIS #136
1 50036U 20001A   26236.50000000  .00001000  00000+0  10000-4 0  9996
2 50036  81.8658 219.4529 0238543 248.2177  40.3796 15.54350424000013
COSMOS 1408 DEBRIS #137
1 50037U 20001A   26236.50000000  .00001000  00000+0  10000-4 0  9997
2 50037  82.6291 199.4773 0202282 191.2650  84.2229 15.18164705000011
COSMOS 1408 DEBRIS #138
1 50038U 20001A   26236.50000000  .00001000  00000+0  10000-4 0  9998
2 50038  84.2245 255.1933 0082215 194.5089 147.4556 15.39726196000017
COSMOS 1408 DEBRIS #139
1 50039U 20001A   26236.50000000  .00001000  00000+0  10000-4 0  9999
2 50039  82.5883 325.6568 0084676  99.6967 337.6379 14.70117538000011
COSMOS 1408 DEBRIS #140
1 50040U 20001A   26236.50000000  .00001000  00000+0  10000-4 0  9991
2 50040  83.6059 107.1147 0305411 241.1971 260.7110 15.73160481000016
COSMOS 1408 DEBRIS #141
1 50041U 20001A   26236.50000000  .00001000  00000+0  10000-4 0  9992
2 50041  82.8314 157.6946 0233195 296.5987 320.3399 15.69063091000015
COSMOS 1408 DEBRIS #142
1 50042U 20001A   26236.50000000  .00001000  00000+0  10000-4 0  9993
2 50042  81.8144 255.5924 0152441 340.3612 267.0830 15.08382879000015
COSMOS 1408 DEBRIS #143
1 50043U 20001A   26236.50000000  .00001000  00000+0  10000-4 0  9994
2 50043  83.8703  18.4832 0074514 210.1705 263.2061 14.94988255000012
COSMOS 1408 DEBRIS #144
1 50044U 20001A   26236.50000000  .00001000  00000+0  10000-4 0  9995
2 50044  82.9368 322.9898 0341376 295.2006 107.7263 15.62560579000013
COSMOS 1408 DEBRIS #145
1 50045U 20001A   26236.50000000  .00001000  00000+0  10000-4 0  9996
2 50045  82.6618 230.1472 0364775  29.5017   5.1799 14.96815047000019
COSMOS 1408 DEBRIS #146
1 50046U 20001A   26236.50000000  .00001000  00000+0  10000-4 0  9997
2 50046  81.8127 209.0158 0133714 333.1586 291.9187 15.84132663000014
COSMOS 1408 DEBRIS #147
1 50047U 20001A   26236.50000000  .00001000  00000+0  10000-4 0  9998
2 50047  83.6596 286.1298 0098322 314.5855 188.3060 15.04377756000018
COSMOS 1408 DEBRIS #148
1 50048U 20001A   26236.50000000  .00001000  00000+0  10000-4 0  9999
2 50048  82.0649 188.4132 0051540 229.7503  75.5712 15.43440307000017
COSMOS 1408 DEBRIS #149
1 50049U 20001A   26236.50000000  .00001000  00000+0  10000-4 0  9990
2 50049  82.5111 270.7148 0342590  29.4898  88.4742 14.39393080000014
COSMOS 1408 DEBRIS #150
1 50050U 20001A   26236.50000000  .00001000  00000+0  10000-4 0  9992
2 50050  84.4443 177.0063 0224732 329.9168 207.5176 14.66767381000019
COSMOS 1408 DEBRIS #151
1 50051U 20001A   26236.50000000  .00001000  00000+0  10000-4 0  9993
2 50051  84.0500   8.1590 0322072 311.9279 303.7356 15.31637499000017
COSMOS 1408 DEBRIS #152
1 50052U 20001A   26236.50000000  .00001000  00000+0  10000-4 0  9994
2 50052  82.7914 304.5323 0336689 207.7532 133.3463 14.95700131000011
COSMOS 1408 DEBRIS #153
1 50053U 20001A   26236.50000000  .00001000  00000+0  10000-4 0  9995
2 50053  81.0912 310.1195 0371352  79.5640 284.1547 15.19484190000012
COSMOS 1408 DEBRIS #154
1 50054U 20001A   26236.50000000  .00001000  00000+0  10000-4 0  9996
2 50054  80.8577 298.4612 0138970 270.3089 271.6359 15.05780736000016
COSMOS 1408 DEBRIS #155
1 50055U 20001A   26236.50000000  .00001000  00000+0  10000-4 0  9997
2 50055  82.3587 269.6408 0312144  70.2572 242.4004 15.33719113000014
COSMOS 1408 DEBRIS #156
1 50056U 20001A   26236.50000000  .00001000  00000+0  10000-4 0  9998
2 50056  80.5799 267.9888 0066307 210.4175   3.7567 14.60992290000017
COSMOS 1408 DEBRIS #157
1 50057U 20001A   26236.50000000  .00001000  00000+0  10000-4 0  9999
2 50057  84.3341 191.7498 0344075 110.6546 232.6746 15.87409008000010
COSMOS 1408 DEBRIS #158
1 50058U 20001A   26236.50000000  .00001000  00000+0  10000-4 0  9990
2 50058  81.7606  43.6545 0294932  21.2655 191.2028 14.27184631000016
COSMOS 1408 DEBRIS #159
1 50059U 20001A   26236.50000000  .00001000  00000+0  10000-4 0  9991
2 50059  83.8054 287.1364 0345122  15.3779 117.9865 15.41920406000019
COSMOS 1408 DEBRIS #160
1 50060U 20001A   26236.50000000  .00001000  00000+0  10000-4 0  9993
2 50060  84.0173 107.7613 0291560  25.0844 123.5704 14.55119293000010
COSMOS 1408 DEBRIS #161
1 50061U 20001A   26236.50000000  .00001000  00000+0  10000-4 0  9994
2 50061  83.2886 283.3264 0208551 144.7405 329.4045 14.84449490000018
COSMOS 1408 DEBRIS #162
1 50062U 20001A   26236.50000000  .00001000  00000+0  10000-4 0  9995
2 50062  80.8155 248.4746 0213669 204.6060  75.2349 15.21929255000014
COSMOS 1408 DEBRIS #163
1 50063U 20001A   26236.50000000  .00001000  00000+0  10000-4 0  9996
2 50063  81.4680 222.7255 0287639 196.0390 351.1540 15.26527326000010
COSMOS 1408 DEBRIS #164
1 50064U 20001A   26236.50000000  .00001000  00000+0  10000-4 0  9997
2 50064  84.4063 302.9595 0183476 344.0255 162.1306 14.82342069000016
COSMOS 1408 DEBRIS #165
1 50065U 20001A   26236.50000000  .00001000  00000+0  10000-4 0  9998
2 50065  81.4852 234.2381 0347094  86.1872 175.4436 15.59469931000011
COSMOS 1408 DEBRIS #166
1 50066U 20001A   26236.50000000  .00001000  00000+0  10000-4 0  9999
2 50066  81.2437 124.8182 0353343 104.4638 141.4395 14.37214538000013
COSMOS 1408 DEBRIS #167
1 50067U 20001A   26236.50000000  .00001000  00000+0  10000-4 0  9990
2 50067  83.2154  15.3314 0070929  86.3943 175.0173 15.06369877000017
COSMOS 1408 DEBRIS #168
1 50068U 20001A   26236.50000000  .00001000  00000+0  10000-4 0  9991
2 50068  82.3277 307.8937 0226986 275.6554 136.1557 14.91710116000014
COSMOS 1408 DEBRIS #169
1 50069U 20001A   26236.50000000  .00001000  00000+0  10000-4 0  9992
2 50069  80.5187 329.0805 0132094 135.9760  91.7595 15.08610802000016
COSMOS 1408 DEBRIS #170
1 50070U 20001A   26236.50000000  .00001000  00000+0  10000-4 0  9994
2 50070  80.7748 253.7263 0176639  37.7435 359.7034 14.25943527000011
COSMOS 1408 DEBRIS #171
1 50071U 20001A   26236.50000000  .00001000  00000+0  10000-4 0  9995
2 50071  82.3473 341.5643 0261150 192.7488 294.5287 14.54805411000013
COSMOS 1408 DEBRIS #172
1 50072U 20001A   26236.50000000  .00001000  00000+0  10000-4 0  9996
2 50072  84.1762 147.4541 0120928 346.8004  13.4904 15.85803193000012
COSMOS 1408 DEBRIS #173
1 50073U 20001A   26236.50000000  .00001000  00000+0  10000-4 0  9997
2 50073  83.1771 196.8707 0071440   2.9781  51.3756 15.86621966000013
COSMOS 1408 DEBRIS #174
1 50074U 20001A   26236.50000000  .00001000  00000+0  10000-4 0  9998
2 50074  82.1788 151.9994 0374778  36.8815 228.1536 15.06548722000015
COSMOS 1408 DEBRIS #175
1 50075U 20001A   26236.50000000  .00001000  00000+0  10000-4 0  9999
2 50075  83.2057 163.1836 0220970 213.1120 285.9289 15.18431974000019
COSMOS 1408 DEBRIS #176
1 50076U 20001A   26236.50000000  .00001000  00000+0  10000-4 0  9990
2 50076  84.2063 207.1240 0238550 178.3070  93.6460 14.27633612000012
COSMOS 1408 DEBRIS #177
1 50077U 20001A   26236.50000000  .00001000  00000+0  10000-4 0  9991
2 50077  83.5247 330.2794 0346901 249.1399   1.2938 15.26538350000010
COSMOS 1408 DEBRIS #178
1 50078U 20001A   26236.50000000  .00001000  00000+0  10000-4 0  9992
2 50078  81.1948 182.0363 0310141 220.9198 163.5641 14.67297335000011
COSMOS 1408 DEBRIS #179
1 50079U 20001A   26236.50000000  .00001000  00000+0  10000-4 0  9993
2 50079  81.5785 115.1644 0385148 254.4883 299.2169 14.39020591000015
COSMOS 1408 DEBRIS #180
1 50080U 20001A   26236.50000000  .00001000  00000+0  10000-4 0  9995
2 50080  83.5677 193.5495 0359247 176.7456 163.2646 14.43083413000013
COSMOS 1408 DEBRIS #181
1 50081U 20001A   26236.50000000  .00001000  00000+0  10000-4 0  9996
2 50081  84.0531   7.6583 0387777 345.5480 354.6430 15.57027497000017
COSMOS 1408 DEBRIS #182
1 50082U 20001A   26236.50000000  .00001000  00000+0  10000-4 0  9997
2 50082  83.6553 272.7212 0338874 279.2375 275.6400 15.59529358000015
COSMOS 1408 DEBRIS #183
1 50083U 20001A   26236.50000000  .00001000  00000+0  10000-4 0  9998
2 50083  80.6405 109.8241 0099140 188.1783  23.4021 15.05659055000019
COSMOS 1408 DEBRIS #184
1 50084U 20001A   26236.50000000  .00001000  00000+0  10000-4 0  9999
2 50084  82.4737 197.4156 0188411 346.2482  80.0801 15.47060192000018
COSMOS 1408 DEBRIS #185
1 50085U 20001A   26236.50000000  .00001000  00000+0  10000-4 0  9990
2 50085  81.4361 145.6931 0309172 298.5840  33.9455 14.96416211000015
COSMOS 1408 DEBRIS #186
1 50086U 20001A   26236.50000000  .00001000  00000+0  10000-4 0  9991
2 50086  83.3698 217.8154 0256621 342.5450  69.4805 14.39161904000012
COSMOS 1408 DEBRIS #187
1 50087U 20001A   26236.50000000  .00001000  00000+0  10000-4 0  9992
2 50087  83.8036 314.4052 0388343  45.9779  47.9665 14.51669251000017
COSMOS 1408 DEBRIS #188
1 50088U 20001A   26236.50000000  .00001000  00000+0  10000-4 0  9993
2 50088  81.5580  60.0691 0035017 235.8752  61.3388 14.64534232000014
COSMOS 1408 DEBRIS #189
1 50089U 20001A   26236.50000000  .00001000  00000+0  10000-4 0  9994
2 50089  83.9796 321.9979 0252260 128.1958 166.2571 15.43107400000011
COSMOS 1408 DEBRIS #190
1 50090U 20001A   26236.50000000  .00001000  00000+0  10000-4 0  9996
2 50090  80.5293 272.8663 0045188 248.4509 248.2081 14.29621508000019
COSMOS 1408 DEBRIS #191
1 50091U 20001A   26236.50000000  .00001000  00000+0  10000-4 0  9997
2 50091  83.8555  97.9601 0234709 133.6433 281.0819 14.47125376000011
COSMOS 1408 DEBRIS #192
1 50092U 20001A   26236.50000000  .00001000  00000+0  10000-4 0  9998
2 50092  83.8608 231.5688 0042608 221.8052  35.5646 15.02062601000017
COSMOS 1408 DEBRIS #193
1 50093U 20001A   26236.50000000  .00001000  00000+0  10000-4 0  9999
2 50093  83.0372  51.9994 0305248 167.6218 211.4574 15.12477644000018
COSMOS 1408 DEBRIS #194
1 50094U 20001A   26236.50000000  .00001000  00000+0  10000-4 0  9990
2 50094  83.4415 170.8810 0302875 311.5981 206.7611 15.87103808000018
COSMOS 1408 DEBRIS #195
1 50095U 20001A   26236.50000000  .00001000  00000+0  10000-4 0  9991
2 50095  81.3187  63.8842 0049688 107.4770  51.8951 15.04321516000019
COSMOS 1408 DEBRIS #196
1 50096U 20001A   26236.50000000  .00001000  00000+0  10000-4 0  9992
2 50096  81.6585  95.4053 0358228  77.0346 150.9178 15.29766650000015
COSMOS 1408 DEBRIS #197
1 50097U 20001A   26236.50000000  .00001000  00000+0  10000-4 0  9993
2 50097  80.9315 298.2374 0039614 137.7259 155.3836 14.52711214000011
COSMOS 1408 DEBRIS #198
1 50098U 20001A   26236.50000000  .00001000  00000+0  10000-4 0  9994
2 50098  83.2502  77.4404 0200458 143.7683 250.0051 14.45382579000013
COSMOS 1408 DEBRIS #199
1 50099U 20001A   26236.50000000  .00001000  00000+0  10000-4 0  9995
2 50099  81.1793 336.3300 0077549 214.0405 280.5958 14.25975145000011
COSMOS 1408 DEBRIS #200
1 50100U 20001A   26236.50000000  .00001000  00000+0  10000-4 0  9998
2 50100  81.4458 321.5745 0177359 205.6468  70.7738 14.43042132000015
COSMOS 1408 DEBRIS #201
1 50101U 20001A   26236.50000000  .00001000  00000+0  10000-4 0  9999
2 50101  84.3337 210.0213 0023791 217.7695  10.8090 14.99023878000015
COSMOS 1408 DEBRIS #202
1 50102U 20001A   26236.50000000  .00001000  00000+0  10000-4 0  9990
2 50102  80.8831  87.6222 0146744 347.6509   9.3589 15.55650026000015
COSMOS 1408 DEBRIS #203
1 50103U 20001A   26236.50000000  .00001000  00000+0  10000-4 0  9991
2 50103  82.3456 221.5209 0054000  12.4586 162.5296 15.47947991000013
COSMOS 1408 DEBRIS #204
1 50104U 20001A   26236.50000000  .00001000  00000+0  10000-4 0  9992
2 50104  81.1410  39.2965 0225403  14.8523 183.3538 14.84714707000015
COSMOS 1408 DEBRIS #205
1 50105U 20001A   26236.50000000  .00001000  00000+0  10000-4 0  9993
2 50105  84.0384 235.8310 0208333   8.9826 296.5059 14.51558438000015
COSMOS 1408 DEBRIS #206
1 50106U 20001A   26236.50000000  .00001000  00000+0  10000-4 0  9994
2 50106  81.7649 331.9378 0313920 285.2450 359.5657 15.46391857000017
COSMOS 1408 DEBRIS #207
1 50107U 20001A   26236.50000000  .00001000  00000+0  10000-4 0  9995
2 50107  80.9438  60.1862 0326942 170.6260   2.2639 15.83950217000012
COSMOS 1408 DEBRIS #208
1 50108U 20001A   26236.50000000  .00001000  00000+0  10000-4 0  9996
2 50108  81.5273  88.1562 0040441 297.0189 273.4475 15.86323031000016
COSMOS 1408 DEBRIS #209
1 50109U 20001A   26236.50000000  .00001000  00000+0  10000-4 0  9997
2 50109  81.6725 283.1467 0362908  51.9209 233.2605 14.51223411000017
COSMOS 1408 DEBRIS #210
1 50110U 20001A   26236.50000000  .00001000  00000+0  10000-4 0  9999
2 50110  80.5616 123.2356 0101576 271.9184  51.0898 15.19911236000019
COSMOS 1408 DEBRIS #211
1 50111U 20001A   26236.50000000  .00001000  00000+0  10000-4 0  9990
2 50111  83.4303 337.1469 0297561 109.8327 296.3854 15.19167977000015
COSMOS 1408 DEBRIS #212
1 50112U 20001A   26236.50000000  .00001000  00000+0  10000-4 0  9991
2 50112  83.6913 170.8057 0088511  74.9679  65.7474 15.24894092000012
COSMOS 1408 DEBRIS #213
1 50113U 20001A   26236.50000000  .00001000  00000+0  10000-4 0  9992
2 50113  83.0662 127.1240 0055861 169.3169  28.4050 15.76901373000016
COSMOS 1408 DEBRIS #214
1 50114U 20001A   26236.50000000  .00001000  00000+0  10000-4 0  9993
2 50114  82.3625 294.6028 0293676 349.4429  48.2171 14.24098095000014
COSMOS 1408 DEBRIS #215
1 50115U 20001A   26236.50000000  .00001000  00000+0  10000-4 0  9994
2 50115  84.2921 297.7780 0156454  40.3008  13.3399 15.11808483000018
COSMOS 1408 DEBRIS #216
1 50116U 20001A   26236.50000000  .00001000  00000+0  10000-4 0  9995
2 50116  80.9231 206.9901 0061967 193.3287 331.9874 15.82364046000012
COSMOS 1408 DEBRIS #217
1 50117U 20001A   26236.50000000  .00001000  00000+0  10000-4 0  9996
2 50117  80.8637 289.9524 0225387 272.6813 102.7929 14.88782580000015
COSMOS 1408 DEBRIS #218
1 50118U 20001A   26236.50000000  .00001000  00000+0  10000-4 0  9997
2 50118  82.9266 192.9098 0177177 154.0656 316.3709 15.01424814000015
COSMOS 1408 DEBRIS #219
1 50119U 20001A   26236.50000000  .00001000  00000+0  10000-4 0  9998
2 50119  84.4227 242.8072 0068222 359.6858 326.8277 14.98813525000016
COSMOS 1408 DEBRIS #220
1 50120U 20001A   26236.50000000  .00001000  00000+0  10000-4 0  9990
2 50120  82.5008  96.9243 0193350 269.7125 157.7959 14.24018053000011
COSMOS 1408 DEBRIS #221
1 50121U 20001A   26236.50000000  .00001000  00000+0  10000-4 0  9991
2 50121  83.1294 351.5118 0391153  11.7104 104.9673 14.38621028000014
COSMOS 1408 DEBRIS #222
1 50122U 20001A   26236.50000000  .00001000  00000+0  10000-4 0  9992
2 50122  83.8855  47.0266 0186129 145.3190 265.3117 14.27414056000014
COSMOS 1408 DEBRIS #223
1 50123U 20001A   26236.50000000  .00001000  00000+0  10000-4 0  9993
2 50123  83.5564 335.9844 0312043  72.5760 218.8546 15.80205901000016
COSMOS 1408 DEBRIS #224
1 50124U 20001A   26236.50000000  .00001000  00000+0  10000-4 0  9994
2 50124  83.4214  46.0287 0095004  82.9660 194.5197 14.75426011000010
COSMOS 1408 DEBRIS #225
1 50125U 20001A   26236.50000000  .00001000  00000+0  10000-4 0  9995
2 50125  82.5394  97.3508 0378928  56.7793  80.6405 14.26642358000017
COSMOS 1408 DEBRIS #226
1 50126U 20001A   26236.50000000  .00001000  00000+0  10000-4 0  9996
2 50126  84.3619 147.6786 0124242 257.1897   3.5022 14.51873582000017
COSMOS 1408 DEBRIS #227
1 50127U 20001A   26236.50000000  .00001000  00000+0  10000-4 0  9997
2 50127  80.7637  59.9399 0302522 337.9682  53.4184 15.03583556000011
COSMOS 1408 DEBRIS #228
1 50128U 20001A   26236.50000000  .00001000  00000+0  10000-4 0  9998
2 50128  80.5582 324.9585 0020566  78.4094  21.9454 14.55383345000010
COSMOS 1408 DEBRIS #229
1 50129U 20001A   26236.50000000  .00001000  00000+0  10000-4 0  9999
2 50129  80.5727 186.8390 0114493 257.1542 145.1902 14.69587438000019
COSMOS 1408 DEBRIS #230
1 50130U 20001A   26236.50000000  .00001000  00000+0  10000-4 0  9991
2 50130  81.4571  40.0428 0021835 205.8254 280.1322 15.07746856000018
COSMOS 1408 DEBRIS #231
1 50131U 20001A   26236.50000000  .00001000  00000+0  10000-4 0  9992
2 50131  84.4971  43.6745 0065262   8.3314 343.7802 15.55714607000013
COSMOS 1408 DEBRIS #232
1 50132U 20001A   26236.50000000  .00001000  00000+0  10000-4 0  9993
2 50132  83.9016 138.4139 0306128 295.3440  49.9909 15.26721851000015
COSMOS 1408 DEBRIS #233
1 50133U 20001A   26236.50000000  .00001000  00000+0  10000-4 0  9994
2 50133  82.4779 336.1748 0302022 191.4957 278.4004 15.18935286000012
COSMOS 1408 DEBRIS #234
1 50134U 20001A   26236.50000000  .00001000  00000+0  10000-4 0  9995
2 50134  83.4070 266.4045 0254754 195.0397 263.8999 14.85994779000015
COSMOS 1408 DEBRIS #235
1 50135U 20001A   26236.50000000  .00001000  00000+0  10000-4 0  9996
2 50135  81.7008 356.0371 0381362 311.9763 197.1407 15.80276467000014
COSMOS 1408 DEBRIS #236
1 50136U 20001A   26236.50000000  .00001000  00000+0  10000-4 0  9997
2 50136  82.4201  92.8848 0113078 331.6894 293.7368 14.28612574000016
COSMOS 1408 DEBRIS #237
1 50137U 20001A   26236.50000000  .00001000  00000+0  10000-4 0  9998
2 50137  84.3898 185.4180 0280032  42.7467  34.8412 14.62336999000015
COSMOS 1408 DEBRIS #238
1 50138U 20001A   26236.50000000  .00001000  00000+0  10000-4 0  9999
2 50138  83.8401 343.1132 0051343 317.6570 114.6027 14.36340620000016
COSMOS 1408 DEBRIS #239
1 50139U 20001A   26236.50000000  .00001000  00000+0  10000-4 0  9990
2 50139  83.1486 199.9065 0160364 180.4495 273.3226 14.64053443000010
COSMOS 1408 DEBRIS #240
1 50140U 20001A   26236.50000000  .00001000  00000+0  10000-4 0  9992
2 50140  84.3514 111.2565 0389655  93.5187 305.2312 14.52149137000011
COSMOS 1408 DEBRIS #241
1 50141U 20001A   26236.50000000  .00001000  00000+0  10000-4 0  9993
2 50141  80.5482 130.6868 0143097 148.6343  10.7897 14.60659497000019
COSMOS 1408 DEBRIS #242
1 50142U 20001A   26236.50000000  .00001000  00000+0  10000-4 0  9994
2 50142  81.7866 339.6419 0250739 209.5217 253.4593 14.62565086000012
COSMOS 1408 DEBRIS #243
1 50143U 20001A   26236.50000000  .00001000  00000+0  10000-4 0  9995
2 50143  83.9529 155.4993 0076342  21.0817  49.6613 14.29123647000017
COSMOS 1408 DEBRIS #244
1 50144U 20001A   26236.50000000  .00001000  00000+0  10000-4 0  9996
2 50144  84.0249 259.5664 0327843 194.0670  32.9768 15.40077795000015
COSMOS 1408 DEBRIS #245
1 50145U 20001A   26236.50000000  .00001000  00000+0  10000-4 0  9997
2 50145  82.5280 331.4342 0267994 214.7269 276.1408 15.07267618000012
COSMOS 1408 DEBRIS #246
1 50146U 20001A   26236.50000000  .00001000  00000+0  10000-4 0  9998
2 50146  84.3726  53.7451 0358459 191.1162 180.2870 14.43925530000011
COSMOS 1408 DEBRIS #247
1 50147U 20001A   26236.50000000  .00001000  00000+0  10000-4 0  9999
2 50147  80.7801  94.3488 0143409  81.8645 328.5874 14.43110340000011
COSMOS 1408 DEBRIS #248
1 50148U 20001A   26236.50000000  .00001000  00000+0  10000-4 0  9990
2 50148  83.0487  69.3552 0138397  80.0169 358.4685 15.81675945000016
COSMOS 1408 DEBRIS #249
1 50149U 20001A   26236.50000000  .00001000  00000+0  10000-4 0  9991
2 50149  80.5696 106.0773 0080598 277.7722 342.1504 14.36099212000010
COSMOS 1408 DEBRIS #250
1 50150U 20001A   26236.50000000  .00001000  00000+0  10000-4 0  9993
2 50150  82.7066 119.5256 0228601 337.7765 226.2030 15.36725168000018
COSMOS 1408 DEBRIS #251
1 50151U 20001A   26236.50000000  .00001000  00000+0  10000-4 0  9994
2 50151  83.6452 350.8390 0151461 239.6011 321.2115 14.23042816000017
COSMOS 1408 DEBRIS #252
1 50152U 20001A   26236.50000000  .00001000  00000+0  10000-4 0  9995
2 50152  80.9577  11.4146 0196566  19.9373 153.5294 14.49391817000010
COSMOS 1408 DEBRIS #253
1 50153U 20001A   26236.50000000  .00001000  00000+0  10000-4 0  9996
2 50153  80.5941  30.6911 0233391 164.9812  10.6649 15.08803171000016
COSMOS 1408 DEBRIS #254
1 50154U 20001A   26236.50000000  .00001000  00000+0  10000-4 0  9997
2 50154  83.3936 268.4295 0086796  45.7748 264.6029 15.87213563000017
COSMOS 1408 DEBRIS #255
1 50155U 20001A   26236.50000000  .00001000  00000+0  10000-4 0  9998
2 50155  84.2009 153.7977 0153322 235.7510  95.2171 14.41265886000010
COSMOS 1408 DEBRIS #256
1 50156U 20001A   26236.50000000  .00001000  00000+0  10000-4 0  9999
2 50156  82.6294 134.7341 0209148 270.5148  80.7798 14.92995148000016
COSMOS 1408 DEBRIS #257
1 50157U 20001A   26236.50000000  .00001000  00000+0  10000-4 0  9990
2 50157  83.7596 320.8340 0367109 112.3404 261.1462 15.48166298000012
COSMOS 1408 DEBRIS #258
1 50158U 20001A   26236.50000000  .00001000  00000+0  10000-4 0  9991
2 50158  84.3826 109.9661 0087527 158.3302 355.5273 14.44535516000014
COSMOS 1408 DEBRIS #259
1 50159U 20001A   26236.50000000  .00001000  00000+0  10000-4 0  9992
2 50159  83.9085 107.9445 0333582 223.9341 119.8427 14.24276046000012
COSMOS 1408 DEBRIS #260
1 50160U 20001A   26236.50000000  .00001000  00000+0  10000-4 0  9994
2 50160  80.5274 179.7194 0302538  73.7848 263.4800 15.26406659000014
COSMOS 1408 DEBRIS #261
1 50161U 20001A   26236.50000000  .00001000  00000+0  10000-4 0  9995
2 50161  82.4673  53.6043 0109253 151.8681 176.8209 15.14916826000013
COSMOS 1408 DEBRIS #262
1 50162U 20001A   26236.50000000  .00001000  00000+0  10000-4 0  9996
2 50162  82.1393  60.8677 0377276 269.8032  45.4383 15.48666591000017
COSMOS 1408 DEBRIS #263
1 50163U 20001A   26236.50000000  .00001000  00000+0  10000-4 0  9997
2 50163  82.3354 342.9771 0169811 183.3797 305.0294 15.87767157000017
COSMOS 1408 DEBRIS #264
1 50164U 20001A   26236.50000000  .00001000  00000+0  10000-4 0  9998
2 50164  83.3144 139.4737 0153411 144.0682  54.9514 15.38794296000018
COSMOS 1408 DEBRIS #265
1 50165U 20001A   26236.50000000  .00001000  00000+0  10000-4 0  9999
2 50165  81.0201 354.0834 0383429 159.0947 359.2043 15.25638197000016
COSMOS 1408 DEBRIS #266
1 50166U 20001A   26236.50000000  .00001000  00000+0  10000-4 0  9990
2 50166  83.9092 159.1192 0345378 224.4763 170.3898 14.65825624000017
COSMOS 1408 DEBRIS #267
1 50167U 20001A   26236.50000000  .00001000  00000+0  10000-4 0  9991
2 50167  83.8195 238.4609 0239708 130.1780  13.1398 15.28649031000011
COSMOS 1408 DEBRIS #268
1 50168U 20001A   26236.50000000  .00001000  00000+0  10000-4 0  9992
2 50168  84.3999  39.1871 0213898 174.0141 108.4814 15.05101753000017
COSMOS 1408 DEBRIS #269
1 50169U 20001A   26236.50000000  .00001000  00000+0  10000-4 0  9993
2 50169  81.0823  84.7057 0348355 110.7358 110.6059 15.57988154000015
COSMOS 1408 DEBRIS #270
1 50170U 20001A   26236.50000000  .00001000  00000+0  10000-4 0  9995
2 50170  82.1771 266.0115 0163793  39.7666  31.2770 14.45901264000015
COSMOS 1408 DEBRIS #271
1 50171U 20001A   26236.50000000  .00001000  00000+0  10000-4 0  9996
2 50171  83.6625 155.8165 0116055 128.2609 128.4902 15.45503314000011
COSMOS 1408 DEBRIS #272
1 50172U 20001A   26236.50000000  .00001000  00000+0  10000-4 0  9997
2 50172  82.7993  61.9443 0388560  99.5084 101.8998 15.32187218000012
COSMOS 1408 DEBRIS #273
1 50173U 20001A   26236.50000000  .00001000  00000+0  10000-4 0  9998
2 50173  83.7734 275.9094 0058408 177.5007  70.4033 15.40743767000010
COSMOS 1408 DEBRIS #274
1 50174U 20001A   26236.50000000  .00001000  00000+0  10000-4 0  9999
2 50174  82.7017 191.2307 0196167 240.7284  84.0606 14.20428647000017
COSMOS 1408 DEBRIS #275
1 50175U 20001A   26236.50000000  .00001000  00000+0  10000-4 0  9990
2 50175  81.4014 243.7806 0319802 311.0400 290.2650 15.05075275000012
COSMOS 1408 DEBRIS #276
1 50176U 20001A   26236.50000000  .00001000  00000+0  10000-4 0  9991
2 50176  83.3961 190.1646 0125346 193.2625 357.5061 15.56233028000010
COSMOS 1408 DEBRIS #277
1 50177U 20001A   26236.50000000  .00001000  00000+0  10000-4 0  9992
2 50177  82.1206 311.8217 0026948 293.9611 357.4668 15.63946181000018
COSMOS 1408 DEBRIS #278
1 50178U 20001A   26236.50000000  .00001000  00000+0  10000-4 0  9993
2 50178  81.2270  57.9592 0353701 236.3441 100.4277 14.72870354000015
COSMOS 1408 DEBRIS #279
1 50179U 20001A   26236.50000000  .00001000  00000+0  10000-4 0  9994
2 50179  83.7086  67.1357 0348012 144.5215 111.9439 14.40138857000015
COSMOS 1408 DEBRIS #280
1 50180U 20001A   26236.50000000  .00001000  00000+0  10000-4 0  9996
2 50180  83.4759 190.0413 0021592 178.8017  36.1728 15.80814575000013
COSMOS 1408 DEBRIS #281
1 50181U 20001A   26236.50000000  .00001000  00000+0  10000-4 0  9997
2 50181  83.4199 314.0262 0166319  72.9489  22.4935 15.87867229000015
COSMOS 1408 DEBRIS #282
1 50182U 20001A   26236.50000000  .00001000  00000+0  10000-4 0  9998
2 50182  83.2955  37.8124 0189754 224.2432 328.4709 15.60772234000019
COSMOS 1408 DEBRIS #283
1 50183U 20001A   26236.50000000  .00001000  00000+0  10000-4 0  9999
2 50183  80.6980  32.2076 0124888  75.5484 330.8341 15.79520927000014
COSMOS 1408 DEBRIS #284
1 50184U 20001A   26236.50000000  .00001000  00000+0  10000-4 0  9990
2 50184  82.3994  42.0395 0060636 269.1139 212.2898 15.37276005000019
COSMOS 1408 DEBRIS #285
1 50185U 20001A   26236.50000000  .00001000  00000+0  10000-4 0  9991
2 50185  82.3665 234.8034 0177677  37.7864 226.9227 15.52714628000017
COSMOS 1408 DEBRIS #286
1 50186U 20001A   26236.50000000  .00001000  00000+0  10000-4 0  9992
2 50186  82.0518 333.8326 0309012 246.1474 222.0620 15.79784147000015
COSMOS 1408 DEBRIS #287
1 50187U 20001A   26236.50000000  .00001000  00000+0  10000-4 0  9993
2 50187  83.5050  18.3343 0212784 233.2851 304.3444 14.36748770000014
COSMOS 1408 DEBRIS #288
1 50188U 20001A   26236.50000000  .00001000  00000+0  10000-4 0  9994
2 50188  83.0445 295.7312 0144889   3.3932  43.3729 14.81991958000015
COSMOS 1408 DEBRIS #289
1 50189U 20001A   26236.50000000  .00001000  00000+0  10000-4 0  9995
2 50189  81.3241 157.5178 0104913 254.2208   8.1482 15.10118554000014
COSMOS 1408 DEBRIS #290
1 50190U 20001A   26236.50000000  .00001000  00000+0  10000-4 0  9997
2 50190  84.1905 200.9202 0276878 188.1310   1.2467 15.62310566000015
COSMOS 1408 DEBRIS #291
1 50191U 20001A   26236.50000000  .00001000  00000+0  10000-4 0  9998
2 50191  81.0504 168.4735 0308972 168.4614 340.3776 15.41560008000010
COSMOS 1408 DEBRIS #292
1 50192U 20001A   26236.50000000  .00001000  00000+0  10000-4 0  9999
2 50192  80.9231   9.8965 0282298 221.6050 351.3413 14.38881593000017
COSMOS 1408 DEBRIS #293
1 50193U 20001A   26236.50000000  .00001000  00000+0  10000-4 0  9990
2 50193  81.1185 321.7526 0277201 211.7083 355.6239 15.69449595000012
COSMOS 1408 DEBRIS #294
1 50194U 20001A   26236.50000000  .00001000  00000+0  10000-4 0  9991
2 50194  81.5053 176.5476 0065833 121.9853  81.6066 14.53654132000015
COSMOS 1408 DEBRIS #295
1 50195U 20001A   26236.50000000  .00001000  00000+0  10000-4 0  9992
2 50195  82.2896 150.9211 0348050   2.5107 287.3768 15.72943951000019
COSMOS 1408 DEBRIS #296
1 50196U 20001A   26236.50000000  .00001000  00000+0  10000-4 0  9993
2 50196  82.6881 242.5451 0292200 126.6833 312.1674 14.82277189000017
COSMOS 1408 DEBRIS #297
1 50197U 20001A   26236.50000000  .00001000  00000+0  10000-4 0  9994
2 50197  82.5020   5.3030 0267506 105.5377 287.4249 15.33752045000018
COSMOS 1408 DEBRIS #298
1 50198U 20001A   26236.50000000  .00001000  00000+0  10000-4 0  9995
2 50198  81.0398 315.4820 0386323 296.7266 140.6531 14.47585775000014
COSMOS 1408 DEBRIS #299
1 50199U 20001A   26236.50000000  .00001000  00000+0  10000-4 0  9996
2 50199  80.6522 357.5931 0248936 198.5350 304.8897 15.49781121000014
COSMOS 1408 DEBRIS #300
1 50200U 20001A   26236.50000000  .00001000  00000+0  10000-4 0  9999
2 50200  81.5383 239.8974 0027570 245.6065 128.3426 15.56143993000011
COSMOS 1408 DEBRIS #301
1 50201U 20001A   26236.50000000  .00001000  00000+0  10000-4 0  9990
2 50201  82.2477 248.4337 0113444 329.1806 131.2838 15.64449759000018
COSMOS 1408 DEBRIS #302
1 50202U 20001A   26236.50000000  .00001000  00000+0  10000-4 0  9991
2 50202  83.4943 315.8899 0073974 264.8880 301.9426 14.74715191000017
COSMOS 1408 DEBRIS #303
1 50203U 20001A   26236.50000000  .00001000  00000+0  10000-4 0  9992
2 50203  84.0786 296.4425 0167590 333.9877  78.3308 14.20750009000013
COSMOS 1408 DEBRIS #304
1 50204U 20001A   26236.50000000  .00001000  00000+0  10000-4 0  9993
2 50204  81.9559 352.5210 0382896 276.0638 321.4037 15.30292215000017
COSMOS 1408 DEBRIS #305
1 50205U 20001A   26236.50000000  .00001000  00000+0  10000-4 0  9994
2 50205  81.1262 305.4725 0287070 223.2010 311.6529 15.38122485000011
COSMOS 1408 DEBRIS #306
1 50206U 20001A   26236.50000000  .00001000  00000+0  10000-4 0  9995
2 50206  82.8115 103.8810 0345006  79.3406   3.6788 15.05576167000014
COSMOS 1408 DEBRIS #307
1 50207U 20001A   26236.50000000  .00001000  00000+0  10000-4 0  9996
2 50207  84.1515 265.8925 0248261 293.0571 113.9014 15.57613226000015
COSMOS 1408 DEBRIS #308
1 50208U 20001A   26236.50000000  .00001000  00000+0  10000-4 0  9997
2 50208  81.4145  53.0496 0159954 171.4576 131.3022 14.32115603000010
COSMOS 1408 DEBRIS #309
1 50209U 20001A   26236.50000000  .00001000  00000+0  10000-4 0  9998
2 50209  83.7302 198.0178 0167491 256.6494  88.2245 14.69436280000012
COSMOS 1408 DEBRIS #310
1 50210U 20001A   26236.50000000  .00001000  00000+0  10000-4 0  9990
2 50210  83.1710 336.8585 0347750 197.9822  33.6501 14.59554333000013
COSMOS 1408 DEBRIS #311
1 50211U 20001A   26236.50000000  .00001000  00000+0  10000-4 0  9991
2 50211  81.8034 295.2667 0354576 179.5208  93.4476 14.66943338000015
COSMOS 1408 DEBRIS #312
1 50212U 20001A   26236.50000000  .00001000  00000+0  10000-4 0  9992
2 50212  84.4745 176.6102 0331699 152.8151 345.2962 15.19485327000018
COSMOS 1408 DEBRIS #313
1 50213U 20001A   26236.50000000  .00001000  00000+0  10000-4 0  9993
2 50213  81.7802  88.8415 0148044 329.1819  40.0202 15.46558200000012
COSMOS 1408 DEBRIS #314
1 50214U 20001A   26236.50000000  .00001000  00000+0  10000-4 0  9994
2 50214  82.6840  27.4896 0190635 290.5848  48.2351 15.03755480000010
COSMOS 1408 DEBRIS #315
1 50215U 20001A   26236.50000000  .00001000  00000+0  10000-4 0  9995
2 50215  82.8691 275.4277 0209145 130.4210  55.7152 14.36738604000013
COSMOS 1408 DEBRIS #316
1 50216U 20001A   26236.50000000  .00001000  00000+0  10000-4 0  9996
2 50216  83.9163 230.2171 0309722 166.2695  81.7498 15.58056691000014
COSMOS 1408 DEBRIS #317
1 50217U 20001A   26236.50000000  .00001000  00000+0  10000-4 0  9997
2 50217  82.0334  55.2630 0318971 265.7325 356.6791 14.93972386000017
COSMOS 1408 DEBRIS #318
1 50218U 20001A   26236.50000000  .00001000  00000+0  10000-4 0  9998
2 50218  83.5868 152.2265 0195778 128.9171 158.9555 14.44028892000016
COSMOS 1408 DEBRIS #319
1 50219U 20001A   26236.50000000  .00001000  00000+0  10000-4 0  9999
2 50219  80.6093  73.2867 0334225 130.1954 289.9832 14.98853696000011
COSMOS 1408 DEBRIS #320
1 50220U 20001A   26236.50000000  .00001000  00000+0  10000-4 0  9991
2 50220  83.5188 173.0464 0398065 173.2156 260.1576 15.47948542000012
COSMOS 1408 DEBRIS #321
1 50221U 20001A   26236.50000000  .00001000  00000+0  10000-4 0  9992
2 50221  81.3661 175.2034 0136620   5.7405  66.8565 14.58806055000017
COSMOS 1408 DEBRIS #322
1 50222U 20001A   26236.50000000  .00001000  00000+0  10000-4 0  9993
2 50222  82.2692 295.6817 0339403 116.7543 165.2467 15.05553327000017
COSMOS 1408 DEBRIS #323
1 50223U 20001A   26236.50000000  .00001000  00000+0  10000-4 0  9994
2 50223  81.2243  17.9318 0233796 277.4080 141.9938 14.76496234000013
COSMOS 1408 DEBRIS #324
1 50224U 20001A   26236.50000000  .00001000  00000+0  10000-4 0  9995
2 50224  82.6123 353.2555 0359531 185.8300 108.0927 14.51609204000016
COSMOS 1408 DEBRIS #325
1 50225U 20001A   26236.50000000  .00001000  00000+0  10000-4 0  9996
2 50225  80.6828 149.9830 0115255 234.9730 135.8089 14.21748551000012
COSMOS 1408 DEBRIS #326
1 50226U 20001A   26236.50000000  .00001000  00000+0  10000-4 0  9997
2 50226  81.3275 172.1645 0045687  74.3498 121.7726 15.61921923000010
COSMOS 1408 DEBRIS #327
1 50227U 20001A   26236.50000000  .00001000  00000+0  10000-4 0  9998
2 50227  83.4065 348.0822 0172336  49.8107 217.3471 14.90986723000017
COSMOS 1408 DEBRIS #328
1 50228U 20001A   26236.50000000  .00001000  00000+0  10000-4 0  9999
2 50228  81.3716 190.4450 0294373 218.6573 146.3173 15.62102251000019
COSMOS 1408 DEBRIS #329
1 50229U 20001A   26236.50000000  .00001000  00000+0  10000-4 0  9990
2 50229  83.1873  10.8754 0120033 188.3936 141.6184 15.76148832000013
COSMOS 1408 DEBRIS #330
1 50230U 20001A   26236.50000000  .00001000  00000+0  10000-4 0  9992
2 50230  83.2177  63.4914 0283690 279.8715  93.4950 15.52629257000019
COSMOS 1408 DEBRIS #331
1 50231U 20001A   26236.50000000  .00001000  00000+0  10000-4 0  9993
2 50231  81.8874   9.1438 0219433 277.9210 170.7355 15.61821460000017
COSMOS 1408 DEBRIS #332
1 50232U 20001A   26236.50000000  .00001000  00000+0  10000-4 0  9994
2 50232  82.8108 267.1933 0383657 307.3516 154.4631 14.75653220000019
COSMOS 1408 DEBRIS #333
1 50233U 20001A   26236.50000000  .00001000  00000+0  10000-4 0  9995
2 50233  81.5295   3.1804 0092903 115.8009 162.0835 15.31560396000013
COSMOS 1408 DEBRIS #334
1 50234U 20001A   26236.50000000  .00001000  00000+0  10000-4 0  9996
2 50234  83.4470 180.0690 0355097 122.0403  91.6888 15.04967947000010
COSMOS 1408 DEBRIS #335
1 50235U 20001A   26236.50000000  .00001000  00000+0  10000-4 0  9997
2 50235  82.2453  27.7108 0287696 299.2225 189.7087 14.24695612000016
COSMOS 1408 DEBRIS #336
1 50236U 20001A   26236.50000000  .00001000  00000+0  10000-4 0  9998
2 50236  81.0887  65.1340 0099821 301.4256 163.9590 14.88415004000018
COSMOS 1408 DEBRIS #337
1 50237U 20001A   26236.50000000  .00001000  00000+0  10000-4 0  9999
2 50237  81.3250  21.4691 0086904  53.0010  37.1835 15.80427800000010
COSMOS 1408 DEBRIS #338
1 50238U 20001A   26236.50000000  .00001000  00000+0  10000-4 0  9990
2 50238  83.5463 300.9300 0335450 176.4345 218.4290 15.30712301000014
COSMOS 1408 DEBRIS #339
1 50239U 20001A   26236.50000000  .00001000  00000+0  10000-4 0  9991
2 50239  84.3748  38.3789 0082465  56.7413 317.8947 15.52504428000010
COSMOS 1408 DEBRIS #340
1 50240U 20001A   26236.50000000  .00001000  00000+0  10000-4 0  9993
2 50240  81.9878 104.0220 0338116 199.2452  11.6575 14.88705214000013
COSMOS 1408 DEBRIS #341
1 50241U 20001A   26236.50000000  .00001000  00000+0  10000-4 0  9994
2 50241  81.2029  37.2835 0181435  74.6389 308.3320 15.18359423000014
COSMOS 1408 DEBRIS #342
1 50242U 20001A   26236.50000000  .00001000  00000+0  10000-4 0  9995
2 50242  81.2167  10.6517 0088469 345.9892 204.7100 14.90245474000010
COSMOS 1408 DEBRIS #343
1 50243U 20001A   26236.50000000  .00001000  00000+0  10000-4 0  9996
2 50243  82.6984  34.4359 0392133 244.2990  96.7095 14.65243982000013
COSMOS 1408 DEBRIS #344
1 50244U 20001A   26236.50000000  .00001000  00000+0  10000-4 0  9997
2 50244  83.8153  21.7980 0227619 162.2077 318.0737 15.67619761000013
COSMOS 1408 DEBRIS #345
1 50245U 20001A   26236.50000000  .00001000  00000+0  10000-4 0  9998
2 50245  83.5379 331.7728 0326364 332.5863 160.4334 14.33665462000010
COSMOS 1408 DEBRIS #346
1 50246U 20001A   26236.50000000  .00001000  00000+0  10000-4 0  9999
2 50246  83.6141 319.7420 0280395 104.8339  71.3824 15.80031591000012
COSMOS 1408 DEBRIS #347
1 50247U 20001A   26236.50000000  .00001000  00000+0  10000-4 0  9990
2 50247  81.2390 300.6471 0089745 135.6246  80.5956 15.75859458000015
COSMOS 1408 DEBRIS #348
1 50248U 20001A   26236.50000000  .00001000  00000+0  10000-4 0  9991
2 50248  80.9525 291.0024 0080765 159.6965 352.3997 14.67368300000012
COSMOS 1408 DEBRIS #349
1 50249U 20001A   26236.50000000  .00001000  00000+0  10000-4 0  9992
2 50249  84.1635   1.9186 0104471 266.9159 272.2435 15.15679679000011
COSMOS 1408 DEBRIS #350
1 50250U 20001A   26236.50000000  .00001000  00000+0  10000-4 0  9994
2 50250  81.8004  21.9116 0354771 220.5893 355.1906 15.24682979000014
COSMOS 1408 DEBRIS #351
1 50251U 20001A   26236.50000000  .00001000  00000+0  10000-4 0  9995
2 50251  81.8002 251.5971 0103213  45.7994 252.2572 15.22800916000012
COSMOS 1408 DEBRIS #352
1 50252U 20001A   26236.50000000  .00001000  00000+0  10000-4 0  9996
2 50252  84.4652 177.5723 0225548 322.1308  42.4343 14.34791128000013
COSMOS 1408 DEBRIS #353
1 50253U 20001A   26236.50000000  .00001000  00000+0  10000-4 0  9997
2 50253  82.0505 125.3022 0038148 202.7564 154.5257 15.85739836000017
COSMOS 1408 DEBRIS #354
1 50254U 20001A   26236.50000000  .00001000  00000+0  10000-4 0  9998
2 50254  81.0018 154.9610 0179516 119.2060  61.7924 14.87172585000018
COSMOS 1408 DEBRIS #355
1 50255U 20001A   26236.50000000  .00001000  00000+0  10000-4 0  9999
2 50255  83.9521 199.0673 0135414 211.7204  95.3190 15.86129183000019
COSMOS 1408 DEBRIS #356
1 50256U 20001A   26236.50000000  .00001000  00000+0  10000-4 0  9990
2 50256  83.4957 211.0983 0028890 182.0396 196.6074 15.42873613000010
COSMOS 1408 DEBRIS #357
1 50257U 20001A   26236.50000000  .00001000  00000+0  10000-4 0  9991
2 50257  81.7054   1.0041 0304309 271.2734 304.7355 15.88931942000015
COSMOS 1408 DEBRIS #358
1 50258U 20001A   26236.50000000  .00001000  00000+0  10000-4 0  9992
2 50258  80.5868  16.0541 0023887  37.1818 345.5390 15.41527630000014
COSMOS 1408 DEBRIS #359
1 50259U 20001A   26236.50000000  .00001000  00000+0  10000-4 0  9993
2 50259  83.8778 214.2079 0083043 325.4826 279.5866 15.51180029000013
COSMOS 1408 DEBRIS #360
1 50260U 20001A   26236.50000000  .00001000  00000+0  10000-4 0  9995
2 50260  84.2780 317.5620 0110514  93.2573 206.0720 14.25537653000018
COSMOS 1408 DEBRIS #361
1 50261U 20001A   26236.50000000  .00001000  00000+0  10000-4 0  9996
2 50261  80.6384  81.0614 0361525  69.2743  74.2644 14.79244304000014
COSMOS 1408 DEBRIS #362
1 50262U 20001A   26236.50000000  .00001000  00000+0  10000-4 0  9997
2 50262  80.5262  60.3982 0155857 291.4515 326.1126 14.26925291000019
COSMOS 1408 DEBRIS #363
1 50263U 20001A   26236.50000000  .00001000  00000+0  10000-4 0  9998
2 50263  83.7214 123.8589 0389901 318.5050  81.4472 14.39298757000013
COSMOS 1408 DEBRIS #364
1 50264U 20001A   26236.50000000  .00001000  00000+0  10000-4 0  9999
2 50264  81.8506 118.2819 0292807  81.3731 145.7352 15.72568560000011
COSMOS 1408 DEBRIS #365
1 50265U 20001A   26236.50000000  .00001000  00000+0  10000-4 0  9990
2 50265  82.5172 199.5782 0232899  74.9344  69.7108 15.38174242000019
COSMOS 1408 DEBRIS #366
1 50266U 20001A   26236.50000000  .00001000  00000+0  10000-4 0  9991
2 50266  83.6031  69.3893 0081636 141.8811  58.7561 15.64466320000018
COSMOS 1408 DEBRIS #367
1 50267U 20001A   26236.50000000  .00001000  00000+0  10000-4 0  9992
2 50267  82.2070   2.6073 0224213 268.7836 193.8117 14.78959336000019
COSMOS 1408 DEBRIS #368
1 50268U 20001A   26236.50000000  .00001000  00000+0  10000-4 0  9993
2 50268  83.0804  44.0816 0336028 270.9571  32.5677 15.54072224000015
COSMOS 1408 DEBRIS #369
1 50269U 20001A   26236.50000000  .00001000  00000+0  10000-4 0  9994
2 50269  84.0188  20.7116 0316428 141.4158 326.7625 15.47730664000013
COSMOS 1408 DEBRIS #370
1 50270U 20001A   26236.50000000  .00001000  00000+0  10000-4 0  9996
2 50270  82.9469 221.3237 0381523  87.3817 178.7087 14.40043747000013
COSMOS 1408 DEBRIS #371
1 50271U 20001A   26236.50000000  .00001000  00000+0  10000-4 0  9997
2 50271  81.2924 173.2040 0137416  57.6191 326.3092 14.83188194000014
COSMOS 1408 DEBRIS #372
1 50272U 20001A   26236.50000000  .00001000  00000+0  10000-4 0  9998
2 50272  82.0357 214.3071 0349446 203.8886 324.6073 15.28955930000019
COSMOS 1408 DEBRIS #373
1 50273U 20001A   26236.50000000  .00001000  00000+0  10000-4 0  9999
2 50273  81.8676 354.9541 0057159 142.3884  27.3649 14.42514645000011
COSMOS 1408 DEBRIS #374
1 50274U 20001A   26236.50000000  .00001000  00000+0  10000-4 0  9990
2 50274  81.4163 173.3823 0108205 339.8955 307.7895 14.88132986000018
COSMOS 1408 DEBRIS #375
1 50275U 20001A   26236.50000000  .00001000  00000+0  10000-4 0  9991
2 50275  81.5963 114.6607 0273756 330.4114  90.6748 15.06478310000014
COSMOS 1408 DEBRIS #376
1 50276U 20001A   26236.50000000  .00001000  00000+0  10000-4 0  9992
2 50276  80.9115 326.0542 0286463 153.2604 161.4848 15.71360560000015
COSMOS 1408 DEBRIS #377
1 50277U 20001A   26236.50000000  .00001000  00000+0  10000-4 0  9993
2 50277  83.5658   9.5219 0237011 267.0576 191.8966 14.46917663000019
COSMOS 1408 DEBRIS #378
1 50278U 20001A   26236.50000000  .00001000  00000+0  10000-4 0  9994
2 50278  81.5743 314.8416 0122783 253.8542  22.6061 14.52478817000016
COSMOS 1408 DEBRIS #379
1 50279U 20001A   26236.50000000  .00001000  00000+0  10000-4 0  9995
2 50279  83.2643 309.6215 0154757  97.5261 259.1263 14.74025159000013
COSMOS 1408 DEBRIS #380
1 50280U 20001A   26236.50000000  .00001000  00000+0  10000-4 0  9997
2 50280  81.0583 209.4792 0059925 302.8738 186.2729 14.60419673000013
COSMOS 1408 DEBRIS #381
1 50281U 20001A   26236.50000000  .00001000  00000+0  10000-4 0  9998
2 50281  82.2665 330.2371 0195178 167.8096 350.5769 14.43741785000014
COSMOS 1408 DEBRIS #382
1 50282U 20001A   26236.50000000  .00001000  00000+0  10000-4 0  9999
2 50282  81.9974 266.8496 0346788  33.6328 196.2922 14.46065322000014
COSMOS 1408 DEBRIS #383
1 50283U 20001A   26236.50000000  .00001000  00000+0  10000-4 0  9990
2 50283  83.3328  91.5740 0323200 335.4375 284.8381 14.74627134000017
COSMOS 1408 DEBRIS #384
1 50284U 20001A   26236.50000000  .00001000  00000+0  10000-4 0  9991
2 50284  82.8628 264.9434 0388268 195.3834 177.3497 14.71426890000016
COSMOS 1408 DEBRIS #385
1 50285U 20001A   26236.50000000  .00001000  00000+0  10000-4 0  9992
2 50285  82.2257 228.2570 0335215  75.2291  84.4121 14.53706626000010
COSMOS 1408 DEBRIS #386
1 50286U 20001A   26236.50000000  .00001000  00000+0  10000-4 0  9993
2 50286  81.1806 212.2444 0232112 128.8686 222.3040 14.80229326000017
COSMOS 1408 DEBRIS #387
1 50287U 20001A   26236.50000000  .00001000  00000+0  10000-4 0  9994
2 50287  80.7286 122.5056 0292236 345.6126  98.9774 15.33137069000010
COSMOS 1408 DEBRIS #388
1 50288U 20001A   26236.50000000  .00001000  00000+0  10000-4 0  9995
2 50288  84.0337 120.0757 0211313 264.6867 190.9457 15.53345955000013
COSMOS 1408 DEBRIS #389
1 50289U 20001A   26236.50000000  .00001000  00000+0  10000-4 0  9996
2 50289  83.8182 194.9349 0389610 157.4075 285.7445 14.74508632000017
COSMOS 1408 DEBRIS #390
1 50290U 20001A   26236.50000000  .00001000  00000+0  10000-4 0  9998
2 50290  81.0399 283.8730 0026835 143.2435  45.1185 15.06345615000016
COSMOS 1408 DEBRIS #391
1 50291U 20001A   26236.50000000  .00001000  00000+0  10000-4 0  9999
2 50291  82.8380  60.5814 0135954 280.8502 314.9625 14.56840100000014
COSMOS 1408 DEBRIS #392
1 50292U 20001A   26236.50000000  .00001000  00000+0  10000-4 0  9990
2 50292  83.4485  28.8551 0242528  57.2486  66.0841 14.48691411000011
COSMOS 1408 DEBRIS #393
1 50293U 20001A   26236.50000000  .00001000  00000+0  10000-4 0  9991
2 50293  81.9015 271.7935 0222647 286.4932 336.1774 14.79953688000018
COSMOS 1408 DEBRIS #394
1 50294U 20001A   26236.50000000  .00001000  00000+0  10000-4 0  9992
2 50294  82.1229 272.4959 0395765 198.8894  67.9331 14.96027762000010
COSMOS 1408 DEBRIS #395
1 50295U 20001A   26236.50000000  .00001000  00000+0  10000-4 0  9993
2 50295  83.5419 317.0923 0265525 340.4750 285.4508 14.35408744000019
COSMOS 1408 DEBRIS #396
1 50296U 20001A   26236.50000000  .00001000  00000+0  10000-4 0  9994
2 50296  81.4827  98.4697 0129239 213.8478 283.7020 15.17477605000012
COSMOS 1408 DEBRIS #397
1 50297U 20001A   26236.50000000  .00001000  00000+0  10000-4 0  9995
2 50297  82.9219 235.8447 0169879 159.6182  48.3764 15.61350797000018
COSMOS 1408 DEBRIS #398
1 50298U 20001A   26236.50000000  .00001000  00000+0  10000-4 0  9996
2 50298  82.0940  94.4194 0335796 302.0916 346.6343 14.78257495000016
COSMOS 1408 DEBRIS #399
1 50299U 20001A   26236.50000000  .00001000  00000+0  10000-4 0  9997
2 50299  81.9452  69.9139 0045366 232.9257   6.7547 15.62112158000019
COSMOS 1408 DEBRIS #400
1 50300U 20001A   26236.50000000  .00001000  00000+0  10000-4 0  9990
2 50300  81.4264  26.9536 0300183  79.0582 133.4648 14.34348373000012
COSMOS 1408 DEBRIS #401
1 50301U 20001A   26236.50000000  .00001000  00000+0  10000-4 0  9991
2 50301  81.3032 222.9073 0071098 166.9249  31.2637 14.70639367000014
COSMOS 1408 DEBRIS #402
1 50302U 20001A   26236.50000000  .00001000  00000+0  10000-4 0  9992
2 50302  82.8675 137.6357 0022199 347.4326 335.4351 14.27952074000018
COSMOS 1408 DEBRIS #403
1 50303U 20001A   26236.50000000  .00001000  00000+0  10000-4 0  9993
2 50303  81.0743 174.9073 0034163 144.0840 332.4488 14.87995623000012
COSMOS 1408 DEBRIS #404
1 50304U 20001A   26236.50000000  .00001000  00000+0  10000-4 0  9994
2 50304  83.4934 299.1432 0040859 313.3110 140.7320 15.85854798000011
COSMOS 1408 DEBRIS #405
1 50305U 20001A   26236.50000000  .00001000  00000+0  10000-4 0  9995
2 50305  81.3736 189.2598 0376969 206.0794  82.1769 14.21754973000010
COSMOS 1408 DEBRIS #406
1 50306U 20001A   26236.50000000  .00001000  00000+0  10000-4 0  9996
2 50306  81.1939  97.6957 0054250 237.2525 308.6603 15.60447601000013
COSMOS 1408 DEBRIS #407
1 50307U 20001A   26236.50000000  .00001000  00000+0  10000-4 0  9997
2 50307  83.1932  74.0110 0349591 147.7320   4.4751 14.53698656000016
COSMOS 1408 DEBRIS #408
1 50308U 20001A   26236.50000000  .00001000  00000+0  10000-4 0  9998
2 50308  84.2474 222.1985 0127583 156.6982  49.3981 14.35836092000015
COSMOS 1408 DEBRIS #409
1 50309U 20001A   26236.50000000  .00001000  00000+0  10000-4 0  9999
2 50309  81.3002  35.6910 0152607 103.5740 329.5415 15.72987792000015
COSMOS 1408 DEBRIS #410
1 50310U 20001A   26236.50000000  .00001000  00000+0  10000-4 0  9991
2 50310  81.2865  64.3238 0198549 188.4092 171.5792 15.72109146000014
COSMOS 1408 DEBRIS #411
1 50311U 20001A   26236.50000000  .00001000  00000+0  10000-4 0  9992
2 50311  82.1809 330.6911 0032025  75.0342  90.3628 15.65971020000011
COSMOS 1408 DEBRIS #412
1 50312U 20001A   26236.50000000  .00001000  00000+0  10000-4 0  9993
2 50312  81.6693 224.5232 0037101 154.2841  25.0061 14.67165345000010
COSMOS 1408 DEBRIS #413
1 50313U 20001A   26236.50000000  .00001000  00000+0  10000-4 0  9994
2 50313  81.8112 122.4651 0214406 359.2819 300.9216 14.95034651000010
COSMOS 1408 DEBRIS #414
1 50314U 20001A   26236.50000000  .00001000  00000+0  10000-4 0  9995
2 50314  82.4777 221.5785 0091738  65.7908 317.5937 14.70962555000013
COSMOS 1408 DEBRIS #415
1 50315U 20001A   26236.50000000  .00001000  00000+0  10000-4 0  9996
2 50315  81.6481  78.9094 0136907  27.9970 178.6357 15.51154257000015
COSMOS 1408 DEBRIS #416
1 50316U 20001A   26236.50000000  .00001000  00000+0  10000-4 0  9997
2 50316  81.3761 124.3262 0316743 180.3539 139.9396 15.55342197000019
COSMOS 1408 DEBRIS #417
1 50317U 20001A   26236.50000000  .00001000  00000+0  10000-4 0  9998
2 50317  81.5221 205.2981 0399024 314.6927 278.1759 14.48136325000010
COSMOS 1408 DEBRIS #418
1 50318U 20001A   26236.50000000  .00001000  00000+0  10000-4 0  9999
2 50318  81.9789  81.1420 0339985 201.3883  14.9265 14.43258631000014
COSMOS 1408 DEBRIS #419
1 50319U 20001A   26236.50000000  .00001000  00000+0  10000-4 0  9990
2 50319  83.2529  62.2644 0215972  95.8393 235.0213 15.44770175000014
COSMOS 1408 DEBRIS #420
1 50320U 20001A   26236.50000000  .00001000  00000+0  10000-4 0  9992
2 50320  84.4170   1.1566 0148783 121.3978 318.8291 15.05146168000017
COSMOS 1408 DEBRIS #421
1 50321U 20001A   26236.50000000  .00001000  00000+0  10000-4 0  9993
2 50321  82.4268 339.6983 0086264 100.2698 115.6634 14.86438521000015
COSMOS 1408 DEBRIS #422
1 50322U 20001A   26236.50000000  .00001000  00000+0  10000-4 0  9994
2 50322  82.8599   5.7612 0323271  79.3348 192.1070 15.18863679000013
COSMOS 1408 DEBRIS #423
1 50323U 20001A   26236.50000000  .00001000  00000+0  10000-4 0  9995
2 50323  81.5474 153.8428 0135795 228.6328 265.3341 15.63893095000010
COSMOS 1408 DEBRIS #424
1 50324U 20001A   26236.50000000  .00001000  00000+0  10000-4 0  9996
2 50324  81.6744 164.0199 0383350  99.2907 164.5331 15.08833549000014
COSMOS 1408 DEBRIS #425
1 50325U 20001A   26236.50000000  .00001000  00000+0  10000-4 0  9997
2 50325  82.0847 135.0635 0226048 234.6571 308.2101 14.96733285000013
COSMOS 1408 DEBRIS #426
1 50326U 20001A   26236.50000000  .00001000  00000+0  10000-4 0  9998
2 50326  84.0139  92.3066 0177355 244.5972 139.5718 14.99450151000014
COSMOS 1408 DEBRIS #427
1 50327U 20001A   26236.50000000  .00001000  00000+0  10000-4 0  9999
2 50327  81.4354 199.2430 0327471  24.1717 237.2838 15.83994867000012
COSMOS 1408 DEBRIS #428
1 50328U 20001A   26236.50000000  .00001000  00000+0  10000-4 0  9990
2 50328  84.0291  31.3661 0161651 219.2144  12.0809 15.07979963000014
COSMOS 1408 DEBRIS #429
1 50329U 20001A   26236.50000000  .00001000  00000+0  10000-4 0  9991
2 50329  80.7392 163.0121 0371311 303.5244   3.9935 14.48379318000019
COSMOS 1408 DEBRIS #430
1 50330U 20001A   26236.50000000  .00001000  00000+0  10000-4 0  9993
2 50330  82.5681 120.4277 0285051 301.5461 138.6211 15.30468053000015
COSMOS 1408 DEBRIS #431
1 50331U 20001A   26236.50000000  .00001000  00000+0  10000-4 0  9994
2 50331  81.6602  85.0276 0176521  11.9758 323.7931 15.69991414000016
COSMOS 1408 DEBRIS #432
1 50332U 20001A   26236.50000000  .00001000  00000+0  10000-4 0  9995
2 50332  81.4116  89.2723 0121463 183.3106  76.0587 14.92216983000015
COSMOS 1408 DEBRIS #433
1 50333U 20001A   26236.50000000  .00001000  00000+0  10000-4 0  9996
2 50333  82.0854 232.0604 0273031 145.6385 252.3035 14.23783039000019
COSMOS 1408 DEBRIS #434
1 50334U 20001A   26236.50000000  .00001000  00000+0  10000-4 0  9997
2 50334  84.0507  43.2874 0374546  66.0276 147.7125 14.51116187000018
COSMOS 1408 DEBRIS #435
1 50335U 20001A   26236.50000000  .00001000  00000+0  10000-4 0  9998
2 50335  83.9305 328.0408 0264101 221.1510 277.5950 15.51937259000010
COSMOS 1408 DEBRIS #436
1 50336U 20001A   26236.50000000  .00001000  00000+0  10000-4 0  9999
2 50336  82.3085 232.9354 0183745 273.5739 243.4510 14.57065098000012
COSMOS 1408 DEBRIS #437
1 50337U 20001A   26236.50000000  .00001000  00000+0  10000-4 0  9990
2 50337  83.7334  16.8087 0198876 149.2956 109.6848 14.54891854000019
COSMOS 1408 DEBRIS #438
1 50338U 20001A   26236.50000000  .00001000  00000+0  10000-4 0  9991
2 50338  83.7528 250.6952 0283567 181.3374 173.3680 15.67637854000012
COSMOS 1408 DEBRIS #439
1 50339U 20001A   26236.50000000  .00001000  00000+0  10000-4 0  9992
2 50339  82.0992 267.0808 0139666 116.1550   7.8866 15.89023669000018
COSMOS 1408 DEBRIS #440
1 50340U 20001A   26236.50000000  .00001000  00000+0  10000-4 0  9994
2 50340  83.1830 108.9660 0072459 250.0090  21.1258 15.60834090000016
COSMOS 1408 DEBRIS #441
1 50341U 20001A   26236.50000000  .00001000  00000+0  10000-4 0  9995
2 50341  83.0916 201.9724 0310697 196.2234 144.5302 15.50023196000012
COSMOS 1408 DEBRIS #442
1 50342U 20001A   26236.50000000  .00001000  00000+0  10000-4 0  9996
2 50342  83.3932  10.7062 0168486  22.0292  25.1021 14.51759234000013
COSMOS 1408 DEBRIS #443
1 50343U 20001A   26236.50000000  .00001000  00000+0  10000-4 0  9997
2 50343  83.5520 208.0370 0385619   5.3388  68.9968 15.72373302000019
COSMOS 1408 DEBRIS #444
1 50344U 20001A   26236.50000000  .00001000  00000+0  10000-4 0  9998
2 50344  83.7383 209.2876 0311360 221.6555 242.2454 15.06524931000014
COSMOS 1408 DEBRIS #445
1 50345U 20001A   26236.50000000  .00001000  00000+0  10000-4 0  9999
2 50345  82.7666 193.1428 0080700  55.4106 252.8741 14.40399666000016
COSMOS 1408 DEBRIS #446
1 50346U 20001A   26236.50000000  .00001000  00000+0  10000-4 0  9990
2 50346  84.3631 277.0072 0313593  32.5573 265.5136 14.59674671000018
COSMOS 1408 DEBRIS #447
1 50347U 20001A   26236.50000000  .00001000  00000+0  10000-4 0  9991
2 50347  84.1882 192.2016 0332496  94.4692 145.8811 14.72353366000013
COSMOS 1408 DEBRIS #448
1 50348U 20001A   26236.50000000  .00001000  00000+0  10000-4 0  9992
2 50348  81.6677  10.8745 0292826 247.3068 239.3527 15.20530929000019
COSMOS 1408 DEBRIS #449
1 50349U 20001A   26236.50000000  .00001000  00000+0  10000-4 0  9993
2 50349  84.3899  31.3553 0313011 108.8953 356.2442 15.82799017000013
COSMOS 1408 DEBRIS #450
1 50350U 20001A   26236.50000000  .00001000  00000+0  10000-4 0  9995
2 50350  82.9060   6.9400 0127265 219.7785 150.6768 15.51764861000019
COSMOS 1408 DEBRIS #451
1 50351U 20001A   26236.50000000  .00001000  00000+0  10000-4 0  9996
2 50351  80.6071 136.9373 0088260 295.0294 158.1081 15.24878139000018
COSMOS 1408 DEBRIS #452
1 50352U 20001A   26236.50000000  .00001000  00000+0  10000-4 0  9997
2 50352  80.5080  93.0469 0250758 359.7621  83.5201 14.47609033000016
COSMOS 1408 DEBRIS #453
1 50353U 20001A   26236.50000000  .00001000  00000+0  10000-4 0  9998
2 50353  84.1499 267.2997 0125615 292.2203 251.0549 15.53679448000014
COSMOS 1408 DEBRIS #454
1 50354U 20001A   26236.50000000  .00001000  00000+0  10000-4 0  9999
2 50354  83.6312 249.7456 0332369 260.8845  40.1926 14.32808596000017
COSMOS 1408 DEBRIS #455
1 50355U 20001A   26236.50000000  .00001000  00000+0  10000-4 0  9990
2 50355  82.3859 309.6117 0022120 343.3853  97.5886 15.27783007000012
COSMOS 1408 DEBRIS #456
1 50356U 20001A   26236.50000000  .00001000  00000+0  10000-4 0  9991
2 50356  81.3872  41.0032 0355550 310.9311 273.1045 15.09709669000016
COSMOS 1408 DEBRIS #457
1 50357U 20001A   26236.50000000  .00001000  00000+0  10000-4 0  9992
2 50357  84.1846  37.0642 0267186 278.0636 331.5629 14.62941617000018
COSMOS 1408 DEBRIS #458
1 50358U 20001A   26236.50000000  .00001000  00000+0  10000-4 0  9993
2 50358  83.1327 324.4509 0268538   0.5302 338.2137 14.35836116000012
COSMOS 1408 DEBRIS #459
1 50359U 20001A   26236.50000000  .00001000  00000+0  10000-4 0  9994
2 50359  83.5988  41.1976 0040671  56.1873 227.0919 15.21843102000019
COSMOS 1408 DEBRIS #460
1 50360U 20001A   26236.50000000  .00001000  00000+0  10000-4 0  9996
2 50360  80.6701 316.7408 0097363 194.1916 186.3293 15.07240172000018
COSMOS 1408 DEBRIS #461
1 50361U 20001A   26236.50000000  .00001000  00000+0  10000-4 0  9997
2 50361  84.0930 345.9383 0044924  54.0802  59.6176 14.47086785000013
COSMOS 1408 DEBRIS #462
1 50362U 20001A   26236.50000000  .00001000  00000+0  10000-4 0  9998
2 50362  84.2835 198.0964 0267487 299.8525 303.2810 15.50967017000018
COSMOS 1408 DEBRIS #463
1 50363U 20001A   26236.50000000  .00001000  00000+0  10000-4 0  9999
2 50363  81.8050 340.7495 0270995  53.0299 182.7512 14.23270894000010
COSMOS 1408 DEBRIS #464
1 50364U 20001A   26236.50000000  .00001000  00000+0  10000-4 0  9990
2 50364  82.8178 121.9965 0234679 168.0936  99.2196 15.29069609000015
COSMOS 1408 DEBRIS #465
1 50365U 20001A   26236.50000000  .00001000  00000+0  10000-4 0  9991
2 50365  80.8010 194.3413 0180733  40.4400 215.9427 15.20697174000010
COSMOS 1408 DEBRIS #466
1 50366U 20001A   26236.50000000  .00001000  00000+0  10000-4 0  9992
2 50366  84.0774 309.0886 0085166 141.0887   5.6002 15.00282136000013
COSMOS 1408 DEBRIS #467
1 50367U 20001A   26236.50000000  .00001000  00000+0  10000-4 0  9993
2 50367  80.6324  48.0488 0026362 164.2642 228.8169 15.26233075000013
COSMOS 1408 DEBRIS #468
1 50368U 20001A   26236.50000000  .00001000  00000+0  10000-4 0  9994
2 50368  83.7179 357.9355 0180086 317.6507 101.0200 15.34328032000014
COSMOS 1408 DEBRIS #469
1 50369U 20001A   26236.50000000  .00001000  00000+0  10000-4 0  9995
2 50369  81.3734 289.1047 0164964 231.0930 120.2428 15.30663325000014
COSMOS 1408 DEBRIS #470
1 50370U 20001A   26236.50000000  .00001000  00000+0  10000-4 0  9997
2 50370  82.5877 295.6753 0204130  64.3114 264.8825 14.20997846000016
COSMOS 1408 DEBRIS #471
1 50371U 20001A   26236.50000000  .00001000  00000+0  10000-4 0  9998
2 50371  81.6809 238.2926 0269944 236.7466 134.6166 14.70703621000019
COSMOS 1408 DEBRIS #472
1 50372U 20001A   26236.50000000  .00001000  00000+0  10000-4 0  9999
2 50372  82.1313   6.6842 0054209 344.4568 165.0706 15.77425705000016
COSMOS 1408 DEBRIS #473
1 50373U 20001A   26236.50000000  .00001000  00000+0  10000-4 0  9990
2 50373  81.4946  65.7503 0365599 145.8249 293.8905 15.16878956000011
COSMOS 1408 DEBRIS #474
1 50374U 20001A   26236.50000000  .00001000  00000+0  10000-4 0  9991
2 50374  83.3169  89.9732 0163154   0.2769 330.5847 15.49377661000013
COSMOS 1408 DEBRIS #475
1 50375U 20001A   26236.50000000  .00001000  00000+0  10000-4 0  9992
2 50375  81.6746 135.1557 0070523 248.2941  15.1303 15.50025370000010
COSMOS 1408 DEBRIS #476
1 50376U 20001A   26236.50000000  .00001000  00000+0  10000-4 0  9993
2 50376  81.9194 251.4244 0181467  28.4973 191.8038 15.05209467000017
COSMOS 1408 DEBRIS #477
1 50377U 20001A   26236.50000000  .00001000  00000+0  10000-4 0  9994
2 50377  82.2585 132.1980 0377819 349.5230 314.5334 15.35543844000015
COSMOS 1408 DEBRIS #478
1 50378U 20001A   26236.50000000  .00001000  00000+0  10000-4 0  9995
2 50378  83.8083  97.9118 0353328  52.8733 126.8201 15.06703535000018
COSMOS 1408 DEBRIS #479
1 50379U 20001A   26236.50000000  .00001000  00000+0  10000-4 0  9996
2 50379  83.3674 162.6370 0209396  99.5203 256.4281 15.08021030000018
COSMOS 1408 DEBRIS #480
1 50380U 20001A   26236.50000000  .00001000  00000+0  10000-4 0  9998
2 50380  82.1445 359.6626 0385077  13.8385 145.1636 14.59239584000014
COSMOS 1408 DEBRIS #481
1 50381U 20001A   26236.50000000  .00001000  00000+0  10000-4 0  9999
2 50381  82.3544 279.1666 0388659 210.7106  46.5652 14.89317947000010
COSMOS 1408 DEBRIS #482
1 50382U 20001A   26236.50000000  .00001000  00000+0  10000-4 0  9990
2 50382  82.8259 204.1011 0204148 319.4875 325.8286 15.74933075000018
COSMOS 1408 DEBRIS #483
1 50383U 20001A   26236.50000000  .00001000  00000+0  10000-4 0  9991
2 50383  81.0396  18.1792 0117497 139.3026  59.6828 15.22821474000014
COSMOS 1408 DEBRIS #484
1 50384U 20001A   26236.50000000  .00001000  00000+0  10000-4 0  9992
2 50384  82.1429 223.1577 0024210  26.1617 163.3338 14.90881990000014
COSMOS 1408 DEBRIS #485
1 50385U 20001A   26236.50000000  .00001000  00000+0  10000-4 0  9993
2 50385  84.2257 210.0265 0087229 135.7039 354.6960 15.71731855000010
COSMOS 1408 DEBRIS #486
1 50386U 20001A   26236.50000000  .00001000  00000+0  10000-4 0  9994
2 50386  84.1347 341.2739 0269775 329.3327 217.1529 14.46234388000016
COSMOS 1408 DEBRIS #487
1 50387U 20001A   26236.50000000  .00001000  00000+0  10000-4 0  9995
2 50387  84.3054 197.3382 0101827 264.5294 311.4581 15.47754259000016
COSMOS 1408 DEBRIS #488
1 50388U 20001A   26236.50000000  .00001000  00000+0  10000-4 0  9996
2 50388  82.0993 185.3164 0289843  67.4248 329.8912 14.96659768000016
COSMOS 1408 DEBRIS #489
1 50389U 20001A   26236.50000000  .00001000  00000+0  10000-4 0  9997
2 50389  82.2353 108.3988 0113882  17.5881 341.1098 15.09282617000018
COSMOS 1408 DEBRIS #490
1 50390U 20001A   26236.50000000  .00001000  00000+0  10000-4 0  9999
2 50390  83.7299 322.2766 0328977  72.0511 190.0369 14.36259760000019
COSMOS 1408 DEBRIS #491
1 50391U 20001A   26236.50000000  .00001000  00000+0  10000-4 0  9990
2 50391  81.2584 275.1969 0052162 144.8823  10.5591 15.88477161000013
COSMOS 1408 DEBRIS #492
1 50392U 20001A   26236.50000000  .00001000  00000+0  10000-4 0  9991
2 50392  84.0872 104.2534 0038874 251.4223 334.7806 15.86411085000019
COSMOS 1408 DEBRIS #493
1 50393U 20001A   26236.50000000  .00001000  00000+0  10000-4 0  9992
2 50393  81.0872 222.0983 0303857 285.2674 266.8288 14.31447592000015
COSMOS 1408 DEBRIS #494
1 50394U 20001A   26236.50000000  .00001000  00000+0  10000-4 0  9993
2 50394  83.1453 307.0465 0350871 203.0483  78.3818 15.44285162000010
COSMOS 1408 DEBRIS #495
1 50395U 20001A   26236.50000000  .00001000  00000+0  10000-4 0  9994
2 50395  80.9728  73.4851 0328380  54.8301 228.8044 15.04270044000017
COSMOS 1408 DEBRIS #496
1 50396U 20001A   26236.50000000  .00001000  00000+0  10000-4 0  9995
2 50396  82.6743  47.6623 0244745 231.9939 299.8164 15.11824852000012
COSMOS 1408 DEBRIS #497
1 50397U 20001A   26236.50000000  .00001000  00000+0  10000-4 0  9996
2 50397  82.0350  57.5168 0318643  48.7556 327.0927 15.79769681000016
COSMOS 1408 DEBRIS #498
1 50398U 20001A   26236.50000000  .00001000  00000+0  10000-4 0  9997
2 50398  81.8180 349.0636 0266606  65.7545 121.2601 14.29453905000018
COSMOS 1408 DEBRIS #499
1 50399U 20001A   26236.50000000  .00001000  00000+0  10000-4 0  9998
2 50399  81.4285 205.2820 0204102 219.1072 288.1439 14.92526445000014
COSMOS 1408 DEBRIS #500
1 50400U 20001A   26236.50000000  .00001000  00000+0  10000-4 0  9991
2 50400  82.9895  93.9668 0364182 329.5345 204.6186 14.88115391000017
COSMOS 1408 DEBRIS #501
1 50401U 20001A   26236.50000000  .00001000  00000+0  10000-4 0  9992
2 50401  84.4071 279.6437 0370062  12.2239 355.5855 15.86429482000017
COSMOS 1408 DEBRIS #502
1 50402U 20001A   26236.50000000  .00001000  00000+0  10000-4 0  9993
2 50402  81.9801 192.2213 0354151 237.1974  88.5618 14.34479761000015
COSMOS 1408 DEBRIS #503
1 50403U 20001A   26236.50000000  .00001000  00000+0  10000-4 0  9994
2 50403  84.2410 161.4852 0175226 189.4292 205.8735 14.37085687000018
COSMOS 1408 DEBRIS #504
1 50404U 20001A   26236.50000000  .00001000  00000+0  10000-4 0  9995
2 50404  84.4127  55.0567 0310502 231.1039 277.6478 15.75609827000011
COSMOS 1408 DEBRIS #505
1 50405U 20001A   26236.50000000  .00001000  00000+0  10000-4 0  9996
2 50405  83.8983   2.4219 0114205 176.6709  43.3858 15.79694007000012
COSMOS 1408 DEBRIS #506
1 50406U 20001A   26236.50000000  .00001000  00000+0  10000-4 0  9997
2 50406  81.1535  81.1938 0047566 237.7714 113.6695 14.53009098000010
COSMOS 1408 DEBRIS #507
1 50407U 20001A   26236.50000000  .00001000  00000+0  10000-4 0  9998
2 50407  82.1188   4.5838 0208556 231.2509  26.3789 15.04297574000012
COSMOS 1408 DEBRIS #508
1 50408U 20001A   26236.50000000  .00001000  00000+0  10000-4 0  9999
2 50408  84.4623 125.8603 0105787 207.2155 238.7667 14.34647369000018
COSMOS 1408 DEBRIS #509
1 50409U 20001A   26236.50000000  .00001000  00000+0  10000-4 0  9990
2 50409  84.3640  52.7806 0146739 300.8970 215.1433 15.25742336000018
COSMOS 1408 DEBRIS #510
1 50410U 20001A   26236.50000000  .00001000  00000+0  10000-4 0  9992
2 50410  80.7839  71.3793 0204026  14.5133 107.3772 14.55694424000010
COSMOS 1408 DEBRIS #511
1 50411U 20001A   26236.50000000  .00001000  00000+0  10000-4 0  9993
2 50411  81.2354 105.8124 0398596 161.4794 197.9821 14.66760484000013
COSMOS 1408 DEBRIS #512
1 50412U 20001A   26236.50000000  .00001000  00000+0  10000-4 0  9994
2 50412  80.5003  97.5361 0183875 345.1568 149.7538 14.95468348000015
COSMOS 1408 DEBRIS #513
1 50413U 20001A   26236.50000000  .00001000  00000+0  10000-4 0  9995
2 50413  81.0147  81.1774 0394849 318.5478 249.0582 15.76910847000016
COSMOS 1408 DEBRIS #514
1 50414U 20001A   26236.50000000  .00001000  00000+0  10000-4 0  9996
2 50414  82.3817 115.6870 0315409 283.1139 226.7550 15.23411138000019
COSMOS 1408 DEBRIS #515
1 50415U 20001A   26236.50000000  .00001000  00000+0  10000-4 0  9997
2 50415  84.4098 247.7020 0344266  32.3382 250.2275 15.85748001000011
COSMOS 1408 DEBRIS #516
1 50416U 20001A   26236.50000000  .00001000  00000+0  10000-4 0  9998
2 50416  84.3441  59.9251 0224520  96.4744 138.0696 14.79009258000011
COSMOS 1408 DEBRIS #517
1 50417U 20001A   26236.50000000  .00001000  00000+0  10000-4 0  9999
2 50417  84.3864  13.3342 0329298 127.4464   0.5240 15.14918547000016
COSMOS 1408 DEBRIS #518
1 50418U 20001A   26236.50000000  .00001000  00000+0  10000-4 0  9990
2 50418  81.8853 267.1155 0296989 115.5459 300.6604 15.57319285000019
COSMOS 1408 DEBRIS #519
1 50419U 20001A   26236.50000000  .00001000  00000+0  10000-4 0  9991
2 50419  81.5423 258.5928 0255278  89.5955 239.9060 15.33743070000016
COSMOS 1408 DEBRIS #520
1 50420U 20001A   26236.50000000  .00001000  00000+0  10000-4 0  9993
2 50420  84.1873  16.8808 0206920  18.2082   4.0708 15.00375130000010
COSMOS 1408 DEBRIS #521
1 50421U 20001A   26236.50000000  .00001000  00000+0  10000-4 0  9994
2 50421  81.4833 298.3949 0024788 321.4038  42.2027 14.72952005000018
COSMOS 1408 DEBRIS #522
1 50422U 20001A   26236.50000000  .00001000  00000+0  10000-4 0  9995
2 50422  81.6052   6.6150 0309233 283.8464 196.5354 15.22715188000014
COSMOS 1408 DEBRIS #523
1 50423U 20001A   26236.50000000  .00001000  00000+0  10000-4 0  9996
2 50423  81.2128 289.5379 0029170 137.7428 276.8204 14.55531039000018
COSMOS 1408 DEBRIS #524
1 50424U 20001A   26236.50000000  .00001000  00000+0  10000-4 0  9997
2 50424  83.5687 265.8296 0035164 329.5219 195.8357 15.07336058000019
COSMOS 1408 DEBRIS #525
1 50425U 20001A   26236.50000000  .00001000  00000+0  10000-4 0  9998
2 50425  82.0974 341.4671 0258769   7.5750 160.1338 15.37873438000017
COSMOS 1408 DEBRIS #526
1 50426U 20001A   26236.50000000  .00001000  00000+0  10000-4 0  9999
2 50426  82.6619  54.5586 0142244 121.6606 349.4974 15.23373684000016
COSMOS 1408 DEBRIS #527
1 50427U 20001A   26236.50000000  .00001000  00000+0  10000-4 0  9990
2 50427  82.0285 249.1377 0289531  73.3405  85.2228 14.55129922000016
COSMOS 1408 DEBRIS #528
1 50428U 20001A   26236.50000000  .00001000  00000+0  10000-4 0  9991
2 50428  83.3833  47.5744 0041087 354.7633 107.9932 14.52278490000015
COSMOS 1408 DEBRIS #529
1 50429U 20001A   26236.50000000  .00001000  00000+0  10000-4 0  9992
2 50429  83.9000 181.1295 0212746 276.7039 155.5209 14.29081700000015
COSMOS 1408 DEBRIS #530
1 50430U 20001A   26236.50000000  .00001000  00000+0  10000-4 0  9994
2 50430  80.6703 259.1403 0249945 348.7756 214.7691 15.02104548000016
COSMOS 1408 DEBRIS #531
1 50431U 20001A   26236.50000000  .00001000  00000+0  10000-4 0  9995
2 50431  80.6641 244.6196 0064644  33.3563 302.0744 15.38879558000019
COSMOS 1408 DEBRIS #532
1 50432U 20001A   26236.50000000  .00001000  00000+0  10000-4 0  9996
2 50432  83.7893 226.5125 0392050  28.3899  71.8892 15.67160962000014
COSMOS 1408 DEBRIS #533
1 50433U 20001A   26236.50000000  .00001000  00000+0  10000-4 0  9997
2 50433  83.9246  52.2934 0168123 120.7029  99.2437 14.37044196000010
COSMOS 1408 DEBRIS #534
1 50434U 20001A   26236.50000000  .00001000  00000+0  10000-4 0  9998
2 50434  81.8540  16.9365 0081943  67.1295  42.9498 14.87887919000018
COSMOS 1408 DEBRIS #535
1 50435U 20001A   26236.50000000  .00001000  00000+0  10000-4 0  9999
2 50435  82.8760 145.1800 0132202 246.1479 355.6039 14.97319713000019
COSMOS 1408 DEBRIS #536
1 50436U 20001A   26236.50000000  .00001000  00000+0  10000-4 0  9990
2 50436  81.0870 112.8742 0248235   2.5238 171.8665 14.99965236000012
COSMOS 1408 DEBRIS #537
1 50437U 20001A   26236.50000000  .00001000  00000+0  10000-4 0  9991
2 50437  81.5905 256.0205 0132581 345.0888  20.4139 15.43489615000011
COSMOS 1408 DEBRIS #538
1 50438U 20001A   26236.50000000  .00001000  00000+0  10000-4 0  9992
2 50438  82.6273 321.0165 0313578 322.3440  28.7742 15.76150759000010
COSMOS 1408 DEBRIS #539
1 50439U 20001A   26236.50000000  .00001000  00000+0  10000-4 0  9993
2 50439  83.5029 104.1392 0303441 206.0262 262.5101 15.59888625000018
COSMOS 1408 DEBRIS #540
1 50440U 20001A   26236.50000000  .00001000  00000+0  10000-4 0  9995
2 50440  82.8063 151.6408 0321215 359.2088  47.6174 15.56664104000014
COSMOS 1408 DEBRIS #541
1 50441U 20001A   26236.50000000  .00001000  00000+0  10000-4 0  9996
2 50441  82.1298  89.3510 0287186 332.2257 130.7888 15.17957063000018
COSMOS 1408 DEBRIS #542
1 50442U 20001A   26236.50000000  .00001000  00000+0  10000-4 0  9997
2 50442  84.4049  49.6324 0166059 108.4345  46.7064 15.45776732000011
COSMOS 1408 DEBRIS #543
1 50443U 20001A   26236.50000000  .00001000  00000+0  10000-4 0  9998
2 50443  82.4446 199.9886 0190401 139.7742 144.4625 14.56733911000011
COSMOS 1408 DEBRIS #544
1 50444U 20001A   26236.50000000  .00001000  00000+0  10000-4 0  9999
2 50444  81.8226 292.5363 0169480 142.4915 156.2302 14.27060093000012
COSMOS 1408 DEBRIS #545
1 50445U 20001A   26236.50000000  .00001000  00000+0  10000-4 0  9990
2 50445  80.5335  15.8460 0297754  31.5828 227.9835 15.70806903000015
COSMOS 1408 DEBRIS #546
1 50446U 20001A   26236.50000000  .00001000  00000+0  10000-4 0  9991
2 50446  81.5639   2.8851 0227107 309.4492 211.1910 14.40516115000011
COSMOS 1408 DEBRIS #547
1 50447U 20001A   26236.50000000  .00001000  00000+0  10000-4 0  9992
2 50447  82.8695 355.8372 0042306 230.0740  51.5385 15.45932588000012
COSMOS 1408 DEBRIS #548
1 50448U 20001A   26236.50000000  .00001000  00000+0  10000-4 0  9993
2 50448  81.0410 218.9916 0148807 276.2613 165.6245 15.37055126000013
COSMOS 1408 DEBRIS #549
1 50449U 20001A   26236.50000000  .00001000  00000+0  10000-4 0  9994
2 50449  81.9841 168.2967 0247033  40.3610 233.7362 14.59315087000017
COSMOS 1408 DEBRIS #550
1 50450U 20001A   26236.50000000  .00001000  00000+0  10000-4 0  9996
2 50450  81.2467 141.2723 0038824 154.9379  47.8973 15.41823331000017
COSMOS 1408 DEBRIS #551
1 50451U 20001A   26236.50000000  .00001000  00000+0  10000-4 0  9997
2 50451  84.3680 125.5741 0329596 106.2993 115.8051 15.03809436000016
COSMOS 1408 DEBRIS #552
1 50452U 20001A   26236.50000000  .00001000  00000+0  10000-4 0  9998
2 50452  83.7453 353.3337 0244403 114.8482 268.9800 14.43300574000015
COSMOS 1408 DEBRIS #553
1 50453U 20001A   26236.50000000  .00001000  00000+0  10000-4 0  9999
2 50453  84.3506 101.3457 0128419 184.9661  44.7681 14.75994204000012
COSMOS 1408 DEBRIS #554
1 50454U 20001A   26236.50000000  .00001000  00000+0  10000-4 0  9990
2 50454  80.5652 201.9815 0292979 125.2299 126.1408 15.21191304000010
COSMOS 1408 DEBRIS #555
1 50455U 20001A   26236.50000000  .00001000  00000+0  10000-4 0  9991
2 50455  81.3454 319.0734 0341201 143.3293 146.2120 15.49555140000015
COSMOS 1408 DEBRIS #556
1 50456U 20001A   26236.50000000  .00001000  00000+0  10000-4 0  9992
2 50456  83.9678 214.9625 0280614 177.5964 178.2150 14.45399370000012
COSMOS 1408 DEBRIS #557
1 50457U 20001A   26236.50000000  .00001000  00000+0  10000-4 0  9993
2 50457  81.7596 146.6644 0024587 147.0200 291.9096 15.84816270000019
COSMOS 1408 DEBRIS #558
1 50458U 20001A   26236.50000000  .00001000  00000+0  10000-4 0  9994
2 50458  83.8614 111.4549 0180761 106.6798 310.9294 14.96099641000017
COSMOS 1408 DEBRIS #559
1 50459U 20001A   26236.50000000  .00001000  00000+0  10000-4 0  9995
2 50459  81.1171 151.7758 0370172  70.8265 287.9197 14.22726023000019
COSMOS 1408 DEBRIS #560
1 50460U 20001A   26236.50000000  .00001000  00000+0  10000-4 0  9997
2 50460  80.7516 181.4284 0030325  71.6572   1.5725 14.83658001000010
COSMOS 1408 DEBRIS #561
1 50461U 20001A   26236.50000000  .00001000  00000+0  10000-4 0  9998
2 50461  82.2649 244.5807 0261227 178.9382  33.8002 14.35328242000018
COSMOS 1408 DEBRIS #562
1 50462U 20001A   26236.50000000  .00001000  00000+0  10000-4 0  9999
2 50462  82.1930 124.8700 0187214  46.4215  92.0376 14.30512524000014
COSMOS 1408 DEBRIS #563
1 50463U 20001A   26236.50000000  .00001000  00000+0  10000-4 0  9990
2 50463  80.8002  88.3062 0144030  95.5254 255.4759 14.95197398000011
COSMOS 1408 DEBRIS #564
1 50464U 20001A   26236.50000000  .00001000  00000+0  10000-4 0  9991
2 50464  84.3745 263.4923 0158839 292.1942 249.9828 14.36502550000018
COSMOS 1408 DEBRIS #565
1 50465U 20001A   26236.50000000  .00001000  00000+0  10000-4 0  9992
2 50465  84.4501 168.3138 0040677  44.3190 336.0873 15.42855928000019
COSMOS 1408 DEBRIS #566
1 50466U 20001A   26236.50000000  .00001000  00000+0  10000-4 0  9993
2 50466  80.8198 231.4749 0219390 143.2295 347.1926 15.17848393000019
COSMOS 1408 DEBRIS #567
1 50467U 20001A   26236.50000000  .00001000  00000+0  10000-4 0  9994
2 50467  84.2469 305.1405 0173753 118.8352 318.6629 14.56517374000018
COSMOS 1408 DEBRIS #568
1 50468U 20001A   26236.50000000  .00001000  00000+0  10000-4 0  9995
2 50468  82.7149  70.1310 0142462  94.9835 241.3990 15.23236447000011
COSMOS 1408 DEBRIS #569
1 50469U 20001A   26236.50000000  .00001000  00000+0  10000-4 0  9996
2 50469  82.3400 196.8979 0022627  17.7034  66.8648 15.36733012000013
COSMOS 1408 DEBRIS #570
1 50470U 20001A   26236.50000000  .00001000  00000+0  10000-4 0  9998
2 50470  81.4715 268.5931 0201742 263.1732 195.1419 15.00588126000015
COSMOS 1408 DEBRIS #571
1 50471U 20001A   26236.50000000  .00001000  00000+0  10000-4 0  9999
2 50471  81.4774   2.1525 0264107  59.0193 217.2492 15.15822531000013
COSMOS 1408 DEBRIS #572
1 50472U 20001A   26236.50000000  .00001000  00000+0  10000-4 0  9990
2 50472  82.2299  87.0824 0092068 248.4732 217.3336 15.58954551000010
COSMOS 1408 DEBRIS #573
1 50473U 20001A   26236.50000000  .00001000  00000+0  10000-4 0  9991
2 50473  82.4162 283.0082 0070639 309.8200 104.0745 15.16138810000010
COSMOS 1408 DEBRIS #574
1 50474U 20001A   26236.50000000  .00001000  00000+0  10000-4 0  9992
2 50474  80.6597 312.6878 0370192 274.7112 293.5718 14.74767203000015
COSMOS 1408 DEBRIS #575
1 50475U 20001A   26236.50000000  .00001000  00000+0  10000-4 0  9993
2 50475  84.2391 322.4770 0194871 213.7462  67.2594 15.24942957000012
COSMOS 1408 DEBRIS #576
1 50476U 20001A   26236.50000000  .00001000  00000+0  10000-4 0  9994
2 50476  81.1614 170.4232 0109967  57.4033 259.5348 15.78618848000011
COSMOS 1408 DEBRIS #577
1 50477U 20001A   26236.50000000  .00001000  00000+0  10000-4 0  9995
2 50477  83.9699 234.6140 0037758  65.6499 207.0834 14.60510740000011
COSMOS 1408 DEBRIS #578
1 50478U 20001A   26236.50000000  .00001000  00000+0  10000-4 0  9996
2 50478  81.5054 356.9671 0044798  82.0631 287.4154 15.24864047000011
COSMOS 1408 DEBRIS #579
1 50479U 20001A   26236.50000000  .00001000  00000+0  10000-4 0  9997
2 50479  82.5651 105.6006 0100718 237.5434 217.6740 14.70476814000017
COSMOS 1408 DEBRIS #580
1 50480U 20001A   26236.50000000  .00001000  00000+0  10000-4 0  9999
2 50480  82.6011 320.2049 0023455 119.3038 115.5896 15.34353534000013
COSMOS 1408 DEBRIS #581
1 50481U 20001A   26236.50000000  .00001000  00000+0  10000-4 0  9990
2 50481  80.8364 303.3868 0282216 140.0414 329.3419 14.41562414000019
COSMOS 1408 DEBRIS #582
1 50482U 20001A   26236.50000000  .00001000  00000+0  10000-4 0  9991
2 50482  82.2703 157.1103 0282095  72.6262 345.3834 15.25797075000011
COSMOS 1408 DEBRIS #583
1 50483U 20001A   26236.50000000  .00001000  00000+0  10000-4 0  9992
2 50483  80.9973   1.3609 0336288 354.4853  76.8399 15.54062412000012
COSMOS 1408 DEBRIS #584
1 50484U 20001A   26236.50000000  .00001000  00000+0  10000-4 0  9993
2 50484  81.1189 278.4445 0184348 280.4697 328.8999 15.26320858000018
COSMOS 1408 DEBRIS #585
1 50485U 20001A   26236.50000000  .00001000  00000+0  10000-4 0  9994
2 50485  82.4711 168.2782 0102970 149.1003 261.3516 15.79669686000016
COSMOS 1408 DEBRIS #586
1 50486U 20001A   26236.50000000  .00001000  00000+0  10000-4 0  9995
2 50486  83.2994  12.1572 0171401 262.8408  10.1798 15.77858564000015
COSMOS 1408 DEBRIS #587
1 50487U 20001A   26236.50000000  .00001000  00000+0  10000-4 0  9996
2 50487  83.7106   1.2416 0232234 136.2428  12.4392 14.28901191000015
COSMOS 1408 DEBRIS #588
1 50488U 20001A   26236.50000000  .00001000  00000+0  10000-4 0  9997
2 50488  82.9575  61.0077 0211300 226.8628  30.5332 14.71720033000010
COSMOS 1408 DEBRIS #589
1 50489U 20001A   26236.50000000  .00001000  00000+0  10000-4 0  9998
2 50489  83.7964 230.5127 0320612  19.3125 323.2105 14.70576899000013
COSMOS 1408 DEBRIS #590
1 50490U 20001A   26236.50000000  .00001000  00000+0  10000-4 0  9990
2 50490  81.5810 243.1431 0350046 273.0999 182.2822 15.00451282000012
COSMOS 1408 DEBRIS #591
1 50491U 20001A   26236.50000000  .00001000  00000+0  10000-4 0  9991
2 50491  82.2121 151.2893 0161075 303.0686 154.6920 15.77420633000018
COSMOS 1408 DEBRIS #592
1 50492U 20001A   26236.50000000  .00001000  00000+0  10000-4 0  9992
2 50492  81.1396 303.3971 0113141 289.7461 238.4495 14.88822454000016
COSMOS 1408 DEBRIS #593
1 50493U 20001A   26236.50000000  .00001000  00000+0  10000-4 0  9993
2 50493  81.9273 304.9018 0327637 343.8718  94.4540 14.88601800000013
COSMOS 1408 DEBRIS #594
1 50494U 20001A   26236.50000000  .00001000  00000+0  10000-4 0  9994
2 50494  82.1465  25.5506 0237997 214.2045 232.4480 14.65435185000014
COSMOS 1408 DEBRIS #595
1 50495U 20001A   26236.50000000  .00001000  00000+0  10000-4 0  9995
2 50495  81.3355 188.1787 0102683 277.2269 244.5808 15.19802680000017
COSMOS 1408 DEBRIS #596
1 50496U 20001A   26236.50000000  .00001000  00000+0  10000-4 0  9996
2 50496  83.4942 301.9114 0289065 215.3365  27.8593 15.63159303000011
COSMOS 1408 DEBRIS #597
1 50497U 20001A   26236.50000000  .00001000  00000+0  10000-4 0  9997
2 50497  82.8950 254.1837 0182354 223.2795 113.3979 15.20177143000017
COSMOS 1408 DEBRIS #598
1 50498U 20001A   26236.50000000  .00001000  00000+0  10000-4 0  9998
2 50498  81.7543 312.0391 0246941  74.7134 296.4766 15.56074068000010
COSMOS 1408 DEBRIS #599
1 50499U 20001A   26236.50000000  .00001000  00000+0  10000-4 0  9999
2 50499  83.6003 157.1467 0102261  80.0754 212.5719 14.42403972000010
COSMOS 1408 DEBRIS #600
1 50500U 20001A   26236.50000000  .00001000  00000+0  10000-4 0  9992
2 50500  84.0728  36.5145 0058320 210.8606 336.4417 15.42162176000010
CZ-4C R/B [NORAD-26101]
1 26101U 20001A   26236.50000000  .00001000  00000+0  10000-4 0  9992
2 26101  74.3056  26.8667 0697608 221.7304 202.4586 13.27125643000019
SL-16 R/B [NORAD-26102]
1 26102U 20001A   26236.50000000  .00001000  00000+0  10000-4 0  9993
2 26102  51.3280   5.8621 0568848 162.1548 266.8725 13.47437649000015
CENTAUR R/B [NORAD-26103]
1 26103U 20001A   26236.50000000  .00001000  00000+0  10000-4 0  9994
2 26103  44.6375  69.5191 0485515 329.5513 338.0569 14.38074180000011
DELTA 4 R/B [NORAD-26104]
1 26104U 20001A   26236.50000000  .00001000  00000+0  10000-4 0  9995
2 26104  51.2726 320.2213 0520470 257.4477 268.7484 13.88662067000012
ARIANE 5 R/B [NORAD-26105]
1 26105U 20001A   26236.50000000  .00001000  00000+0  10000-4 0  9996
2 26105  98.1917 305.0081 0626250 327.2376  46.3564 14.36852430000014
PSLV R/B [NORAD-26106]
1 26106U 20001A   26236.50000000  .00001000  00000+0  10000-4 0  9997
2 26106  63.4259 196.5730 0401970 196.7960 305.2152 13.85755224000017
GSLV R/B [NORAD-26107]
1 26107U 20001A   26236.50000000  .00001000  00000+0  10000-4 0  9998
2 26107  28.3879  17.8113 0567096  71.9743 260.4012 15.56736904000012
TITAN 3C R/B [NORAD-26108]
1 26108U 20001A   26236.50000000  .00001000  00000+0  10000-4 0  9999
2 26108  74.1424 144.2931 0390004 215.8050 350.0879 15.54680879000018
H-2A R/B [NORAD-26109]
1 26109U 20001A   26236.50000000  .00001000  00000+0  10000-4 0  9990
2 26109  51.4914 271.0938 0279916 159.7762  96.9622 14.11379149000010
ATLAS 5 R/B [NORAD-26110]
1 26110U 20001A   26236.50000000  .00001000  00000+0  10000-4 0  9992
2 26110  98.9968  69.4072 0552268   1.3346 223.5224 13.62774888000019
SOYUZ R/B [NORAD-26111]
1 26111U 20001A   26236.50000000  .00001000  00000+0  10000-4 0  9993
2 26111  63.0542 142.1897 0121884  21.3674 316.8205 15.18246781000011
FALCON 9 R/B [NORAD-26112]
1 26112U 20001A   26236.50000000  .00001000  00000+0  10000-4 0  9994
2 26112  62.9837 144.2794 0035704 128.2783 114.7161 14.08860612000018
CZ-4C R/B [NORAD-26113]
1 26113U 20001A   26236.50000000  .00001000  00000+0  10000-4 0  9995
2 26113  63.5844 146.2867 0243892 333.6441 340.9279 14.29808183000010
SL-16 R/B [NORAD-26114]
1 26114U 20001A   26236.50000000  .00001000  00000+0  10000-4 0  9996
2 26114  51.4278 273.1136 0714119 356.8313  61.9732 13.91536917000012
CENTAUR R/B [NORAD-26115]
1 26115U 20001A   26236.50000000  .00001000  00000+0  10000-4 0  9997
2 26115  63.3310   2.0595 0070273 121.5283 283.2827 14.36181473000016
DELTA 4 R/B [NORAD-26116]
1 26116U 20001A   26236.50000000  .00001000  00000+0  10000-4 0  9998
2 26116  63.7084 308.1010 0254201  25.6648 137.7412 13.14947358000015
ARIANE 5 R/B [NORAD-26117]
1 26117U 20001A   26236.50000000  .00001000  00000+0  10000-4 0  9999
2 26117  51.4251  55.4062 0716666  93.6044 277.1425 15.24009462000019
PSLV R/B [NORAD-26118]
1 26118U 20001A   26236.50000000  .00001000  00000+0  10000-4 0  9990
2 26118  74.1116 335.8632 0033802 299.9477  72.5727 15.08435627000015
GSLV R/B [NORAD-26119]
1 26119U 20001A   26236.50000000  .00001000  00000+0  10000-4 0  9991
2 26119  63.8121 359.3202 0043081 301.1391 295.4096 15.01638191000011
TITAN 3C R/B [NORAD-26120]
1 26120U 20001A   26236.50000000  .00001000  00000+0  10000-4 0  9993
2 26120  98.2419  22.8683 0045307  69.8349 317.4829 13.63739105000016
H-2A R/B [NORAD-26121]
1 26121U 20001A   26236.50000000  .00001000  00000+0  10000-4 0  9994
2 26121  51.9099  96.4012 0735556 148.0364  62.4090 14.33300581000016
ATLAS 5 R/B [NORAD-26122]
1 26122U 20001A   26236.50000000  .00001000  00000+0  10000-4 0  9995
2 26122  98.8937 263.2759 0446229  80.4020 353.9229 14.91329964000016
SOYUZ R/B [NORAD-26123]
1 26123U 20001A   26236.50000000  .00001000  00000+0  10000-4 0  9996
2 26123  99.0727 268.8147 0193695   4.3618 277.2569 14.73673091000011
FALCON 9 R/B [NORAD-26124]
1 26124U 20001A   26236.50000000  .00001000  00000+0  10000-4 0  9997
2 26124  97.7662 218.6647 0489210 330.9466 322.3166 15.25681708000010
CZ-4C R/B [NORAD-26125]
1 26125U 20001A   26236.50000000  .00001000  00000+0  10000-4 0  9998
2 26125  63.0349  98.1850 0792325  39.4257 130.5283 14.44362055000019
SL-16 R/B [NORAD-26126]
1 26126U 20001A   26236.50000000  .00001000  00000+0  10000-4 0  9999
2 26126  73.7703   4.7457 0274685  73.6718 271.2640 13.10981714000015
CENTAUR R/B [NORAD-26127]
1 26127U 20001A   26236.50000000  .00001000  00000+0  10000-4 0  9990
2 26127  63.6518 177.1715 0790649   5.0979 115.8725 15.53157499000012
DELTA 4 R/B [NORAD-26128]
1 26128U 20001A   26236.50000000  .00001000  00000+0  10000-4 0  9991
2 26128  98.3392  80.1979 0223435 121.2417 298.2193 13.04898016000011
ARIANE 5 R/B [NORAD-26129]
1 26129U 20001A   26236.50000000  .00001000  00000+0  10000-4 0  9992
2 26129  98.7485  50.5281 0786595 258.2017  90.3509 13.00283338000017
PSLV R/B [NORAD-26130]
1 26130U 20001A   26236.50000000  .00001000  00000+0  10000-4 0  9994
2 26130  45.1507 291.1472 0064107  32.4084 328.0851 13.60649754000014
GSLV R/B [NORAD-26131]
1 26131U 20001A   26236.50000000  .00001000  00000+0  10000-4 0  9995
2 26131  74.4750  50.3683 0430850 313.5616 168.7118 14.58736286000015
TITAN 3C R/B [NORAD-26132]
1 26132U 20001A   26236.50000000  .00001000  00000+0  10000-4 0  9996
2 26132  98.5122  14.7128 0104204 239.3956 169.6194 14.93466463000017
H-2A R/B [NORAD-26133]
1 26133U 20001A   26236.50000000  .00001000  00000+0  10000-4 0  9997
2 26133  73.9368 130.5267 0311280 236.2702  24.0097 15.46640966000014
ATLAS 5 R/B [NORAD-26134]
1 26134U 20001A   26236.50000000  .00001000  00000+0  10000-4 0  9998
2 26134  63.6378 357.6347 0558786  72.5280 180.3097 14.87624976000012
SOYUZ R/B [NORAD-26135]
1 26135U 20001A   26236.50000000  .00001000  00000+0  10000-4 0  9999
2 26135  98.9239 302.0757 0276400 314.5651 250.6793 14.66760832000013
FALCON 9 R/B [NORAD-26136]
1 26136U 20001A   26236.50000000  .00001000  00000+0  10000-4 0  9990
2 26136  99.1376  38.1676 0353619 275.9231  60.5935 13.63620068000016
CZ-4C R/B [NORAD-26137]
1 26137U 20001A   26236.50000000  .00001000  00000+0  10000-4 0  9991
2 26137  62.9311 231.4170 0586380 224.1758 100.7823 13.97953407000010
SL-16 R/B [NORAD-26138]
1 26138U 20001A   26236.50000000  .00001000  00000+0  10000-4 0  9992
2 26138  63.3200 173.0036 0744630 305.7504 159.6429 13.54544611000015
CENTAUR R/B [NORAD-26139]
1 26139U 20001A   26236.50000000  .00001000  00000+0  10000-4 0  9993
2 26139  97.7025 145.0278 0679436 347.9783 329.3130 13.55545473000010
DELTA 4 R/B [NORAD-26140]
1 26140U 20001A   26236.50000000  .00001000  00000+0  10000-4 0  9995
2 26140  28.3715 353.4214 0437815 275.1682 168.7461 15.32315858000017
ARIANE 5 R/B [NORAD-26141]
1 26141U 20001A   26236.50000000  .00001000  00000+0  10000-4 0  9996
2 26141  73.6496 280.4182 0712492 295.8128 202.7255 15.14065462000014
PSLV R/B [NORAD-26142]
1 26142U 20001A   26236.50000000  .00001000  00000+0  10000-4 0  9997
2 26142  63.5229 213.7391 0048020  54.9945  48.0663 14.09306203000016
GSLV R/B [NORAD-26143]
1 26143U 20001A   26236.50000000  .00001000  00000+0  10000-4 0  9998
2 26143  97.8444 235.3548 0121666 340.5023   9.7110 14.62415189000013
TITAN 3C R/B [NORAD-26144]
1 26144U 20001A   26236.50000000  .00001000  00000+0  10000-4 0  9999
2 26144  45.3839  82.0796 0553068  12.9282 292.5185 14.49034304000019
H-2A R/B [NORAD-26145]
1 26145U 20001A   26236.50000000  .00001000  00000+0  10000-4 0  9990
2 26145  99.1785 113.8890 0240004 195.1750 229.5944 15.07857833000010
ATLAS 5 R/B [NORAD-26146]
1 26146U 20001A   26236.50000000  .00001000  00000+0  10000-4 0  9991
2 26146  28.6711 198.7881 0653638 209.1330 253.1761 15.55951991000013
SOYUZ R/B [NORAD-26147]
1 26147U 20001A   26236.50000000  .00001000  00000+0  10000-4 0  9992
2 26147  28.6271 160.2612 0412227 213.6054  27.8618 13.81607380000015
FALCON 9 R/B [NORAD-26148]
1 26148U 20001A   26236.50000000  .00001000  00000+0  10000-4 0  9993
2 26148  99.0785 196.0726 0510722 162.8759  75.6471 13.10345802000015
CZ-4C R/B [NORAD-26149]
1 26149U 20001A   26236.50000000  .00001000  00000+0  10000-4 0  9994
2 26149  73.5663 209.9468 0276712 200.8175 108.9000 14.56657322000010
SL-16 R/B [NORAD-26150]
1 26150U 20001A   26236.50000000  .00001000  00000+0  10000-4 0  9996
2 26150  74.4876 274.3580 0512934 297.6387  75.6352 13.43588549000016
CENTAUR R/B [NORAD-26151]
1 26151U 20001A   26236.50000000  .00001000  00000+0  10000-4 0  9997
2 26151  51.6505 159.5858 0188129  55.9997   6.0819 13.05942077000016
DELTA 4 R/B [NORAD-26152]
1 26152U 20001A   26236.50000000  .00001000  00000+0  10000-4 0  9998
2 26152  63.2986  54.3376 0487131  64.9464 336.8355 14.77127278000017
ARIANE 5 R/B [NORAD-26153]
1 26153U 20001A   26236.50000000  .00001000  00000+0  10000-4 0  9999
2 26153  98.8679  10.0286 0684287 196.9855 290.6208 14.91939214000012
PSLV R/B [NORAD-26154]
1 26154U 20001A   26236.50000000  .00001000  00000+0  10000-4 0  9990
2 26154  28.1547 204.1461 0637615 139.3080 236.0388 14.35978634000018
GSLV R/B [NORAD-26155]
1 26155U 20001A   26236.50000000  .00001000  00000+0  10000-4 0  9991
2 26155  98.2983 276.1258 0657919 297.9072   2.5354 13.06903753000011
TITAN 3C R/B [NORAD-26156]
1 26156U 20001A   26236.50000000  .00001000  00000+0  10000-4 0  9992
2 26156  63.2880 273.7530 0773607  42.6318 163.6854 13.09528462000014
H-2A R/B [NORAD-26157]
1 26157U 20001A   26236.50000000  .00001000  00000+0  10000-4 0  9993
2 26157  44.7194 280.5609 0483899 199.1805 321.6476 13.37434416000012
ATLAS 5 R/B [NORAD-26158]
1 26158U 20001A   26236.50000000  .00001000  00000+0  10000-4 0  9994
2 26158  44.7749 254.3184 0540320 238.0871 218.6899 15.20879712000015
SOYUZ R/B [NORAD-26159]
1 26159U 20001A   26236.50000000  .00001000  00000+0  10000-4 0  9995
2 26159  63.8213  87.3397 0273460 118.0453 183.9717 14.09388014000014
FALCON 9 R/B [NORAD-26160]
1 26160U 20001A   26236.50000000  .00001000  00000+0  10000-4 0  9997
2 26160  63.7623 281.8586 0696074  68.7632 127.5528 15.59101367000015
CZ-4C R/B [NORAD-26161]
1 26161U 20001A   26236.50000000  .00001000  00000+0  10000-4 0  9998
2 26161  62.9133 175.2618 0211816  61.4911 289.9412 13.26405942000015
SL-16 R/B [NORAD-26162]
1 26162U 20001A   26236.50000000  .00001000  00000+0  10000-4 0  9999
2 26162  44.6002 118.5371 0516736 276.3474 158.3922 14.77149845000013
CENTAUR R/B [NORAD-26163]
1 26163U 20001A   26236.50000000  .00001000  00000+0  10000-4 0  9990
2 26163  28.3575 231.7347 0434094 243.1807 266.0943 14.60645501000019
DELTA 4 R/B [NORAD-26164]
1 26164U 20001A   26236.50000000  .00001000  00000+0  10000-4 0  9991
2 26164  73.7738 295.9805 0232823 353.4680 193.4622 13.80906705000010
ARIANE 5 R/B [NORAD-26165]
1 26165U 20001A   26236.50000000  .00001000  00000+0  10000-4 0  9992
2 26165  28.9719 112.0908 0267597  18.5063 331.1086 14.25683291000012
PSLV R/B [NORAD-26166]
1 26166U 20001A   26236.50000000  .00001000  00000+0  10000-4 0  9993
2 26166  28.7525 337.0352 0782888 306.2994  71.4428 15.06252488000017
GSLV R/B [NORAD-26167]
1 26167U 20001A   26236.50000000  .00001000  00000+0  10000-4 0  9994
2 26167  74.4905  40.9791 0513394 336.3818 192.1734 14.02321429000016
TITAN 3C R/B [NORAD-26168]
1 26168U 20001A   26236.50000000  .00001000  00000+0  10000-4 0  9995
2 26168  28.7437 209.8006 0367191 222.4477 193.5817 15.26904991000017
H-2A R/B [NORAD-26169]
1 26169U 20001A   26236.50000000  .00001000  00000+0  10000-4 0  9996
2 26169  99.0825  83.5635 0779612 225.9227 128.5778 15.09117105000019
ATLAS 5 R/B [NORAD-26170]
1 26170U 20001A   26236.50000000  .00001000  00000+0  10000-4 0  9998
2 26170  73.7919 148.3249 0394232   8.9063 274.0617 15.10653366000018
SOYUZ R/B [NORAD-26171]
1 26171U 20001A   26236.50000000  .00001000  00000+0  10000-4 0  9999
2 26171  45.3194 152.3730 0689293 293.1853  23.9017 15.47982499000015
FALCON 9 R/B [NORAD-26172]
1 26172U 20001A   26236.50000000  .00001000  00000+0  10000-4 0  9990
2 26172  45.4376 220.7362 0399419 182.1715  74.9925 14.97179453000018
CZ-4C R/B [NORAD-26173]
1 26173U 20001A   26236.50000000  .00001000  00000+0  10000-4 0  9991
2 26173  28.3551 340.1652 0311859  57.6601 327.6043 14.83668804000012
SL-16 R/B [NORAD-26174]
1 26174U 20001A   26236.50000000  .00001000  00000+0  10000-4 0  9992
2 26174  97.8473 158.1056 0110434 201.4417 267.4941 14.02310730000013
CENTAUR R/B [NORAD-26175]
1 26175U 20001A   26236.50000000  .00001000  00000+0  10000-4 0  9993
2 26175  97.7377 203.3766 0098320 331.8360 238.2800 14.45394752000014
DELTA 4 R/B [NORAD-26176]
1 26176U 20001A   26236.50000000  .00001000  00000+0  10000-4 0  9994
2 26176  97.8637 295.7924 0204512 135.3295 357.3595 13.78022335000016
ARIANE 5 R/B [NORAD-26177]
1 26177U 20001A   26236.50000000  .00001000  00000+0  10000-4 0  9995
2 26177  51.1690 124.9054 0598926 209.9081 286.9549 14.39761482000019
PSLV R/B [NORAD-26178]
1 26178U 20001A   26236.50000000  .00001000  00000+0  10000-4 0  9996
2 26178  28.9467 327.7375 0260916 304.7613 255.2468 15.06624381000013
GSLV R/B [NORAD-26179]
1 26179U 20001A   26236.50000000  .00001000  00000+0  10000-4 0  9997
2 26179  63.0767  44.0394 0602118 196.1170 234.1086 14.48798493000015
TITAN 3C R/B [NORAD-26180]
1 26180U 20001A   26236.50000000  .00001000  00000+0  10000-4 0  9999
2 26180  98.1871 266.6605 0740978 152.8901 159.1032 14.58537432000019
H-2A R/B [NORAD-26181]
1 26181U 20001A   26236.50000000  .00001000  00000+0  10000-4 0  9990
2 26181  51.1131  58.1623 0157500  33.8556 203.2359 14.33541274000014
ATLAS 5 R/B [NORAD-26182]
1 26182U 20001A   26236.50000000  .00001000  00000+0  10000-4 0  9991
2 26182  28.6455 339.4051 0716255 283.5848 107.9467 13.25709287000019
SOYUZ R/B [NORAD-26183]
1 26183U 20001A   26236.50000000  .00001000  00000+0  10000-4 0  9992
2 26183  51.7676 139.1774 0714806  91.8524 202.4830 14.83360684000014
FALCON 9 R/B [NORAD-26184]
1 26184U 20001A   26236.50000000  .00001000  00000+0  10000-4 0  9993
2 26184  98.1869 161.9095 0049889 212.9369 258.8276 15.59018192000015
CZ-4C R/B [NORAD-26185]
1 26185U 20001A   26236.50000000  .00001000  00000+0  10000-4 0  9994
2 26185  45.0360 103.9016 0520429  72.4617 336.3256 13.62754648000016
SL-16 R/B [NORAD-26186]
1 26186U 20001A   26236.50000000  .00001000  00000+0  10000-4 0  9995
2 26186  98.3516 346.2276 0518499 269.6765 207.0497 15.52003549000018
CENTAUR R/B [NORAD-26187]
1 26187U 20001A   26236.50000000  .00001000  00000+0  10000-4 0  9996
2 26187  98.2851 254.5489 0174116  67.8987 135.7602 14.45035865000017
DELTA 4 R/B [NORAD-26188]
1 26188U 20001A   26236.50000000  .00001000  00000+0  10000-4 0  9997
2 26188  63.0231 268.6518 0792259 342.9167   0.5384 14.07604364000010
ARIANE 5 R/B [NORAD-26189]
1 26189U 20001A   26236.50000000  .00001000  00000+0  10000-4 0  9998
2 26189  51.8466 329.4974 0243971 331.8190  48.3938 15.10940009000012
PSLV R/B [NORAD-26190]
1 26190U 20001A   26236.50000000  .00001000  00000+0  10000-4 0  9990
2 26190  99.0383  48.1102 0568190 220.9387 195.9184 13.57246858000015
GSLV R/B [NORAD-26191]
1 26191U 20001A   26236.50000000  .00001000  00000+0  10000-4 0  9991
2 26191  28.8996  75.1524 0367042  79.4546 151.5514 14.10077947000017
TITAN 3C R/B [NORAD-26192]
1 26192U 20001A   26236.50000000  .00001000  00000+0  10000-4 0  9992
2 26192  51.7172   5.8123 0395251  25.9801  53.8992 14.17608269000015
H-2A R/B [NORAD-26193]
1 26193U 20001A   26236.50000000  .00001000  00000+0  10000-4 0  9993
2 26193  51.3761 145.2979 0241247  59.1137  88.3128 13.06994462000014
ATLAS 5 R/B [NORAD-26194]
1 26194U 20001A   26236.50000000  .00001000  00000+0  10000-4 0  9994
2 26194  98.5505 164.8516 0685628 156.3412 110.5812 15.36071070000013
SOYUZ R/B [NORAD-26195]
1 26195U 20001A   26236.50000000  .00001000  00000+0  10000-4 0  9995
2 26195  99.0090 292.8802 0114733 176.2619  46.1666 13.99769826000014
FALCON 9 R/B [NORAD-26196]
1 26196U 20001A   26236.50000000  .00001000  00000+0  10000-4 0  9996
2 26196  44.5665 210.4403 0607837 231.4245 321.7060 14.91116667000014
CZ-4C R/B [NORAD-26197]
1 26197U 20001A   26236.50000000  .00001000  00000+0  10000-4 0  9997
2 26197  98.0349 209.7532 0151622 246.7113 135.2265 13.47504002000010
SL-16 R/B [NORAD-26198]
1 26198U 20001A   26236.50000000  .00001000  00000+0  10000-4 0  9998
2 26198  51.9119 107.5070 0064635 308.9934 285.4126 13.56246292000013
CENTAUR R/B [NORAD-26199]
1 26199U 20001A   26236.50000000  .00001000  00000+0  10000-4 0  9999
2 26199  98.7476   0.8929 0167753 123.5790 262.2987 15.08411220000015
DELTA 4 R/B [NORAD-26200]
1 26200U 20001A   26236.50000000  .00001000  00000+0  10000-4 0  9992
2 26200  45.3317 281.4463 0238736 246.0046 315.0017 13.75022586000011
ARIANE 5 R/B [NORAD-26201]
1 26201U 20001A   26236.50000000  .00001000  00000+0  10000-4 0  9993
2 26201  63.3811  65.0045 0731165   0.2857 168.7759 13.59460393000017
PSLV R/B [NORAD-26202]
1 26202U 20001A   26236.50000000  .00001000  00000+0  10000-4 0  9994
2 26202  45.4567  23.7977 0742366 263.2374 250.4723 13.71758265000014
GSLV R/B [NORAD-26203]
1 26203U 20001A   26236.50000000  .00001000  00000+0  10000-4 0  9995
2 26203  51.7866 105.2679 0668683  33.4062  93.8572 13.38692394000016
TITAN 3C R/B [NORAD-26204]
1 26204U 20001A   26236.50000000  .00001000  00000+0  10000-4 0  9996
2 26204  98.7884 189.3539 0389248  76.9163  48.2447 15.14213869000014
H-2A R/B [NORAD-26205]
1 26205U 20001A   26236.50000000  .00001000  00000+0  10000-4 0  9997
2 26205  97.7081   5.0270 0278117 178.3970 156.7608 13.63403657000016
ATLAS 5 R/B [NORAD-26206]
1 26206U 20001A   26236.50000000  .00001000  00000+0  10000-4 0  9998
2 26206  28.5138  18.6363 0436819  18.5754  35.9659 13.97233743000013
SOYUZ R/B [NORAD-26207]
1 26207U 20001A   26236.50000000  .00001000  00000+0  10000-4 0  9999
2 26207  98.2359 347.4105 0096046  30.3508  33.1557 13.53593911000018
FALCON 9 R/B [NORAD-26208]
1 26208U 20001A   26236.50000000  .00001000  00000+0  10000-4 0  9990
2 26208  28.2502 155.9283 0441842  37.3985 288.0676 13.44415864000018
CZ-4C R/B [NORAD-26209]
1 26209U 20001A   26236.50000000  .00001000  00000+0  10000-4 0  9991
2 26209  63.6984  27.9418 0381202 241.6997 227.1103 13.11787702000016
SL-16 R/B [NORAD-26210]
1 26210U 20001A   26236.50000000  .00001000  00000+0  10000-4 0  9993
2 26210  51.5232  46.3946 0615959 146.3566 197.2497 15.18126878000016
CENTAUR R/B [NORAD-26211]
1 26211U 20001A   26236.50000000  .00001000  00000+0  10000-4 0  9994
2 26211  98.2023 310.9409 0662915  87.9808 291.1088 14.70701882000011
DELTA 4 R/B [NORAD-26212]
1 26212U 20001A   26236.50000000  .00001000  00000+0  10000-4 0  9995
2 26212  28.3723  94.7801 0574181 145.5280  19.0058 13.51005743000013
ARIANE 5 R/B [NORAD-26213]
1 26213U 20001A   26236.50000000  .00001000  00000+0  10000-4 0  9996
2 26213  44.5542 345.2175 0362437 232.9315 339.2571 13.87162564000011
PSLV R/B [NORAD-26214]
1 26214U 20001A   26236.50000000  .00001000  00000+0  10000-4 0  9997
2 26214  97.7189 117.5187 0669825 266.7242  34.5015 13.43731916000010
GSLV R/B [NORAD-26215]
1 26215U 20001A   26236.50000000  .00001000  00000+0  10000-4 0  9998
2 26215  98.3534 145.3377 0399907  27.1396 115.1131 13.26805166000017
TITAN 3C R/B [NORAD-26216]
1 26216U 20001A   26236.50000000  .00001000  00000+0  10000-4 0  9999
2 26216  74.0664   6.8736 0786990 321.4211  74.0904 14.04466788000012
H-2A R/B [NORAD-26217]
1 26217U 20001A   26236.50000000  .00001000  00000+0  10000-4 0  9990
2 26217  98.2193  46.3410 0686718  11.3426 115.0258 13.72247591000017
ATLAS 5 R/B [NORAD-26218]
1 26218U 20001A   26236.50000000  .00001000  00000+0  10000-4 0  9991
2 26218  99.1773  46.9770 0541926 136.0011 235.8054 13.12269801000010
SOYUZ R/B [NORAD-26219]
1 26219U 20001A   26236.50000000  .00001000  00000+0  10000-4 0  9992
2 26219  28.9609 266.0977 0613281  40.9938  74.7844 15.21087459000014
FALCON 9 R/B [NORAD-26220]
1 26220U 20001A   26236.50000000  .00001000  00000+0  10000-4 0  9994
2 26220  73.8067  80.5058 0107792  62.7514  65.3528 13.59234480000011
CZ-4C R/B [NORAD-26221]
1 26221U 20001A   26236.50000000  .00001000  00000+0  10000-4 0  9995
2 26221  63.8554  42.0277 0195301 215.1738 120.7926 13.63246814000010
SL-16 R/B [NORAD-26222]
1 26222U 20001A   26236.50000000  .00001000  00000+0  10000-4 0  9996
2 26222  98.6117 101.9910 0127205 180.2150 107.4244 13.79112612000019
CENTAUR R/B [NORAD-26223]
1 26223U 20001A   26236.50000000  .00001000  00000+0  10000-4 0  9997
2 26223  98.4979 159.3786 0640649 210.1139 154.8174 13.45048287000011
DELTA 4 R/B [NORAD-26224]
1 26224U 20001A   26236.50000000  .00001000  00000+0  10000-4 0  9998
2 26224  44.7676 268.3523 0591855 128.3793 157.4155 14.51669246000010
ARIANE 5 R/B [NORAD-26225]
1 26225U 20001A   26236.50000000  .00001000  00000+0  10000-4 0  9999
2 26225  63.5367 170.4792 0726781  99.6220 206.2254 15.13445641000014
PSLV R/B [NORAD-26226]
1 26226U 20001A   26236.50000000  .00001000  00000+0  10000-4 0  9990
2 26226  98.3251  63.8449 0393361 145.7157 278.7829 13.60333869000013
GSLV R/B [NORAD-26227]
1 26227U 20001A   26236.50000000  .00001000  00000+0  10000-4 0  9991
2 26227  51.7884 359.0204 0786014 293.0667 202.5794 14.05113889000016
TITAN 3C R/B [NORAD-26228]
1 26228U 20001A   26236.50000000  .00001000  00000+0  10000-4 0  9992
2 26228  28.2675 275.0510 0330366 283.5123 314.0415 13.41003574000014
H-2A R/B [NORAD-26229]
1 26229U 20001A   26236.50000000  .00001000  00000+0  10000-4 0  9993
2 26229  73.5606 329.8041 0350696 170.1837 357.3429 13.27358860000010
ATLAS 5 R/B [NORAD-26230]
1 26230U 20001A   26236.50000000  .00001000  00000+0  10000-4 0  9995
2 26230  44.7492 305.6386 0567436 316.1365 279.8837 13.41406029000017
SOYUZ R/B [NORAD-26231]
1 26231U 20001A   26236.50000000  .00001000  00000+0  10000-4 0  9996
2 26231  52.0238 141.7704 0584152 121.7030 202.0295 14.73400072000018
FALCON 9 R/B [NORAD-26232]
1 26232U 20001A   26236.50000000  .00001000  00000+0  10000-4 0  9997
2 26232  98.3894 333.3360 0128006 275.7141 198.5199 14.64785495000019
CZ-4C R/B [NORAD-26233]
1 26233U 20001A   26236.50000000  .00001000  00000+0  10000-4 0  9998
2 26233  51.8479  55.4746 0185961 271.7922 139.7726 15.36803626000019
SL-16 R/B [NORAD-26234]
1 26234U 20001A   26236.50000000  .00001000  00000+0  10000-4 0  9999
2 26234  73.6507  37.1728 0395612 164.7600 232.1501 13.40730099000016
CENTAUR R/B [NORAD-26235]
1 26235U 20001A   26236.50000000  .00001000  00000+0  10000-4 0  9990
2 26235  63.8509 268.1808 0451230  97.7232 338.4670 13.58397442000017
DELTA 4 R/B [NORAD-26236]
1 26236U 20001A   26236.50000000  .00001000  00000+0  10000-4 0  9991
2 26236  51.5108 118.2685 0606793 207.9904 148.6652 13.64051262000017
ARIANE 5 R/B [NORAD-26237]
1 26237U 20001A   26236.50000000  .00001000  00000+0  10000-4 0  9992
2 26237  28.3933 193.8240 0257947 230.0096 221.7280 14.22301118000017
PSLV R/B [NORAD-26238]
1 26238U 20001A   26236.50000000  .00001000  00000+0  10000-4 0  9993
2 26238  99.0894 196.6964 0536100 127.6145  80.8572 14.07972945000013
GSLV R/B [NORAD-26239]
1 26239U 20001A   26236.50000000  .00001000  00000+0  10000-4 0  9994
2 26239  73.5833 141.7145 0631840 250.0698  31.8184 14.70502458000010
TITAN 3C R/B [NORAD-26240]
1 26240U 20001A   26236.50000000  .00001000  00000+0  10000-4 0  9996
2 26240  44.5231 290.3051 0394967 169.7509  59.7766 13.98680293000010
H-2A R/B [NORAD-26241]
1 26241U 20001A   26236.50000000  .00001000  00000+0  10000-4 0  9997
2 26241  98.9733 339.4745 0240879 293.2266 345.2133 14.59521592000016
ATLAS 5 R/B [NORAD-26242]
1 26242U 20001A   26236.50000000  .00001000  00000+0  10000-4 0  9998
2 26242  97.7191 322.6455 0327680  74.8823  47.4534 13.71525608000013
SOYUZ R/B [NORAD-26243]
1 26243U 20001A   26236.50000000  .00001000  00000+0  10000-4 0  9999
2 26243  28.9790 143.3635 0181273 281.8790 159.1278 14.99735571000011
FALCON 9 R/B [NORAD-26244]
1 26244U 20001A   26236.50000000  .00001000  00000+0  10000-4 0  9990
2 26244  44.8233 100.0696 0140995 299.2852  59.2012 14.50319683000011
CZ-4C R/B [NORAD-26245]
1 26245U 20001A   26236.50000000  .00001000  00000+0  10000-4 0  9991
2 26245  98.9025 124.0102 0342203  68.8518  39.1985 15.38461884000018
SL-16 R/B [NORAD-26246]
1 26246U 20001A   26236.50000000  .00001000  00000+0  10000-4 0  9992
2 26246  45.2481 210.6286 0651024 108.2071  77.4834 14.63958384000013
CENTAUR R/B [NORAD-26247]
1 26247U 20001A   26236.50000000  .00001000  00000+0  10000-4 0  9993
2 26247  98.7727 182.0258 0542006  39.5414 231.1312 15.58303721000011
DELTA 4 R/B [NORAD-26248]
1 26248U 20001A   26236.50000000  .00001000  00000+0  10000-4 0  9994
2 26248  98.6110 258.6979 0466710 147.5993 356.2468 13.22992108000019
ARIANE 5 R/B [NORAD-26249]
1 26249U 20001A   26236.50000000  .00001000  00000+0  10000-4 0  9995
2 26249  28.4117 320.0424 0202631 216.0296  11.8301 13.85445507000010
PSLV R/B [NORAD-26250]
1 26250U 20001A   26236.50000000  .00001000  00000+0  10000-4 0  9997
2 26250  63.0074 125.9656 0625485 144.4868 258.6295 13.07160373000015
GSLV R/B [NORAD-26251]
1 26251U 20001A   26236.50000000  .00001000  00000+0  10000-4 0  9998
2 26251  74.1016 263.2974 0056093  70.0875  83.3846 14.96131157000011
TITAN 3C R/B [NORAD-26252]
1 26252U 20001A   26236.50000000  .00001000  00000+0  10000-4 0  9999
2 26252  51.3154 330.3511 0352831 288.0387 344.5191 14.25328107000013
H-2A R/B [NORAD-26253]
1 26253U 20001A   26236.50000000  .00001000  00000+0  10000-4 0  9990
2 26253  51.6335  36.1407 0065104 286.9713  95.5088 14.46471456000014
ATLAS 5 R/B [NORAD-26254]
1 26254U 20001A   26236.50000000  .00001000  00000+0  10000-4 0  9991
2 26254  97.7621  25.6172 0364303  13.5710 357.8312 14.56128812000010
SOYUZ R/B [NORAD-26255]
1 26255U 20001A   26236.50000000  .00001000  00000+0  10000-4 0  9992
2 26255  73.5911 144.1644 0780996 255.7358 238.6500 14.50368896000011
FALCON 9 R/B [NORAD-26256]
1 26256U 20001A   26236.50000000  .00001000  00000+0  10000-4 0  9993
2 26256  28.7717  17.1218 0269893  58.1579 328.2665 15.33729207000019
CZ-4C R/B [NORAD-26257]
1 26257U 20001A   26236.50000000  .00001000  00000+0  10000-4 0  9994
2 26257  45.0296 299.0857 0351266  42.8652 329.7523 14.08418377000015
SL-16 R/B [NORAD-26258]
1 26258U 20001A   26236.50000000  .00001000  00000+0  10000-4 0  9995
2 26258  28.7480  26.0473 0508050 105.1121  43.9178 13.10284430000014
CENTAUR R/B [NORAD-26259]
1 26259U 20001A   26236.50000000  .00001000  00000+0  10000-4 0  9996
2 26259  98.9697  92.8141 0719395 108.8508  94.0079 15.42979092000011
DELTA 4 R/B [NORAD-26260]
1 26260U 20001A   26236.50000000  .00001000  00000+0  10000-4 0  9998
2 26260  45.4964  75.4308 0182060 250.3292 203.5707 14.10621447000012
ARIANE 5 R/B [NORAD-26261]
1 26261U 20001A   26236.50000000  .00001000  00000+0  10000-4 0  9999
2 26261  97.7962 301.4400 0744669 331.4811 137.5767 13.25919227000016
PSLV R/B [NORAD-26262]
1 26262U 20001A   26236.50000000  .00001000  00000+0  10000-4 0  9990
2 26262  28.3239 172.9989 0688513 284.6576  41.7622 15.29777514000012
GSLV R/B [NORAD-26263]
1 26263U 20001A   26236.50000000  .00001000  00000+0  10000-4 0  9991
2 26263  45.2827  35.1940 0555020 294.0888 358.6892 15.40817936000013
TITAN 3C R/B [NORAD-26264]
1 26264U 20001A   26236.50000000  .00001000  00000+0  10000-4 0  9992
2 26264  52.0062 240.8425 0033317 187.4716 289.0815 15.52368855000015
H-2A R/B [NORAD-26265]
1 26265U 20001A   26236.50000000  .00001000  00000+0  10000-4 0  9993
2 26265  28.2893  42.9232 0677094 227.5203 114.1610 14.19437907000011
ATLAS 5 R/B [NORAD-26266]
1 26266U 20001A   26236.50000000  .00001000  00000+0  10000-4 0  9994
2 26266  63.8339  27.0299 0745665 157.0103 305.6879 13.55412959000018
SOYUZ R/B [NORAD-26267]
1 26267U 20001A   26236.50000000  .00001000  00000+0  10000-4 0  9995
2 26267  51.5909 106.0431 0360101  85.9832 283.9025 14.57351039000013
FALCON 9 R/B [NORAD-26268]
1 26268U 20001A   26236.50000000  .00001000  00000+0  10000-4 0  9996
2 26268  28.0375 229.3748 0262282 236.7437 136.4223 15.52362709000012
CZ-4C R/B [NORAD-26269]
1 26269U 20001A   26236.50000000  .00001000  00000+0  10000-4 0  9997
2 26269  98.7776 103.0565 0222117 125.4064 315.7123 13.39455457000017
SL-16 R/B [NORAD-26270]
1 26270U 20001A   26236.50000000  .00001000  00000+0  10000-4 0  9999
2 26270  28.7100  29.6644 0288346 147.9473 238.8454 13.86189024000011
CENTAUR R/B [NORAD-26271]
1 26271U 20001A   26236.50000000  .00001000  00000+0  10000-4 0  9990
2 26271  97.8855  23.9145 0451857 121.3687 359.4025 15.11678677000012
DELTA 4 R/B [NORAD-26272]
1 26272U 20001A   26236.50000000  .00001000  00000+0  10000-4 0  9991
2 26272  45.2577 178.8653 0270153  50.0150 130.7823 13.19513464000010
ARIANE 5 R/B [NORAD-26273]
1 26273U 20001A   26236.50000000  .00001000  00000+0  10000-4 0  9992
2 26273  63.6207  23.4016 0574841 214.9958 220.8894 14.51774866000012
PSLV R/B [NORAD-26274]
1 26274U 20001A   26236.50000000  .00001000  00000+0  10000-4 0  9993
2 26274  74.0257 327.5359 0357957 182.4061 353.5109 14.57172347000018
GSLV R/B [NORAD-26275]
1 26275U 20001A   26236.50000000  .00001000  00000+0  10000-4 0  9994
2 26275  73.7209  21.0075 0314318 226.3205 262.9688 14.53620239000014
TITAN 3C R/B [NORAD-26276]
1 26276U 20001A   26236.50000000  .00001000  00000+0  10000-4 0  9995
2 26276  63.3514 338.0688 0736101 131.0622 181.7517 13.54133876000018
H-2A R/B [NORAD-26277]
1 26277U 20001A   26236.50000000  .00001000  00000+0  10000-4 0  9996
2 26277  45.3517  66.3233 0521376  56.1824 145.5146 13.22469726000013
ATLAS 5 R/B [NORAD-26278]
1 26278U 20001A   26236.50000000  .00001000  00000+0  10000-4 0  9997
2 26278  98.8534 145.8337 0049935   2.8782   8.1199 13.99523213000019
SOYUZ R/B [NORAD-26279]
1 26279U 20001A   26236.50000000  .00001000  00000+0  10000-4 0  9998
2 26279  28.0830 309.2477 0533510 301.9796   1.8337 13.71358140000019
FALCON 9 R/B [NORAD-26280]
1 26280U 20001A   26236.50000000  .00001000  00000+0  10000-4 0  9990
2 26280  98.5781 233.3815 0769984  93.8437 283.4832 15.23897934000012
CZ-4C R/B [NORAD-26281]
1 26281U 20001A   26236.50000000  .00001000  00000+0  10000-4 0  9991
2 26281  73.9451 290.8896 0705250 229.7417 292.5831 13.00891901000016
SL-16 R/B [NORAD-26282]
1 26282U 20001A   26236.50000000  .00001000  00000+0  10000-4 0  9992
2 26282  63.4415  21.2380 0239396 273.4907 174.9101 15.52718939000019
CENTAUR R/B [NORAD-26283]
1 26283U 20001A   26236.50000000  .00001000  00000+0  10000-4 0  9993
2 26283  73.6407 169.8165 0159745  40.0754 126.4228 14.30390572000017
DELTA 4 R/B [NORAD-26284]
1 26284U 20001A   26236.50000000  .00001000  00000+0  10000-4 0  9994
2 26284  98.8596  50.4025 0139975  62.9961  55.8083 13.38501637000019
ARIANE 5 R/B [NORAD-26285]
1 26285U 20001A   26236.50000000  .00001000  00000+0  10000-4 0  9995
2 26285  28.5361 169.5753 0697072 128.8497 218.1584 14.36762298000014
PSLV R/B [NORAD-26286]
1 26286U 20001A   26236.50000000  .00001000  00000+0  10000-4 0  9996
2 26286  73.7972   0.4640 0101047 199.5281 162.8536 14.88835371000013
GSLV R/B [NORAD-26287]
1 26287U 20001A   26236.50000000  .00001000  00000+0  10000-4 0  9997
2 26287  98.3158 134.2893 0631951 336.9645 124.9305 14.83178074000010
TITAN 3C R/B [NORAD-26288]
1 26288U 20001A   26236.50000000  .00001000  00000+0  10000-4 0  9998
2 26288  28.8260 340.4494 0272102 280.7167 159.4787 13.82857950000017
H-2A R/B [NORAD-26289]
1 26289U 20001A   26236.50000000  .00001000  00000+0  10000-4 0  9999
2 26289  44.6647 231.5263 0485877   2.7561 334.6131 15.40119298000014
ATLAS 5 R/B [NORAD-26290]
1 26290U 20001A   26236.50000000  .00001000  00000+0  10000-4 0  9991
2 26290  51.2177 252.0752 0541976 200.3488  14.7366 15.48690656000012
SOYUZ R/B [NORAD-26291]
1 26291U 20001A   26236.50000000  .00001000  00000+0  10000-4 0  9992
2 26291  98.6644  86.4951 0128271 306.5354   8.5427 14.40516845000014
FALCON 9 R/B [NORAD-26292]
1 26292U 20001A   26236.50000000  .00001000  00000+0  10000-4 0  9993
2 26292  51.2023 103.5714 0697375  87.3305  27.7925 15.45237785000010
CZ-4C R/B [NORAD-26293]
1 26293U 20001A   26236.50000000  .00001000  00000+0  10000-4 0  9994
2 26293  51.9716  45.4492 0616826  34.4185 236.0831 14.97847118000019
SL-16 R/B [NORAD-26294]
1 26294U 20001A   26236.50000000  .00001000  00000+0  10000-4 0  9995
2 26294  51.5695 147.5965 0379681 226.3709 198.2170 14.90518614000014
CENTAUR R/B [NORAD-26295]
1 26295U 20001A   26236.50000000  .00001000  00000+0  10000-4 0  9996
2 26295  44.5850 183.5782 0457708   8.1262  79.9247 14.58663221000013
DELTA 4 R/B [NORAD-26296]
1 26296U 20001A   26236.50000000  .00001000  00000+0  10000-4 0  9997
2 26296  51.5977 328.5816 0524706 242.5279  81.8440 15.51697602000017
ARIANE 5 R/B [NORAD-26297]
1 26297U 20001A   26236.50000000  .00001000  00000+0  10000-4 0  9998
2 26297  74.0852  41.5471 0142349 237.8352 261.1387 13.57698843000012
PSLV R/B [NORAD-26298]
1 26298U 20001A   26236.50000000  .00001000  00000+0  10000-4 0  9999
2 26298  98.1446 335.2187 0725971 144.8991 207.2552 15.13725020000017
GSLV R/B [NORAD-26299]
1 26299U 20001A   26236.50000000  .00001000  00000+0  10000-4 0  9990
2 26299  51.9143 198.9179 0767522 282.3292 213.2483 15.37891309000014
TITAN 3C R/B [NORAD-26300]
1 26300U 20001A   26236.50000000  .00001000  00000+0  10000-4 0  9993
2 26300  51.7979   7.5081 0614861 322.1254   0.2386 13.48508843000011
H-2A R/B [NORAD-26301]
1 26301U 20001A   26236.50000000  .00001000  00000+0  10000-4 0  9994
2 26301  63.5027 154.7732 0520977 129.3430  55.1614 14.79262317000013
ATLAS 5 R/B [NORAD-26302]
1 26302U 20001A   26236.50000000  .00001000  00000+0  10000-4 0  9995
2 26302  74.3010 154.4943 0320491 139.8626 151.3363 14.89250809000013
SOYUZ R/B [NORAD-26303]
1 26303U 20001A   26236.50000000  .00001000  00000+0  10000-4 0  9996
2 26303  44.7335 272.2126 0315866  29.8780 114.6051 15.32356773000018
FALCON 9 R/B [NORAD-26304]
1 26304U 20001A   26236.50000000  .00001000  00000+0  10000-4 0  9997
2 26304  63.3144 333.5197 0352056 107.5827 323.6106 14.45636080000019
CZ-4C R/B [NORAD-26305]
1 26305U 20001A   26236.50000000  .00001000  00000+0  10000-4 0  9998
2 26305  28.1400  79.1827 0045781 172.4078 143.4486 13.72891750000015
SL-16 R/B [NORAD-26306]
1 26306U 20001A   26236.50000000  .00001000  00000+0  10000-4 0  9999
2 26306  73.6607 220.6331 0336282 165.5395 301.4509 13.70031845000018
CENTAUR R/B [NORAD-26307]
1 26307U 20001A   26236.50000000  .00001000  00000+0  10000-4 0  9990
2 26307  99.1094 116.3191 0704858 101.5143  66.3069 13.02379076000010
DELTA 4 R/B [NORAD-26308]
1 26308U 20001A   26236.50000000  .00001000  00000+0  10000-4 0  9991
2 26308  97.8408  90.1916 0193695 276.0452  98.6064 14.33193781000016
ARIANE 5 R/B [NORAD-26309]
1 26309U 20001A   26236.50000000  .00001000  00000+0  10000-4 0  9992
2 26309  63.6094 110.8131 0584512 339.2269 143.3953 13.88922083000017
PSLV R/B [NORAD-26310]
1 26310U 20001A   26236.50000000  .00001000  00000+0  10000-4 0  9994
2 26310  28.3276 121.6932 0383072 210.5853  10.3659 15.19919580000016
GSLV R/B [NORAD-26311]
1 26311U 20001A   26236.50000000  .00001000  00000+0  10000-4 0  9995
2 26311  45.3341 202.7159 0321694  59.2352 162.7842 13.42159398000018
TITAN 3C R/B [NORAD-26312]
1 26312U 20001A   26236.50000000  .00001000  00000+0  10000-4 0  9996
2 26312  45.4967  76.6422 0536012 121.6574 215.9222 14.61351478000015
H-2A R/B [NORAD-26313]
1 26313U 20001A   26236.50000000  .00001000  00000+0  10000-4 0  9997
2 26313  51.2813  80.0068 0093576 331.7841  50.1478 14.66409344000013
ATLAS 5 R/B [NORAD-26314]
1 26314U 20001A   26236.50000000  .00001000  00000+0  10000-4 0  9998
2 26314  63.1264 100.6323 0731969 156.6300  66.1756 13.36353578000017
SOYUZ R/B [NORAD-26315]
1 26315U 20001A   26236.50000000  .00001000  00000+0  10000-4 0  9999
2 26315  98.3172  32.6325 0151607 342.4603 216.0860 14.26196965000015
FALCON 9 R/B [NORAD-26316]
1 26316U 20001A   26236.50000000  .00001000  00000+0  10000-4 0  9990
2 26316  98.3310 108.7328 0343598 276.8755 325.8621 14.40809267000014
CZ-4C R/B [NORAD-26317]
1 26317U 20001A   26236.50000000  .00001000  00000+0  10000-4 0  9991
2 26317  51.7845 212.5225 0722882  75.5698 309.0376 13.99436931000016
SL-16 R/B [NORAD-26318]
1 26318U 20001A   26236.50000000  .00001000  00000+0  10000-4 0  9992
2 26318  98.2050  79.6647 0127175  11.8861  77.5616 13.92287326000019
CENTAUR R/B [NORAD-26319]
1 26319U 20001A   26236.50000000  .00001000  00000+0  10000-4 0  9993
2 26319  98.4306  56.4809 0064771 337.5436 128.9850 14.38226094000014
DELTA 4 R/B [NORAD-26320]
1 26320U 20001A   26236.50000000  .00001000  00000+0  10000-4 0  9995
2 26320  44.6512 150.4753 0546996 207.5235 231.4753 13.12674725000019
ARIANE 5 R/B [NORAD-26321]
1 26321U 20001A   26236.50000000  .00001000  00000+0  10000-4 0  9996
2 26321  44.8737  81.2495 0495230  22.2459  20.9285 13.22035682000014
PSLV R/B [NORAD-26322]
1 26322U 20001A   26236.50000000  .00001000  00000+0  10000-4 0  9997
2 26322  28.1838 209.4362 0293025  52.6410 303.0071 13.25857005000013
GSLV R/B [NORAD-26323]
1 26323U 20001A   26236.50000000  .00001000  00000+0  10000-4 0  9998
2 26323  63.6155 243.7255 0569010 266.3863 127.4031 13.16637487000012
TITAN 3C R/B [NORAD-26324]
1 26324U 20001A   26236.50000000  .00001000  00000+0  10000-4 0  9999
2 26324  73.8091 261.7539 0476112 323.4665  81.6856 14.61628760000016
H-2A R/B [NORAD-26325]
1 26325U 20001A   26236.50000000  .00001000  00000+0  10000-4 0  9990
2 26325  51.8939 123.8863 0648927 267.4439  29.8238 13.56470754000012
ATLAS 5 R/B [NORAD-26326]
1 26326U 20001A   26236.50000000  .00001000  00000+0  10000-4 0  9991
2 26326  63.5509 168.7403 0735357  27.1688 119.3392 14.38963402000019
SOYUZ R/B [NORAD-26327]
1 26327U 20001A   26236.50000000  .00001000  00000+0  10000-4 0  9992
2 26327  51.5411 103.6583 0218698 266.4324 221.3779 13.03340620000010
FALCON 9 R/B [NORAD-26328]
1 26328U 20001A   26236.50000000  .00001000  00000+0  10000-4 0  9993
2 26328  98.5527 243.9645 0568460  28.9006 162.4895 13.27146629000013
CZ-4C R/B [NORAD-26329]
1 26329U 20001A   26236.50000000  .00001000  00000+0  10000-4 0  9994
2 26329  63.3279 151.4593 0359568  63.6463 169.5353 13.15187462000017
SL-16 R/B [NORAD-26330]
1 26330U 20001A   26236.50000000  .00001000  00000+0  10000-4 0  9996
2 26330  98.6181  45.0078 0633490  31.1546 252.1056 13.41631454000012
CENTAUR R/B [NORAD-26331]
1 26331U 20001A   26236.50000000  .00001000  00000+0  10000-4 0  9997
2 26331  51.5768  19.7799 0539879 224.9811  56.1167 15.07259930000017
DELTA 4 R/B [NORAD-26332]
1 26332U 20001A   26236.50000000  .00001000  00000+0  10000-4 0  9998
2 26332  44.5692  40.9958 0398414 333.8499   8.6545 14.42244562000014
ARIANE 5 R/B [NORAD-26333]
1 26333U 20001A   26236.50000000  .00001000  00000+0  10000-4 0  9999
2 26333  98.5259 227.7400 0187463  54.4207 246.2239 13.63979354000019
PSLV R/B [NORAD-26334]
1 26334U 20001A   26236.50000000  .00001000  00000+0  10000-4 0  9990
2 26334  28.5392 210.8785 0085141 294.7448 186.0540 13.35895468000014
GSLV R/B [NORAD-26335]
1 26335U 20001A   26236.50000000  .00001000  00000+0  10000-4 0  9991
2 26335  51.7471 132.3483 0199916  29.9255 304.4891 14.29474848000018
TITAN 3C R/B [NORAD-26336]
1 26336U 20001A   26236.50000000  .00001000  00000+0  10000-4 0  9992
2 26336  73.8116   7.7664 0052266 163.2801 121.1947 14.94078990000017
H-2A R/B [NORAD-26337]
1 26337U 20001A   26236.50000000  .00001000  00000+0  10000-4 0  9993
2 26337  45.0698 193.6346 0729055  87.5843 251.0249 13.38610690000011
ATLAS 5 R/B [NORAD-26338]
1 26338U 20001A   26236.50000000  .00001000  00000+0  10000-4 0  9994
2 26338  44.6432 157.4474 0491567 306.5244 136.7962 14.62855970000017
SOYUZ R/B [NORAD-26339]
1 26339U 20001A   26236.50000000  .00001000  00000+0  10000-4 0  9995
2 26339  44.6268 172.3492 0772620  37.1813 237.2799 14.85537460000013
FALCON 9 R/B [NORAD-26340]
1 26340U 20001A   26236.50000000  .00001000  00000+0  10000-4 0  9997
2 26340  45.3014 178.8956 0293723 354.7554 322.3860 13.18610368000019
CZ-4C R/B [NORAD-26341]
1 26341U 20001A   26236.50000000  .00001000  00000+0  10000-4 0  9998
2 26341  73.6395  33.9291 0629786  10.9202 139.6207 14.73497725000018
SL-16 R/B [NORAD-26342]
1 26342U 20001A   26236.50000000  .00001000  00000+0  10000-4 0  9999
2 26342  51.2637 154.0693 0255484 311.6875 315.6568 14.12081471000014
CENTAUR R/B [NORAD-26343]
1 26343U 20001A   26236.50000000  .00001000  00000+0  10000-4 0  9990
2 26343  99.0875  22.9009 0141264 100.6740 339.5042 13.47600462000016
DELTA 4 R/B [NORAD-26344]
1 26344U 20001A   26236.50000000  .00001000  00000+0  10000-4 0  9991
2 26344  45.4622 327.4514 0406536 242.1508 113.0455 15.16949914000015
ARIANE 5 R/B [NORAD-26345]
1 26345U 20001A   26236.50000000  .00001000  00000+0  10000-4 0  9992
2 26345  98.5859 168.9342 0346264 184.0713 211.9250 14.37523060000010
PSLV R/B [NORAD-26346]
1 26346U 20001A   26236.50000000  .00001000  00000+0  10000-4 0  9993
2 26346  44.6647 293.0925 0474872 298.9660   7.8049 14.84121027000015
GSLV R/B [NORAD-26347]
1 26347U 20001A   26236.50000000  .00001000  00000+0  10000-4 0  9994
2 26347  63.5255 113.3645 0768101 349.4501 150.7704 14.50434560000019
TITAN 3C R/B [NORAD-26348]
1 26348U 20001A   26236.50000000  .00001000  00000+0  10000-4 0  9995
2 26348  63.4338 120.1690 0114589  19.5252 151.8125 15.12790092000013
H-2A R/B [NORAD-26349]
1 26349U 20001A   26236.50000000  .00001000  00000+0  10000-4 0  9996
2 26349  45.2507 315.2938 0577440 340.0768 266.2902 13.46624011000011
ATLAS 5 R/B [NORAD-26350]
1 26350U 20001A   26236.50000000  .00001000  00000+0  10000-4 0  9998
2 26350  97.7218 158.7059 0628772 315.8409 311.9302 13.66924164000011
SOYUZ R/B [NORAD-26351]
1 26351U 20001A   26236.50000000  .00001000  00000+0  10000-4 0  9999
2 26351  28.1310  39.6889 0366556 133.6493   1.5733 15.03470951000012
FALCON 9 R/B [NORAD-26352]
1 26352U 20001A   26236.50000000  .00001000  00000+0  10000-4 0  9990
2 26352  45.2874 105.3747 0409939 308.5311 336.5705 14.43027005000018
CZ-4C R/B [NORAD-26353]
1 26353U 20001A   26236.50000000  .00001000  00000+0  10000-4 0  9991
2 26353  98.3681 251.6512 0250893 177.3888 204.2056 13.89671119000013
SL-16 R/B [NORAD-26354]
1 26354U 20001A   26236.50000000  .00001000  00000+0  10000-4 0  9992
2 26354  99.0772 134.4889 0695294 235.9581 165.2240 13.75739746000014
CENTAUR R/B [NORAD-26355]
1 26355U 20001A   26236.50000000  .00001000  00000+0  10000-4 0  9993
2 26355  44.7302 219.9471 0133144 199.9802 302.7153 13.76077285000018
DELTA 4 R/B [NORAD-26356]
1 26356U 20001A   26236.50000000  .00001000  00000+0  10000-4 0  9994
2 26356  45.2742  69.5044 0526732 249.6296 333.5273 15.29016042000016
ARIANE 5 R/B [NORAD-26357]
1 26357U 20001A   26236.50000000  .00001000  00000+0  10000-4 0  9995
2 26357  98.4032 113.9962 0582681 144.0724 262.7438 14.02623953000012
PSLV R/B [NORAD-26358]
1 26358U 20001A   26236.50000000  .00001000  00000+0  10000-4 0  9996
2 26358  28.3954 146.5186 0199176 310.6413 352.6316 13.36562440000010
GSLV R/B [NORAD-26359]
1 26359U 20001A   26236.50000000  .00001000  00000+0  10000-4 0  9997
2 26359  73.9263   1.5639 0081869 285.7591  54.5575 13.35962756000019
TITAN 3C R/B [NORAD-26360]
1 26360U 20001A   26236.50000000  .00001000  00000+0  10000-4 0  9999
2 26360  99.1491  17.6437 0713848 105.1841 330.5181 14.75731149000015
H-2A R/B [NORAD-26361]
1 26361U 20001A   26236.50000000  .00001000  00000+0  10000-4 0  9990
2 26361  44.8877  91.1258 0772811  73.6534 270.9857 14.41215632000016
ATLAS 5 R/B [NORAD-26362]
1 26362U 20001A   26236.50000000  .00001000  00000+0  10000-4 0  9991
2 26362  63.7491 243.2502 0323389 183.4232 337.8617 15.46219123000010
SOYUZ R/B [NORAD-26363]
1 26363U 20001A   26236.50000000  .00001000  00000+0  10000-4 0  9992
2 26363  98.2403 145.9698 0587311 251.0323 137.2286 14.65915738000010
FALCON 9 R/B [NORAD-26364]
1 26364U 20001A   26236.50000000  .00001000  00000+0  10000-4 0  9993
2 26364  98.5356 243.7842 0497073 156.5517 329.7532 13.74370474000011
CZ-4C R/B [NORAD-26365]
1 26365U 20001A   26236.50000000  .00001000  00000+0  10000-4 0  9994
2 26365  44.5240 354.7338 0736264 257.4692  18.7195 13.72782251000019
SL-16 R/B [NORAD-26366]
1 26366U 20001A   26236.50000000  .00001000  00000+0  10000-4 0  9995
2 26366  98.3878  94.1583 0314585 326.9148 334.9902 15.25463065000015
CENTAUR R/B [NORAD-26367]
1 26367U 20001A   26236.50000000  .00001000  00000+0  10000-4 0  9996
2 26367  51.1499 235.1102 0715299  38.9812 119.4488 13.00237749000015
DELTA 4 R/B [NORAD-26368]
1 26368U 20001A   26236.50000000  .00001000  00000+0  10000-4 0  9997
2 26368  63.0097 124.1930 0722715 322.0477 231.2214 14.86002753000013
ARIANE 5 R/B [NORAD-26369]
1 26369U 20001A   26236.50000000  .00001000  00000+0  10000-4 0  9998
2 26369  74.3778  78.0254 0433420 230.0120 262.1711 14.32488481000018
PSLV R/B [NORAD-26370]
1 26370U 20001A   26236.50000000  .00001000  00000+0  10000-4 0  9990
2 26370  28.2858 229.7007 0077163  87.1165 125.4855 13.15973317000013
GSLV R/B [NORAD-26371]
1 26371U 20001A   26236.50000000  .00001000  00000+0  10000-4 0  9991
2 26371  63.7936 122.3750 0559069  68.7356 228.3499 15.16745839000011
TITAN 3C R/B [NORAD-26372]
1 26372U 20001A   26236.50000000  .00001000  00000+0  10000-4 0  9992
2 26372  28.2744 232.4614 0397530 126.8149  17.9779 14.19101184000010
H-2A R/B [NORAD-26373]
1 26373U 20001A   26236.50000000  .00001000  00000+0  10000-4 0  9993
2 26373  28.6245   4.3280 0740074 114.3940 101.4596 14.34243102000012
ATLAS 5 R/B [NORAD-26374]
1 26374U 20001A   26236.50000000  .00001000  00000+0  10000-4 0  9994
2 26374  28.4871 293.6310 0452664 346.3440 218.9514 13.09383840000019
SOYUZ R/B [NORAD-26375]
1 26375U 20001A   26236.50000000  .00001000  00000+0  10000-4 0  9995
2 26375  45.3886 284.5115 0535934 218.2714 249.8093 14.05247596000018
FALCON 9 R/B [NORAD-26376]
1 26376U 20001A   26236.50000000  .00001000  00000+0  10000-4 0  9996
2 26376  98.4033 174.1438 0109179 131.6929 334.0235 13.24286294000011
CZ-4C R/B [NORAD-26377]
1 26377U 20001A   26236.50000000  .00001000  00000+0  10000-4 0  9997
2 26377  63.8810 186.2493 0355244 205.6630 297.5766 13.22148738000013
SL-16 R/B [NORAD-26378]
1 26378U 20001A   26236.50000000  .00001000  00000+0  10000-4 0  9998
2 26378  63.3385 208.4913 0578861  71.7142 148.9764 13.52510806000011
CENTAUR R/B [NORAD-26379]
1 26379U 20001A   26236.50000000  .00001000  00000+0  10000-4 0  9999
2 26379  63.7698 258.9902 0695924 352.4547  74.6566 13.86538259000013
DELTA 4 R/B [NORAD-26380]
1 26380U 20001A   26236.50000000  .00001000  00000+0  10000-4 0  9991
2 26380  44.7556 231.7046 0081569 117.7737 254.0121 13.90422153000013
ARIANE 5 R/B [NORAD-26381]
1 26381U 20001A   26236.50000000  .00001000  00000+0  10000-4 0  9992
2 26381  73.8696 131.3086 0214349 236.2081 277.3669 13.64340930000012
PSLV R/B [NORAD-26382]
1 26382U 20001A   26236.50000000  .00001000  00000+0  10000-4 0  9993
2 26382  73.6631  57.3200 0338138 168.5248 279.6396 13.36926830000010
GSLV R/B [NORAD-26383]
1 26383U 20001A   26236.50000000  .00001000  00000+0  10000-4 0  9994
2 26383  63.2352  15.5932 0554615  96.3665 153.1161 14.40250723000018
TITAN 3C R/B [NORAD-26384]
1 26384U 20001A   26236.50000000  .00001000  00000+0  10000-4 0  9995
2 26384  73.9849 312.8425 0033311  72.8618  54.5850 15.27492774000019
H-2A R/B [NORAD-26385]
1 26385U 20001A   26236.50000000  .00001000  00000+0  10000-4 0  9996
2 26385  73.8410  56.7325 0665813 271.4219 154.7991 13.46480073000015
ATLAS 5 R/B [NORAD-26386]
1 26386U 20001A   26236.50000000  .00001000  00000+0  10000-4 0  9997
2 26386  74.3111  79.9123 0273824 291.9622 255.6433 14.65872550000014
SOYUZ R/B [NORAD-26387]
1 26387U 20001A   26236.50000000  .00001000  00000+0  10000-4 0  9998
2 26387  44.8199 314.9236 0315374  38.3383  85.8791 13.77954297000015
FALCON 9 R/B [NORAD-26388]
1 26388U 20001A   26236.50000000  .00001000  00000+0  10000-4 0  9999
2 26388  98.7444 294.5464 0754860 329.7951 332.5888 13.01990058000019
CZ-4C R/B [NORAD-26389]
1 26389U 20001A   26236.50000000  .00001000  00000+0  10000-4 0  9990
2 26389  45.3860 303.2532 0521959  80.5537 311.4105 14.99036689000014
SL-16 R/B [NORAD-26390]
1 26390U 20001A   26236.50000000  .00001000  00000+0  10000-4 0  9992
2 26390  98.3669 174.1609 0395839 268.8824 272.0406 14.18528942000012
CENTAUR R/B [NORAD-26391]
1 26391U 20001A   26236.50000000  .00001000  00000+0  10000-4 0  9993
2 26391  28.8788 180.4546 0137960 263.6956 234.8904 13.33350633000016
DELTA 4 R/B [NORAD-26392]
1 26392U 20001A   26236.50000000  .00001000  00000+0  10000-4 0  9994
2 26392  63.0984 280.8838 0077338  29.8599  26.3460 14.15072198000011
ARIANE 5 R/B [NORAD-26393]
1 26393U 20001A   26236.50000000  .00001000  00000+0  10000-4 0  9995
2 26393  98.3416 308.7178 0138425 104.4963  77.9783 13.76752853000019
PSLV R/B [NORAD-26394]
1 26394U 20001A   26236.50000000  .00001000  00000+0  10000-4 0  9996
2 26394  98.6643 125.5676 0537158 249.0262 160.9327 15.20679235000017
GSLV R/B [NORAD-26395]
1 26395U 20001A   26236.50000000  .00001000  00000+0  10000-4 0  9997
2 26395  62.9939 222.8557 0744498 153.7895  43.3114 14.85071638000010
TITAN 3C R/B [NORAD-26396]
1 26396U 20001A   26236.50000000  .00001000  00000+0  10000-4 0  9998
2 26396  74.0826 170.9052 0319672 156.4209 277.8771 14.84541937000010
H-2A R/B [NORAD-26397]
1 26397U 20001A   26236.50000000  .00001000  00000+0  10000-4 0  9999
2 26397  63.6697 146.4191 0061332 245.2541 188.6455 14.58443999000014
ATLAS 5 R/B [NORAD-26398]
1 26398U 20001A   26236.50000000  .00001000  00000+0  10000-4 0  9990
2 26398  44.6948 280.4323 0042379 131.9924  58.1317 14.59898249000016
SOYUZ R/B [NORAD-26399]
1 26399U 20001A   26236.50000000  .00001000  00000+0  10000-4 0  9991
2 26399  99.0396 340.1915 0789538 256.5527  70.6596 13.98764085000017
FALCON 9 R/B [NORAD-26400]
1 26400U 20001A   26236.50000000  .00001000  00000+0  10000-4 0  9994
2 26400  63.5241 344.5877 0170370 208.6039 273.6861 15.17825030000015
CZ-4C R/B [NORAD-26401]
1 26401U 20001A   26236.50000000  .00001000  00000+0  10000-4 0  9995
2 26401  45.4841 253.2314 0383164 102.4250 241.8343 13.94079901000019
SL-16 R/B [NORAD-26402]
1 26402U 20001A   26236.50000000  .00001000  00000+0  10000-4 0  9996
2 26402  62.9501  41.0464 0409488  41.1442 326.8342 14.66540336000014
CENTAUR R/B [NORAD-26403]
1 26403U 20001A   26236.50000000  .00001000  00000+0  10000-4 0  9997
2 26403  51.1371 252.7556 0063769 298.3695  54.5011 14.03211011000011
DELTA 4 R/B [NORAD-26404]
1 26404U 20001A   26236.50000000  .00001000  00000+0  10000-4 0  9998
2 26404  28.0307  11.7708 0339020 258.3964 240.9929 14.45736513000011
ARIANE 5 R/B [NORAD-26405]
1 26405U 20001A   26236.50000000  .00001000  00000+0  10000-4 0  9999
2 26405  98.6687 121.0551 0380900 307.4006  79.4365 14.44639458000011
PSLV R/B [NORAD-26406]
1 26406U 20001A   26236.50000000  .00001000  00000+0  10000-4 0  9990
2 26406  51.6076 256.9428 0305780 216.0443  38.8069 15.32552034000019
GSLV R/B [NORAD-26407]
1 26407U 20001A   26236.50000000  .00001000  00000+0  10000-4 0  9991
2 26407  73.9029 205.2484 0660015 349.3077 255.9170 13.99945014000012
TITAN 3C R/B [NORAD-26408]
1 26408U 20001A   26236.50000000  .00001000  00000+0  10000-4 0  9992
2 26408  63.8850 139.4419 0248396 292.4327   8.2605 15.16256145000012
H-2A R/B [NORAD-26409]
1 26409U 20001A   26236.50000000  .00001000  00000+0  10000-4 0  9993
2 26409  44.5916 358.1692 0411038 236.6639 152.3817 13.36064357000014
ATLAS 5 R/B [NORAD-26410]
1 26410U 20001A   26236.50000000  .00001000  00000+0  10000-4 0  9995
2 26410  45.2787  51.1153 0332490 308.9921 213.2081 13.86598875000015
SOYUZ R/B [NORAD-26411]
1 26411U 20001A   26236.50000000  .00001000  00000+0  10000-4 0  9996
2 26411  45.4885 179.3016 0128972 291.9038 248.1142 13.00679568000016
FALCON 9 R/B [NORAD-26412]
1 26412U 20001A   26236.50000000  .00001000  00000+0  10000-4 0  9997
2 26412  98.3753  50.8501 0450500  31.0899 239.9543 14.72658414000013
CZ-4C R/B [NORAD-26413]
1 26413U 20001A   26236.50000000  .00001000  00000+0  10000-4 0  9998
2 26413  63.6899 115.0666 0483705 121.6514  75.0497 14.45464369000010
SL-16 R/B [NORAD-26414]
1 26414U 20001A   26236.50000000  .00001000  00000+0  10000-4 0  9999
2 26414  44.9955  41.2350 0764856  20.5272 232.1873 13.52758736000018
CENTAUR R/B [NORAD-26415]
1 26415U 20001A   26236.50000000  .00001000  00000+0  10000-4 0  9990
2 26415  97.8981  84.4098 0721922 327.4474 137.3002 15.19704094000016
DELTA 4 R/B [NORAD-26416]
1 26416U 20001A   26236.50000000  .00001000  00000+0  10000-4 0  9991
2 26416  98.4626 322.8343 0655104  20.9565 260.0575 13.23246383000010
ARIANE 5 R/B [NORAD-26417]
1 26417U 20001A   26236.50000000  .00001000  00000+0  10000-4 0  9992
2 26417  73.5524 295.4719 0483256 159.6122  41.0249 13.17151290000010
PSLV R/B [NORAD-26418]
1 26418U 20001A   26236.50000000  .00001000  00000+0  10000-4 0  9993
2 26418  28.8095 111.5001 0664441  62.4565 231.7310 15.51465897000016
GSLV R/B [NORAD-26419]
1 26419U 20001A   26236.50000000  .00001000  00000+0  10000-4 0  9994
2 26419  44.8359 342.6621 0079641 339.5970 272.1593 14.41376335000011
TITAN 3C R/B [NORAD-26420]
1 26420U 20001A   26236.50000000  .00001000  00000+0  10000-4 0  9996
2 26420  74.1829 223.7895 0207188 254.2598 228.0086 15.40100232000019
H-2A R/B [NORAD-26421]
1 26421U 20001A   26236.50000000  .00001000  00000+0  10000-4 0  9997
2 26421  63.3247  87.2789 0351462 329.8284   8.9037 13.44302359000012
ATLAS 5 R/B [NORAD-26422]
1 26422U 20001A   26236.50000000  .00001000  00000+0  10000-4 0  9998
2 26422  99.0108  50.5190 0135571 187.1686 125.5644 14.65149250000019
SOYUZ R/B [NORAD-26423]
1 26423U 20001A   26236.50000000  .00001000  00000+0  10000-4 0  9999
2 26423  98.9610 109.1159 0383325  92.3165 164.8795 14.81325969000017
FALCON 9 R/B [NORAD-26424]
1 26424U 20001A   26236.50000000  .00001000  00000+0  10000-4 0  9990
2 26424  28.8718 328.0898 0199621 310.7391  31.7797 15.58312125000012
CZ-4C R/B [NORAD-26425]
1 26425U 20001A   26236.50000000  .00001000  00000+0  10000-4 0  9991
2 26425  51.7809 340.8760 0549244   3.0121 220.6343 14.92837282000011
SL-16 R/B [NORAD-26426]
1 26426U 20001A   26236.50000000  .00001000  00000+0  10000-4 0  9992
2 26426  63.8299 217.6777 0506425  50.2229 200.7718 13.75456138000017
CENTAUR R/B [NORAD-26427]
1 26427U 20001A   26236.50000000  .00001000  00000+0  10000-4 0  9993
2 26427  28.7470  50.3751 0355086 359.5314 264.0408 13.60522935000010
DELTA 4 R/B [NORAD-26428]
1 26428U 20001A   26236.50000000  .00001000  00000+0  10000-4 0  9994
2 26428  51.7476 272.6885 0109961 153.7707 248.4285 15.11196565000012
ARIANE 5 R/B [NORAD-26429]
1 26429U 20001A   26236.50000000  .00001000  00000+0  10000-4 0  9995
2 26429  28.5091 172.3378 0699694 191.0773 291.7769 13.32568974000012
PSLV R/B [NORAD-26430]
1 26430U 20001A   26236.50000000  .00001000  00000+0  10000-4 0  9997
2 26430  44.9092  85.0275 0449455 240.0366   8.8469 15.35573537000014
GSLV R/B [NORAD-26431]
1 26431U 20001A   26236.50000000  .00001000  00000+0  10000-4 0  9998
2 26431  98.3547 316.4752 0632383 332.7546  61.8831 13.41980906000016
TITAN 3C R/B [NORAD-26432]
1 26432U 20001A   26236.50000000  .00001000  00000+0  10000-4 0  9999
2 26432  44.6841 155.6119 0371766 185.3563 205.1554 15.16008655000015
H-2A R/B [NORAD-26433]
1 26433U 20001A   26236.50000000  .00001000  00000+0  10000-4 0  9990
2 26433  97.8947 231.6893 0095931 294.1282  60.8429 14.02745115000011
ATLAS 5 R/B [NORAD-26434]
1 26434U 20001A   26236.50000000  .00001000  00000+0  10000-4 0  9991
2 26434  74.4168 216.8015 0716832 219.3106 166.9678 14.39821679000017
SOYUZ R/B [NORAD-26435]
1 26435U 20001A   26236.50000000  .00001000  00000+0  10000-4 0  9992
2 26435  74.0837 291.0325 0465512 116.4452 224.0953 13.27604843000013
FALCON 9 R/B [NORAD-26436]
1 26436U 20001A   26236.50000000  .00001000  00000+0  10000-4 0  9993
2 26436  63.3649 156.1803 0780389 136.8655   8.9775 15.17345924000015
CZ-4C R/B [NORAD-26437]
1 26437U 20001A   26236.50000000  .00001000  00000+0  10000-4 0  9994
2 26437  98.3880 200.5357 0768885 114.1516 332.7400 14.38372283000014
SL-16 R/B [NORAD-26438]
1 26438U 20001A   26236.50000000  .00001000  00000+0  10000-4 0  9995
2 26438  98.6412 104.7272 0625369 341.0008 139.5114 13.28433717000019
CENTAUR R/B [NORAD-26439]
1 26439U 20001A   26236.50000000  .00001000  00000+0  10000-4 0  9996
2 26439  63.4514  67.8496 0083877 212.4833 341.6418 15.13970855000017
DELTA 4 R/B [NORAD-26440]
1 26440U 20001A   26236.50000000  .00001000  00000+0  10000-4 0  9998
2 26440  51.9674 126.3308 0101465  28.9004  41.0943 14.38547978000011
ARIANE 5 R/B [NORAD-26441]
1 26441U 20001A   26236.50000000  .00001000  00000+0  10000-4 0  9999
2 26441  51.6256  14.1760 0702238  15.6913 258.6238 13.93875856000010
PSLV R/B [NORAD-26442]
1 26442U 20001A   26236.50000000  .00001000  00000+0  10000-4 0  9990
2 26442  44.7619 213.9717 0521719 160.9941 300.6974 14.35941780000018
GSLV R/B [NORAD-26443]
1 26443U 20001A   26236.50000000  .00001000  00000+0  10000-4 0  9991
2 26443  63.2496 166.7000 0068337   5.9977  50.8665 13.60557783000011
TITAN 3C R/B [NORAD-26444]
1 26444U 20001A   26236.50000000  .00001000  00000+0  10000-4 0  9992
2 26444  44.5180  36.6031 0705435   4.7494 231.7486 13.88372805000012
H-2A R/B [NORAD-26445]
1 26445U 20001A   26236.50000000  .00001000  00000+0  10000-4 0  9993
2 26445  63.7356  13.0064 0241932 348.8541 144.5401 14.48621373000010
ATLAS 5 R/B [NORAD-26446]
1 26446U 20001A   26236.50000000  .00001000  00000+0  10000-4 0  9994
2 26446  98.3007  53.7246 0169491  68.0517 217.7021 13.59036103000017
SOYUZ R/B [NORAD-26447]
1 26447U 20001A   26236.50000000  .00001000  00000+0  10000-4 0  9995
2 26447  98.3191 201.8856 0326020   4.9104 342.8012 15.30473232000018
FALCON 9 R/B [NORAD-26448]
1 26448U 20001A   26236.50000000  .00001000  00000+0  10000-4 0  9996
2 26448  97.8956 338.5513 0655537 325.6915 234.4350 15.04229054000014
CZ-4C R/B [NORAD-26449]
1 26449U 20001A   26236.50000000  .00001000  00000+0  10000-4 0  9997
2 26449  63.0389 252.6296 0472147 169.0465 285.3378 13.94504811000017
SL-16 R/B [NORAD-26450]
1 26450U 20001A   26236.50000000  .00001000  00000+0  10000-4 0  9999
2 26450  97.9883   8.9577 0652908 281.4821  33.1278 14.28652717000013
CENTAUR R/B [NORAD-26451]
1 26451U 20001A   26236.50000000  .00001000  00000+0  10000-4 0  9990
2 26451  98.4626 109.8272 0758448 132.2923 146.8824 15.49868084000019
DELTA 4 R/B [NORAD-26452]
1 26452U 20001A   26236.50000000  .00001000  00000+0  10000-4 0  9991
2 26452  99.1083  92.0564 0584678 177.4609  74.9803 14.41115041000013
ARIANE 5 R/B [NORAD-26453]
1 26453U 20001A   26236.50000000  .00001000  00000+0  10000-4 0  9992
2 26453  98.0039 338.3079 0198529  23.6101 137.0942 13.85879653000013
PSLV R/B [NORAD-26454]
1 26454U 20001A   26236.50000000  .00001000  00000+0  10000-4 0  9993
2 26454  63.7963 351.0659 0540248 333.8922 185.0808 14.08896601000013
GSLV R/B [NORAD-26455]
1 26455U 20001A   26236.50000000  .00001000  00000+0  10000-4 0  9994
2 26455  98.4475  96.3605 0182690 266.9074  82.3107 13.77135121000013
TITAN 3C R/B [NORAD-26456]
1 26456U 20001A   26236.50000000  .00001000  00000+0  10000-4 0  9995
2 26456  51.7549 340.0920 0515085 299.5650  77.7004 15.22215761000012
H-2A R/B [NORAD-26457]
1 26457U 20001A   26236.50000000  .00001000  00000+0  10000-4 0  9996
2 26457  63.7299 186.3307 0215059 238.6784 165.8603 13.07617619000011
ATLAS 5 R/B [NORAD-26458]
1 26458U 20001A   26236.50000000  .00001000  00000+0  10000-4 0  9997
2 26458  51.6245   1.6472 0421077  87.7331 278.3302 14.58326430000012
SOYUZ R/B [NORAD-26459]
1 26459U 20001A   26236.50000000  .00001000  00000+0  10000-4 0  9998
2 26459  98.1085 289.5055 0461856 233.5780 108.2758 14.70790676000010
FALCON 9 R/B [NORAD-26460]
1 26460U 20001A   26236.50000000  .00001000  00000+0  10000-4 0  9990
2 26460  99.1754 155.0245 0489738 192.8059 128.1712 13.87676285000016
CZ-4C R/B [NORAD-26461]
1 26461U 20001A   26236.50000000  .00001000  00000+0  10000-4 0  9991
2 26461  98.9241 110.0166 0645776 259.4631 214.5171 13.93906320000012
SL-16 R/B [NORAD-26462]
1 26462U 20001A   26236.50000000  .00001000  00000+0  10000-4 0  9992
2 26462  73.7691 166.8532 0594268 164.8388 100.9311 13.02129543000014
CENTAUR R/B [NORAD-26463]
1 26463U 20001A   26236.50000000  .00001000  00000+0  10000-4 0  9993
2 26463  98.8035  70.6144 0065172  81.8195 265.7895 14.21534547000010
DELTA 4 R/B [NORAD-26464]
1 26464U 20001A   26236.50000000  .00001000  00000+0  10000-4 0  9994
2 26464  45.3445 212.5046 0237623 124.3295 226.3989 15.05001934000016
ARIANE 5 R/B [NORAD-26465]
1 26465U 20001A   26236.50000000  .00001000  00000+0  10000-4 0  9995
2 26465  97.7048 202.4021 0052004 120.6297 357.4104 14.09644633000014
PSLV R/B [NORAD-26466]
1 26466U 20001A   26236.50000000  .00001000  00000+0  10000-4 0  9996
2 26466  28.3543 243.5703 0560628 107.9631 123.6588 14.65366701000012
GSLV R/B [NORAD-26467]
1 26467U 20001A   26236.50000000  .00001000  00000+0  10000-4 0  9997
2 26467  97.8850 202.4377 0269971 318.4986  50.1369 13.89288598000018
TITAN 3C R/B [NORAD-26468]
1 26468U 20001A   26236.50000000  .00001000  00000+0  10000-4 0  9998
2 26468  63.4966 277.8403 0558731 296.7711 270.2148 14.77982044000016
H-2A R/B [NORAD-26469]
1 26469U 20001A   26236.50000000  .00001000  00000+0  10000-4 0  9999
2 26469  74.3585 273.0357 0174829 260.9580  36.2053 15.07346683000012
ATLAS 5 R/B [NORAD-26470]
1 26470U 20001A   26236.50000000  .00001000  00000+0  10000-4 0  9991
2 26470  44.7390 126.9334 0052478  60.0731 128.8691 15.58377264000013
SOYUZ R/B [NORAD-26471]
1 26471U 20001A   26236.50000000  .00001000  00000+0  10000-4 0  9992
2 26471  63.7171  53.6354 0364280 326.1998 290.2048 14.75667441000015
FALCON 9 R/B [NORAD-26472]
1 26472U 20001A   26236.50000000  .00001000  00000+0  10000-4 0  9993
2 26472  51.2110  18.4005 0309877  69.2780 257.3685 13.58095557000012
CZ-4C R/B [NORAD-26473]
1 26473U 20001A   26236.50000000  .00001000  00000+0  10000-4 0  9994
2 26473  51.4486 123.1997 0091790 155.3000  14.7520 14.64299394000015
SL-16 R/B [NORAD-26474]
1 26474U 20001A   26236.50000000  .00001000  00000+0  10000-4 0  9995
2 26474  74.3238 225.2915 0480142  28.2213 239.6024 13.84286523000014
CENTAUR R/B [NORAD-26475]
1 26475U 20001A   26236.50000000  .00001000  00000+0  10000-4 0  9996
2 26475  51.4440 128.6925 0611965 163.3520  11.2502 13.57179078000015
DELTA 4 R/B [NORAD-26476]
1 26476U 20001A   26236.50000000  .00001000  00000+0  10000-4 0  9997
2 26476  98.6179 170.6063 0448738 164.0259  89.0823 13.27989924000016
ARIANE 5 R/B [NORAD-26477]
1 26477U 20001A   26236.50000000  .00001000  00000+0  10000-4 0  9998
2 26477  51.4853 359.1675 0138105 114.2858 171.2260 13.22585928000012
PSLV R/B [NORAD-26478]
1 26478U 20001A   26236.50000000  .00001000  00000+0  10000-4 0  9999
2 26478  63.6191 274.4987 0605315  92.6381  36.5413 14.97873142000014
GSLV R/B [NORAD-26479]
1 26479U 20001A   26236.50000000  .00001000  00000+0  10000-4 0  9990
2 26479  98.6243 184.9304 0434803 282.0730 159.1472 14.32902641000017
TITAN 3C R/B [NORAD-26480]
1 26480U 20001A   26236.50000000  .00001000  00000+0  10000-4 0  9992
2 26480  44.5141 223.7171 0075592  30.1811 299.6129 14.48465183000019
H-2A R/B [NORAD-26481]
1 26481U 20001A   26236.50000000  .00001000  00000+0  10000-4 0  9993
2 26481  44.5202 303.8696 0740669 341.9353 156.8976 14.55405350000010
ATLAS 5 R/B [NORAD-26482]
1 26482U 20001A   26236.50000000  .00001000  00000+0  10000-4 0  9994
2 26482  63.8410 111.8753 0055014 221.5963 212.4623 13.85781836000016
SOYUZ R/B [NORAD-26483]
1 26483U 20001A   26236.50000000  .00001000  00000+0  10000-4 0  9995
2 26483  45.4177  45.0154 0551428 158.6568 243.6116 14.88129490000016
FALCON 9 R/B [NORAD-26484]
1 26484U 20001A   26236.50000000  .00001000  00000+0  10000-4 0  9996
2 26484  28.9476 342.8166 0195791 298.0025 191.1657 15.03227602000019
CZ-4C R/B [NORAD-26485]
1 26485U 20001A   26236.50000000  .00001000  00000+0  10000-4 0  9997
2 26485  74.0306  13.8522 0416602  32.5625 105.0308 15.21054359000013
SL-16 R/B [NORAD-26486]
1 26486U 20001A   26236.50000000  .00001000  00000+0  10000-4 0  9998
2 26486  44.5572 132.9470 0658250 131.8564 309.2476 14.04191844000013
CENTAUR R/B [NORAD-26487]
1 26487U 20001A   26236.50000000  .00001000  00000+0  10000-4 0  9999
2 26487  45.0530 282.7560 0212910  47.7053 130.2523 13.64042290000015
DELTA 4 R/B [NORAD-26488]
1 26488U 20001A   26236.50000000  .00001000  00000+0  10000-4 0  9990
2 26488  51.5416 167.9610 0496911 258.6008 105.4097 13.16620077000011
ARIANE 5 R/B [NORAD-26489]
1 26489U 20001A   26236.50000000  .00001000  00000+0  10000-4 0  9991
2 26489  28.7485 226.3359 0179443 306.3022  73.1244 13.22121031000017
PSLV R/B [NORAD-26490]
1 26490U 20001A   26236.50000000  .00001000  00000+0  10000-4 0  9993
2 26490  51.3487 317.8557 0316834  30.4403  13.7285 15.37991392000012
GSLV R/B [NORAD-26491]
1 26491U 20001A   26236.50000000  .00001000  00000+0  10000-4 0  9994
2 26491  98.5558 239.2101 0480646 244.1533  38.5931 14.25747473000016
TITAN 3C R/B [NORAD-26492]
1 26492U 20001A   26236.50000000  .00001000  00000+0  10000-4 0  9995
2 26492  28.4080 245.9952 0118313 168.3718  45.5425 14.75018117000015
H-2A R/B [NORAD-26493]
1 26493U 20001A   26236.50000000  .00001000  00000+0  10000-4 0  9996
2 26493  99.1599 291.2032 0730470  58.2205  40.1554 13.55543662000010
ATLAS 5 R/B [NORAD-26494]
1 26494U 20001A   26236.50000000  .00001000  00000+0  10000-4 0  9997
2 26494  63.0413 221.1781 0602602 176.1018 295.2349 14.90100111000019
SOYUZ R/B [NORAD-26495]
1 26495U 20001A   26236.50000000  .00001000  00000+0  10000-4 0  9998
2 26495  44.6567 213.7334 0219562  27.1858 116.0147 14.47472028000019
FALCON 9 R/B [NORAD-26496]
1 26496U 20001A   26236.50000000  .00001000  00000+0  10000-4 0  9999
2 26496  45.1794 156.6538 0402715 129.2345 203.3568 15.00947774000010
CZ-4C R/B [NORAD-26497]
1 26497U 20001A   26236.50000000  .00001000  00000+0  10000-4 0  9990
2 26497  98.1512   0.3524 0525471 214.1485 222.7502 13.90026845000018
SL-16 R/B [NORAD-26498]
1 26498U 20001A   26236.50000000  .00001000  00000+0  10000-4 0  9991
2 26498  97.7810 310.8199 0073489  18.4026 291.1912 13.71282652000019
CENTAUR R/B [NORAD-26499]
1 26499U 20001A   26236.50000000  .00001000  00000+0  10000-4 0  9992
2 26499  44.5059 279.4009 0320508  87.8529 177.9722 15.09798319000015
DELTA 4 R/B [NORAD-26500]
1 26500U 20001A   26236.50000000  .00001000  00000+0  10000-4 0  9995
2 26500  73.5342  76.6969 0753901 316.9792  61.2364 14.65867313000011
STARLINK-2001
1 45501U 20001A   26236.50000000  .00001000  00000+0  10000-4 0  9997
2 45501  53.2000   2.4000 0001499  80.0000   8.7000 15.06450000000011
STARLINK-2002
1 45502U 20001A   26236.50000000  .00001000  00000+0  10000-4 0  9998
2 45502  53.2000   4.8000 0001499  80.0000  17.4000 15.06450000000015
STARLINK-2003
1 45503U 20001A   26236.50000000  .00001000  00000+0  10000-4 0  9999
2 45503  53.2000   7.2000 0001499  80.0000  26.1000 15.06450000000010
STARLINK-2004
1 45504U 20001A   26236.50000000  .00001000  00000+0  10000-4 0  9990
2 45504  53.2000   9.6000 0001499  80.0000  34.8000 15.06450000000013
STARLINK-2005
1 45505U 20001A   26236.50000000  .00001000  00000+0  10000-4 0  9991
2 45505  53.2000  12.0000 0001499  80.0000  43.5000 15.06450000000019
STARLINK-2006
1 45506U 20001A   26236.50000000  .00001000  00000+0  10000-4 0  9992
2 45506  53.2000  14.4000 0001499  80.0000  52.2000 15.06450000000013
STARLINK-2007
1 45507U 20001A   26236.50000000  .00001000  00000+0  10000-4 0  9993
2 45507  53.2000  16.8000 0001499  80.0000  60.9000 15.06450000000016
STARLINK-2008
1 45508U 20001A   26236.50000000  .00001000  00000+0  10000-4 0  9994
2 45508  53.2000  19.2000 0001499  80.0000  69.6000 15.06450000000010
STARLINK-2009
1 45509U 20001A   26236.50000000  .00001000  00000+0  10000-4 0  9995
2 45509  53.2000  21.6000 0001499  80.0000  78.3000 15.06450000000015
STARLINK-2010
1 45510U 20001A   26236.50000000  .00001000  00000+0  10000-4 0  9997
2 45510  53.2000  24.0000 0001499  80.0000  87.0000 15.06450000000011
STARLINK-2011
1 45511U 20001A   26236.50000000  .00001000  00000+0  10000-4 0  9998
2 45511  53.2000  26.4000 0001499  80.0000  95.7000 15.06450000000014
STARLINK-2012
1 45512U 20001A   26236.50000000  .00001000  00000+0  10000-4 0  9999
2 45512  53.2000  28.8000 0001499  80.0000 104.4000 15.06450000000019
STARLINK-2013
1 45513U 20001A   26236.50000000  .00001000  00000+0  10000-4 0  9990
2 45513  53.2000  31.2000 0001499  80.0000 113.1000 15.06450000000015
STARLINK-2014
1 45514U 20001A   26236.50000000  .00001000  00000+0  10000-4 0  9991
2 45514  53.2000  33.6000 0001499  80.0000 121.8000 15.06450000000018
STARLINK-2015
1 45515U 20001A   26236.50000000  .00001000  00000+0  10000-4 0  9992
2 45515  53.2000  36.0000 0001499  80.0000 130.5000 15.06450000000013
STARLINK-2016
1 45516U 20001A   26236.50000000  .00001000  00000+0  10000-4 0  9993
2 45516  53.2000  38.4000 0001499  80.0000 139.2000 15.06450000000016
STARLINK-2017
1 45517U 20001A   26236.50000000  .00001000  00000+0  10000-4 0  9994
2 45517  53.2000  40.8000 0001499  80.0000 147.9000 15.06450000000010
STARLINK-2018
1 45518U 20001A   26236.50000000  .00001000  00000+0  10000-4 0  9995
2 45518  53.2000  43.2000 0001499  80.0000 156.6000 15.06450000000015
STARLINK-2019
1 45519U 20001A   26236.50000000  .00001000  00000+0  10000-4 0  9996
2 45519  53.2000  45.6000 0001499  80.0000 165.3000 15.06450000000019
STARLINK-2020
1 45520U 20001A   26236.50000000  .00001000  00000+0  10000-4 0  9998
2 45520  53.2000  48.0000 0001499  80.0000 174.0000 15.06450000000015
STARLINK-2021
1 45521U 20001A   26236.50000000  .00001000  00000+0  10000-4 0  9999
2 45521  53.2000  50.4000 0001499  80.0000 182.7000 15.06450000000019
STARLINK-2022
1 45522U 20001A   26236.50000000  .00001000  00000+0  10000-4 0  9990
2 45522  53.2000  52.8000 0001499  80.0000 191.4000 15.06450000000013
STARLINK-2023
1 45523U 20001A   26236.50000000  .00001000  00000+0  10000-4 0  9991
2 45523  53.2000  55.2000 0001499  80.0000 200.1000 15.06450000000019
STARLINK-2024
1 45524U 20001A   26236.50000000  .00001000  00000+0  10000-4 0  9992
2 45524  53.2000  57.6000 0001499  80.0000 208.8000 15.06450000000011
STARLINK-2025
1 45525U 20001A   26236.50000000  .00001000  00000+0  10000-4 0  9993
2 45525  53.2000  60.0000 0001499  80.0000 217.5000 15.06450000000017
STARLINK-2026
1 45526U 20001A   26236.50000000  .00001000  00000+0  10000-4 0  9994
2 45526  53.2000  62.4000 0001499  80.0000 226.2000 15.06450000000011
STARLINK-2027
1 45527U 20001A   26236.50000000  .00001000  00000+0  10000-4 0  9995
2 45527  53.2000  64.8000 0001499  80.0000 234.9000 15.06450000000014
STARLINK-2028
1 45528U 20001A   26236.50000000  .00001000  00000+0  10000-4 0  9996
2 45528  53.2000  67.2000 0001499  80.0000 243.6000 15.06450000000019
STARLINK-2029
1 45529U 20001A   26236.50000000  .00001000  00000+0  10000-4 0  9997
2 45529  53.2000  69.6000 0001499  80.0000 252.3000 15.06450000000013
STARLINK-2030
1 45530U 20001A   26236.50000000  .00001000  00000+0  10000-4 0  9999
2 45530  53.2000  72.0000 0001499  80.0000 261.0000 15.06450000000010
STARLINK-2031
1 45531U 20001A   26236.50000000  .00001000  00000+0  10000-4 0  9990
2 45531  53.2000  74.4000 0001499  80.0000 269.7000 15.06450000000012
STARLINK-2032
1 45532U 20001A   26236.50000000  .00001000  00000+0  10000-4 0  9991
2 45532  53.2000  76.8000 0001499  80.0000 278.4000 15.06450000000016
STARLINK-2033
1 45533U 20001A   26236.50000000  .00001000  00000+0  10000-4 0  9992
2 45533  53.2000  79.2000 0001499  80.0000 287.1000 15.06450000000011
STARLINK-2034
1 45534U 20001A   26236.50000000  .00001000  00000+0  10000-4 0  9993
2 45534  53.2000  81.6000 0001499  80.0000 295.8000 15.06450000000015
STARLINK-2035
1 45535U 20001A   26236.50000000  .00001000  00000+0  10000-4 0  9994
2 45535  53.2000  84.0000 0001499  80.0000 304.5000 15.06450000000011
STARLINK-2036
1 45536U 20001A   26236.50000000  .00001000  00000+0  10000-4 0  9995
2 45536  53.2000  86.4000 0001499  80.0000 313.2000 15.06450000000015
STARLINK-2037
1 45537U 20001A   26236.50000000  .00001000  00000+0  10000-4 0  9996
2 45537  53.2000  88.8000 0001499  80.0000 321.9000 15.06450000000018
STARLINK-2038
1 45538U 20001A   26236.50000000  .00001000  00000+0  10000-4 0  9997
2 45538  53.2000  91.2000 0001499  80.0000 330.6000 15.06450000000014
STARLINK-2039
1 45539U 20001A   26236.50000000  .00001000  00000+0  10000-4 0  9998
2 45539  53.2000  93.6000 0001499  80.0000 339.3000 15.06450000000017
STARLINK-2040
1 45540U 20001A   26236.50000000  .00001000  00000+0  10000-4 0  9990
2 45540  53.2000  96.0000 0001499  80.0000 348.0000 15.06450000000013
STARLINK-2041
1 45541U 20001A   26236.50000000  .00001000  00000+0  10000-4 0  9991
2 45541  53.2000  98.4000 0001499  80.0000 356.7000 15.06450000000016
STARLINK-2042
1 45542U 20001A   26236.50000000  .00001000  00000+0  10000-4 0  9992
2 45542  53.2000 100.8000 0001499  80.0000   5.4000 15.06450000000013
STARLINK-2043
1 45543U 20001A   26236.50000000  .00001000  00000+0  10000-4 0  9993
2 45543  53.2000 103.2000 0001499  80.0000  14.1000 15.06450000000018
STARLINK-2044
1 45544U 20001A   26236.50000000  .00001000  00000+0  10000-4 0  9994
2 45544  53.2000 105.6000 0001499  80.0000  22.8000 15.06450000000011
STARLINK-2045
1 45545U 20001A   26236.50000000  .00001000  00000+0  10000-4 0  9995
2 45545  53.2000 108.0000 0001499  80.0000  31.5000 15.06450000000016
STARLINK-2046
1 45546U 20001A   26236.50000000  .00001000  00000+0  10000-4 0  9996
2 45546  53.2000 110.4000 0001499  80.0000  40.2000 15.06450000000011
STARLINK-2047
1 45547U 20001A   26236.50000000  .00001000  00000+0  10000-4 0  9997
2 45547  53.2000 112.8000 0001499  80.0000  48.9000 15.06450000000013
STARLINK-2048
1 45548U 20001A   26236.50000000  .00001000  00000+0  10000-4 0  9998
2 45548  53.2000 115.2000 0001499  80.0000  57.6000 15.06450000000018
STARLINK-2049
1 45549U 20001A   26236.50000000  .00001000  00000+0  10000-4 0  9999
2 45549  53.2000 117.6000 0001499  80.0000  66.3000 15.06450000000012
STARLINK-2050
1 45550U 20001A   26236.50000000  .00001000  00000+0  10000-4 0  9991
2 45550  53.2000 120.0000 0001499  80.0000  75.0000 15.06450000000019
STARLINK-2051
1 45551U 20001A   26236.50000000  .00001000  00000+0  10000-4 0  9992
2 45551  53.2000 122.4000 0001499  80.0000  83.7000 15.06450000000012
STARLINK-2052
1 45552U 20001A   26236.50000000  .00001000  00000+0  10000-4 0  9993
2 45552  53.2000 124.8000 0001499  80.0000  92.4000 15.06450000000016
STARLINK-2053
1 45553U 20001A   26236.50000000  .00001000  00000+0  10000-4 0  9994
2 45553  53.2000 127.2000 0001499  80.0000 101.1000 15.06450000000012
STARLINK-2054
1 45554U 20001A   26236.50000000  .00001000  00000+0  10000-4 0  9995
2 45554  53.2000 129.6000 0001499  80.0000 109.8000 15.06450000000014
STARLINK-2055
1 45555U 20001A   26236.50000000  .00001000  00000+0  10000-4 0  9996
2 45555  53.2000 132.0000 0001499  80.0000 118.5000 15.06450000000010
STARLINK-2056
1 45556U 20001A   26236.50000000  .00001000  00000+0  10000-4 0  9997
2 45556  53.2000 134.4000 0001499  80.0000 127.2000 15.06450000000014
STARLINK-2057
1 45557U 20001A   26236.50000000  .00001000  00000+0  10000-4 0  9998
2 45557  53.2000 136.8000 0001499  80.0000 135.9000 15.06450000000017
STARLINK-2058
1 45558U 20001A   26236.50000000  .00001000  00000+0  10000-4 0  9999
2 45558  53.2000 139.2000 0001499  80.0000 144.6000 15.06450000000012
STARLINK-2059
1 45559U 20001A   26236.50000000  .00001000  00000+0  10000-4 0  9990
2 45559  53.2000 141.6000 0001499  80.0000 153.3000 15.06450000000017
STARLINK-2060
1 45560U 20001A   26236.50000000  .00001000  00000+0  10000-4 0  9992
2 45560  53.2000 144.0000 0001499  80.0000 162.0000 15.06450000000013
STARLINK-2061
1 45561U 20001A   26236.50000000  .00001000  00000+0  10000-4 0  9993
2 45561  53.2000 146.4000 0001499  80.0000 170.7000 15.06450000000016
STARLINK-2062
1 45562U 20001A   26236.50000000  .00001000  00000+0  10000-4 0  9994
2 45562  53.2000 148.8000 0001499  80.0000 179.4000 15.06450000000019
STARLINK-2063
1 45563U 20001A   26236.50000000  .00001000  00000+0  10000-4 0  9995
2 45563  53.2000 151.2000 0001499  80.0000 188.1000 15.06450000000015
STARLINK-2064
1 45564U 20001A   26236.50000000  .00001000  00000+0  10000-4 0  9996
2 45564  53.2000 153.6000 0001499  80.0000 196.8000 15.06450000000018
STARLINK-2065
1 45565U 20001A   26236.50000000  .00001000  00000+0  10000-4 0  9997
2 45565  53.2000 156.0000 0001499  80.0000 205.5000 15.06450000000014
STARLINK-2066
1 45566U 20001A   26236.50000000  .00001000  00000+0  10000-4 0  9998
2 45566  53.2000 158.4000 0001499  80.0000 214.2000 15.06450000000018
STARLINK-2067
1 45567U 20001A   26236.50000000  .00001000  00000+0  10000-4 0  9999
2 45567  53.2000 160.8000 0001499  80.0000 222.9000 15.06450000000012
STARLINK-2068
1 45568U 20001A   26236.50000000  .00001000  00000+0  10000-4 0  9990
2 45568  53.2000 163.2000 0001499  80.0000 231.6000 15.06450000000017
STARLINK-2069
1 45569U 20001A   26236.50000000  .00001000  00000+0  10000-4 0  9991
2 45569  53.2000 165.6000 0001499  80.0000 240.3000 15.06450000000011
STARLINK-2070
1 45570U 20001A   26236.50000000  .00001000  00000+0  10000-4 0  9993
2 45570  53.2000 168.0000 0001499  80.0000 249.0000 15.06450000000016
STARLINK-2071
1 45571U 20001A   26236.50000000  .00001000  00000+0  10000-4 0  9994
2 45571  53.2000 170.4000 0001499  80.0000 257.7000 15.06450000000010
STARLINK-2072
1 45572U 20001A   26236.50000000  .00001000  00000+0  10000-4 0  9995
2 45572  53.2000 172.8000 0001499  80.0000 266.4000 15.06450000000014
STARLINK-2073
1 45573U 20001A   26236.50000000  .00001000  00000+0  10000-4 0  9996
2 45573  53.2000 175.2000 0001499  80.0000 275.1000 15.06450000000019
STARLINK-2074
1 45574U 20001A   26236.50000000  .00001000  00000+0  10000-4 0  9997
2 45574  53.2000 177.6000 0001499  80.0000 283.8000 15.06450000000012
STARLINK-2075
1 45575U 20001A   26236.50000000  .00001000  00000+0  10000-4 0  9998
2 45575  53.2000 180.0000 0001499  80.0000 292.5000 15.06450000000018
STARLINK-2076
1 45576U 20001A   26236.50000000  .00001000  00000+0  10000-4 0  9999
2 45576  53.2000 182.4000 0001499  80.0000 301.2000 15.06450000000013
STARLINK-2077
1 45577U 20001A   26236.50000000  .00001000  00000+0  10000-4 0  9990
2 45577  53.2000 184.8000 0001499  80.0000 309.9000 15.06450000000015
STARLINK-2078
1 45578U 20001A   26236.50000000  .00001000  00000+0  10000-4 0  9991
2 45578  53.2000 187.2000 0001499  80.0000 318.6000 15.06450000000010
STARLINK-2079
1 45579U 20001A   26236.50000000  .00001000  00000+0  10000-4 0  9992
2 45579  53.2000 189.6000 0001499  80.0000 327.3000 15.06450000000014
STARLINK-2080
1 45580U 20001A   26236.50000000  .00001000  00000+0  10000-4 0  9994
2 45580  53.2000 192.0000 0001499  80.0000 336.0000 15.06450000000011
STARLINK-2081
1 45581U 20001A   26236.50000000  .00001000  00000+0  10000-4 0  9995
2 45581  53.2000 194.4000 0001499  80.0000 344.7000 15.06450000000014
STARLINK-2082
1 45582U 20001A   26236.50000000  .00001000  00000+0  10000-4 0  9996
2 45582  53.2000 196.8000 0001499  80.0000 353.4000 15.06450000000018
STARLINK-2083
1 45583U 20001A   26236.50000000  .00001000  00000+0  10000-4 0  9997
2 45583  53.2000 199.2000 0001499  80.0000   2.1000 15.06450000000014
STARLINK-2084
1 45584U 20001A   26236.50000000  .00001000  00000+0  10000-4 0  9998
2 45584  53.2000 201.6000 0001499  80.0000  10.8000 15.06450000000019
STARLINK-2085
1 45585U 20001A   26236.50000000  .00001000  00000+0  10000-4 0  9999
2 45585  53.2000 204.0000 0001499  80.0000  19.5000 15.06450000000013
STARLINK-2086
1 45586U 20001A   26236.50000000  .00001000  00000+0  10000-4 0  9990
2 45586  53.2000 206.4000 0001499  80.0000  28.2000 15.06450000000017
STARLINK-2087
1 45587U 20001A   26236.50000000  .00001000  00000+0  10000-4 0  9991
2 45587  53.2000 208.8000 0001499  80.0000  36.9000 15.06450000000010
STARLINK-2088
1 45588U 20001A   26236.50000000  .00001000  00000+0  10000-4 0  9992
2 45588  53.2000 211.2000 0001499  80.0000  45.6000 15.06450000000016
STARLINK-2089
1 45589U 20001A   26236.50000000  .00001000  00000+0  10000-4 0  9993
2 45589  53.2000 213.6000 0001499  80.0000  54.3000 15.06450000000010
STARLINK-2090
1 45590U 20001A   26236.50000000  .00001000  00000+0  10000-4 0  9995
2 45590  53.2000 216.0000 0001499  80.0000  63.0000 15.06450000000016
STARLINK-2091
1 45591U 20001A   26236.50000000  .00001000  00000+0  10000-4 0  9996
2 45591  53.2000 218.4000 0001499  80.0000  71.7000 15.06450000000019
STARLINK-2092
1 45592U 20001A   26236.50000000  .00001000  00000+0  10000-4 0  9997
2 45592  53.2000 220.8000 0001499  80.0000  80.4000 15.06450000000014
STARLINK-2093
1 45593U 20001A   26236.50000000  .00001000  00000+0  10000-4 0  9998
2 45593  53.2000 223.2000 0001499  80.0000  89.1000 15.06450000000018
STARLINK-2094
1 45594U 20001A   26236.50000000  .00001000  00000+0  10000-4 0  9999
2 45594  53.2000 225.6000 0001499  80.0000  97.8000 15.06450000000011
STARLINK-2095
1 45595U 20001A   26236.50000000  .00001000  00000+0  10000-4 0  9990
2 45595  53.2000 228.0000 0001499  80.0000 106.5000 15.06450000000017
STARLINK-2096
1 45596U 20001A   26236.50000000  .00001000  00000+0  10000-4 0  9991
2 45596  53.2000 230.4000 0001499  80.0000 115.2000 15.06450000000012
STARLINK-2097
1 45597U 20001A   26236.50000000  .00001000  00000+0  10000-4 0  9992
2 45597  53.2000 232.8000 0001499  80.0000 123.9000 15.06450000000015
STARLINK-2098
1 45598U 20001A   26236.50000000  .00001000  00000+0  10000-4 0  9993
2 45598  53.2000 235.2000 0001499  80.0000 132.6000 15.06450000000010
STARLINK-2099
1 45599U 20001A   26236.50000000  .00001000  00000+0  10000-4 0  9994
2 45599  53.2000 237.6000 0001499  80.0000 141.3000 15.06450000000014
STARLINK-2100
1 45600U 20001A   26236.50000000  .00001000  00000+0  10000-4 0  9997
2 45600  53.2000 240.0000 0001499  80.0000 150.0000 15.06450000000012
STARLINK-2101
1 45601U 20001A   26236.50000000  .00001000  00000+0  10000-4 0  9998
2 45601  53.2000 242.4000 0001499  80.0000 158.7000 15.06450000000014
STARLINK-2102
1 45602U 20001A   26236.50000000  .00001000  00000+0  10000-4 0  9999
2 45602  53.2000 244.8000 0001499  80.0000 167.4000 15.06450000000018
STARLINK-2103
1 45603U 20001A   26236.50000000  .00001000  00000+0  10000-4 0  9990
2 45603  53.2000 247.2000 0001499  80.0000 176.1000 15.06450000000013
STARLINK-2104
1 45604U 20001A   26236.50000000  .00001000  00000+0  10000-4 0  9991
2 45604  53.2000 249.6000 0001499  80.0000 184.8000 15.06450000000016
STARLINK-2105
1 45605U 20001A   26236.50000000  .00001000  00000+0  10000-4 0  9992
2 45605  53.2000 252.0000 0001499  80.0000 193.5000 15.06450000000012
STARLINK-2106
1 45606U 20001A   26236.50000000  .00001000  00000+0  10000-4 0  9993
2 45606  53.2000 254.4000 0001499  80.0000 202.2000 15.06450000000017
STARLINK-2107
1 45607U 20001A   26236.50000000  .00001000  00000+0  10000-4 0  9994
2 45607  53.2000 256.8000 0001499  80.0000 210.9000 15.06450000000010
STARLINK-2108
1 45608U 20001A   26236.50000000  .00001000  00000+0  10000-4 0  9995
2 45608  53.2000 259.2000 0001499  80.0000 219.6000 15.06450000000014
STARLINK-2109
1 45609U 20001A   26236.50000000  .00001000  00000+0  10000-4 0  9996
2 45609  53.2000 261.6000 0001499  80.0000 228.3000 15.06450000000019
STARLINK-2110
1 45610U 20001A   26236.50000000  .00001000  00000+0  10000-4 0  9998
2 45610  53.2000 264.0000 0001499  80.0000 237.0000 15.06450000000015
STARLINK-2111
1 45611U 20001A   26236.50000000  .00001000  00000+0  10000-4 0  9999
2 45611  53.2000 266.4000 0001499  80.0000 245.7000 15.06450000000018
STARLINK-2112
1 45612U 20001A   26236.50000000  .00001000  00000+0  10000-4 0  9990
2 45612  53.2000 268.8000 0001499  80.0000 254.4000 15.06450000000012
STARLINK-2113
1 45613U 20001A   26236.50000000  .00001000  00000+0  10000-4 0  9991
2 45613  53.2000 271.2000 0001499  80.0000 263.1000 15.06450000000018
STARLINK-2114
1 45614U 20001A   26236.50000000  .00001000  00000+0  10000-4 0  9992
2 45614  53.2000 273.6000 0001499  80.0000 271.8000 15.06450000000011
STARLINK-2115
1 45615U 20001A   26236.50000000  .00001000  00000+0  10000-4 0  9993
2 45615  53.2000 276.0000 0001499  80.0000 280.5000 15.06450000000016
STARLINK-2116
1 45616U 20001A   26236.50000000  .00001000  00000+0  10000-4 0  9994
2 45616  53.2000 278.4000 0001499  80.0000 289.2000 15.06450000000019
STARLINK-2117
1 45617U 20001A   26236.50000000  .00001000  00000+0  10000-4 0  9995
2 45617  53.2000 280.8000 0001499  80.0000 297.9000 15.06450000000013
STARLINK-2118
1 45618U 20001A   26236.50000000  .00001000  00000+0  10000-4 0  9996
2 45618  53.2000 283.2000 0001499  80.0000 306.6000 15.06450000000019
STARLINK-2119
1 45619U 20001A   26236.50000000  .00001000  00000+0  10000-4 0  9997
2 45619  53.2000 285.6000 0001499  80.0000 315.3000 15.06450000000013
STARLINK-2120
1 45620U 20001A   26236.50000000  .00001000  00000+0  10000-4 0  9999
2 45620  53.2000 288.0000 0001499  80.0000 324.0000 15.06450000000019
STARLINK-2121
1 45621U 20001A   26236.50000000  .00001000  00000+0  10000-4 0  9990
2 45621  53.2000 290.4000 0001499  80.0000 332.7000 15.06450000000013
STARLINK-2122
1 45622U 20001A   26236.50000000  .00001000  00000+0  10000-4 0  9991
2 45622  53.2000 292.8000 0001499  80.0000 341.4000 15.06450000000017
STARLINK-2123
1 45623U 20001A   26236.50000000  .00001000  00000+0  10000-4 0  9992
2 45623  53.2000 295.2000 0001499  80.0000 350.1000 15.06450000000012
STARLINK-2124
1 45624U 20001A   26236.50000000  .00001000  00000+0  10000-4 0  9993
2 45624  53.2000 297.6000 0001499  80.0000 358.8000 15.06450000000014
STARLINK-2125
1 45625U 20001A   26236.50000000  .00001000  00000+0  10000-4 0  9994
2 45625  53.2000 300.0000 0001499  80.0000   7.5000 15.06450000000012
STARLINK-2126
1 45626U 20001A   26236.50000000  .00001000  00000+0  10000-4 0  9995
2 45626  53.2000 302.4000 0001499  80.0000  16.2000 15.06450000000016
STARLINK-2127
1 45627U 20001A   26236.50000000  .00001000  00000+0  10000-4 0  9996
2 45627  53.2000 304.8000 0001499  80.0000  24.9000 15.06450000000019
STARLINK-2128
1 45628U 20001A   26236.50000000  .00001000  00000+0  10000-4 0  9997
2 45628  53.2000 307.2000 0001499  80.0000  33.6000 15.06450000000014
STARLINK-2129
1 45629U 20001A   26236.50000000  .00001000  00000+0  10000-4 0  9998
2 45629  53.2000 309.6000 0001499  80.0000  42.3000 15.06450000000018
STARLINK-2130
1 45630U 20001A   26236.50000000  .00001000  00000+0  10000-4 0  9990
2 45630  53.2000 312.0000 0001499  80.0000  51.0000 15.06450000000015
STARLINK-2131
1 45631U 20001A   26236.50000000  .00001000  00000+0  10000-4 0  9991
2 45631  53.2000 314.4000 0001499  80.0000  59.7000 15.06450000000017
STARLINK-2132
1 45632U 20001A   26236.50000000  .00001000  00000+0  10000-4 0  9992
2 45632  53.2000 316.8000 0001499  80.0000  68.4000 15.06450000000011
STARLINK-2133
1 45633U 20001A   26236.50000000  .00001000  00000+0  10000-4 0  9993
2 45633  53.2000 319.2000 0001499  80.0000  77.1000 15.06450000000016
STARLINK-2134
1 45634U 20001A   26236.50000000  .00001000  00000+0  10000-4 0  9994
2 45634  53.2000 321.6000 0001499  80.0000  85.8000 15.06450000000010
STARLINK-2135
1 45635U 20001A   26236.50000000  .00001000  00000+0  10000-4 0  9995
2 45635  53.2000 324.0000 0001499  80.0000  94.5000 15.06450000000015
STARLINK-2136
1 45636U 20001A   26236.50000000  .00001000  00000+0  10000-4 0  9996
2 45636  53.2000 326.4000 0001499  80.0000 103.2000 15.06450000000010
STARLINK-2137
1 45637U 20001A   26236.50000000  .00001000  00000+0  10000-4 0  9997
2 45637  53.2000 328.8000 0001499  80.0000 111.9000 15.06450000000013
STARLINK-2138
1 45638U 20001A   26236.50000000  .00001000  00000+0  10000-4 0  9998
2 45638  53.2000 331.2000 0001499  80.0000 120.6000 15.06450000000019
STARLINK-2139
1 45639U 20001A   26236.50000000  .00001000  00000+0  10000-4 0  9999
2 45639  53.2000 333.6000 0001499  80.0000 129.3000 15.06450000000012
STARLINK-2140
1 45640U 20001A   26236.50000000  .00001000  00000+0  10000-4 0  9991
2 45640  53.2000 336.0000 0001499  80.0000 138.0000 15.06450000000018
STARLINK-2141
1 45641U 20001A   26236.50000000  .00001000  00000+0  10000-4 0  9992
2 45641  53.2000 338.4000 0001499  80.0000 146.7000 15.06450000000011
STARLINK-2142
1 45642U 20001A   26236.50000000  .00001000  00000+0  10000-4 0  9993
2 45642  53.2000 340.8000 0001499  80.0000 155.4000 15.06450000000016
STARLINK-2143
1 45643U 20001A   26236.50000000  .00001000  00000+0  10000-4 0  9994
2 45643  53.2000 343.2000 0001499  80.0000 164.1000 15.06450000000011
STARLINK-2144
1 45644U 20001A   26236.50000000  .00001000  00000+0  10000-4 0  9995
2 45644  53.2000 345.6000 0001499  80.0000 172.8000 15.06450000000014
STARLINK-2145
1 45645U 20001A   26236.50000000  .00001000  00000+0  10000-4 0  9996
2 45645  53.2000 348.0000 0001499  80.0000 181.5000 15.06450000000019
STARLINK-2146
1 45646U 20001A   26236.50000000  .00001000  00000+0  10000-4 0  9997
2 45646  53.2000 350.4000 0001499  80.0000 190.2000 15.06450000000014
STARLINK-2147
1 45647U 20001A   26236.50000000  .00001000  00000+0  10000-4 0  9998
2 45647  53.2000 352.8000 0001499  80.0000 198.9000 15.06450000000016
STARLINK-2148
1 45648U 20001A   26236.50000000  .00001000  00000+0  10000-4 0  9999
2 45648  53.2000 355.2000 0001499  80.0000 207.6000 15.06450000000012
STARLINK-2149
1 45649U 20001A   26236.50000000  .00001000  00000+0  10000-4 0  9990
2 45649  53.2000 357.6000 0001499  80.0000 216.3000 15.06450000000016
STARLINK-2150
1 45650U 20001A   26236.50000000  .00001000  00000+0  10000-4 0  9992
2 45650  53.2000   0.0000 0001499  80.0000 225.0000 15.06450000000014
STARLINK-2151
1 45651U 20001A   26236.50000000  .00001000  00000+0  10000-4 0  9993
2 45651  53.2000   2.4000 0001499  80.0000 233.7000 15.06450000000017
STARLINK-2152
1 45652U 20001A   26236.50000000  .00001000  00000+0  10000-4 0  9994
2 45652  53.2000   4.8000 0001499  80.0000 242.4000 15.06450000000011
STARLINK-2153
1 45653U 20001A   26236.50000000  .00001000  00000+0  10000-4 0  9995
2 45653  53.2000   7.2000 0001499  80.0000 251.1000 15.06450000000016
STARLINK-2154
1 45654U 20001A   26236.50000000  .00001000  00000+0  10000-4 0  9996
2 45654  53.2000   9.6000 0001499  80.0000 259.8000 15.06450000000018
STARLINK-2155
1 45655U 20001A   26236.50000000  .00001000  00000+0  10000-4 0  9997
2 45655  53.2000  12.0000 0001499  80.0000 268.5000 15.06450000000014
STARLINK-2156
1 45656U 20001A   26236.50000000  .00001000  00000+0  10000-4 0  9998
2 45656  53.2000  14.4000 0001499  80.0000 277.2000 15.06450000000018
STARLINK-2157
1 45657U 20001A   26236.50000000  .00001000  00000+0  10000-4 0  9999
2 45657  53.2000  16.8000 0001499  80.0000 285.9000 15.06450000000011
STARLINK-2158
1 45658U 20001A   26236.50000000  .00001000  00000+0  10000-4 0  9990
2 45658  53.2000  19.2000 0001499  80.0000 294.6000 15.06450000000016
STARLINK-2159
1 45659U 20001A   26236.50000000  .00001000  00000+0  10000-4 0  9991
2 45659  53.2000  21.6000 0001499  80.0000 303.3000 15.06450000000012
STARLINK-2160
1 45660U 20001A   26236.50000000  .00001000  00000+0  10000-4 0  9993
2 45660  53.2000  24.0000 0001499  80.0000 312.0000 15.06450000000018
STARLINK-2161
1 45661U 20001A   26236.50000000  .00001000  00000+0  10000-4 0  9994
2 45661  53.2000  26.4000 0001499  80.0000 320.7000 15.06450000000011
STARLINK-2162
1 45662U 20001A   26236.50000000  .00001000  00000+0  10000-4 0  9995
2 45662  53.2000  28.8000 0001499  80.0000 329.4000 15.06450000000014
STARLINK-2163
1 45663U 20001A   26236.50000000  .00001000  00000+0  10000-4 0  9996
2 45663  53.2000  31.2000 0001499  80.0000 338.1000 15.06450000000010
STARLINK-2164
1 45664U 20001A   26236.50000000  .00001000  00000+0  10000-4 0  9997
2 45664  53.2000  33.6000 0001499  80.0000 346.8000 15.06450000000013
STARLINK-2165
1 45665U 20001A   26236.50000000  .00001000  00000+0  10000-4 0  9998
2 45665  53.2000  36.0000 0001499  80.0000 355.5000 15.06450000000018
STARLINK-2166
1 45666U 20001A   26236.50000000  .00001000  00000+0  10000-4 0  9999
2 45666  53.2000  38.4000 0001499  80.0000   4.2000 15.06450000000013
STARLINK-2167
1 45667U 20001A   26236.50000000  .00001000  00000+0  10000-4 0  9990
2 45667  53.2000  40.8000 0001499  80.0000  12.9000 15.06450000000017
STARLINK-2168
1 45668U 20001A   26236.50000000  .00001000  00000+0  10000-4 0  9991
2 45668  53.2000  43.2000 0001499  80.0000  21.6000 15.06450000000012
STARLINK-2169
1 45669U 20001A   26236.50000000  .00001000  00000+0  10000-4 0  9992
2 45669  53.2000  45.6000 0001499  80.0000  30.3000 15.06450000000016
STARLINK-2170
1 45670U 20001A   26236.50000000  .00001000  00000+0  10000-4 0  9994
2 45670  53.2000  48.0000 0001499  80.0000  39.0000 15.06450000000011
STARLINK-2171
1 45671U 20001A   26236.50000000  .00001000  00000+0  10000-4 0  9995
2 45671  53.2000  50.4000 0001499  80.0000  47.7000 15.06450000000015
STARLINK-2172
1 45672U 20001A   26236.50000000  .00001000  00000+0  10000-4 0  9996
2 45672  53.2000  52.8000 0001499  80.0000  56.4000 15.06450000000019
STARLINK-2173
1 45673U 20001A   26236.50000000  .00001000  00000+0  10000-4 0  9997
2 45673  53.2000  55.2000 0001499  80.0000  65.1000 15.06450000000014
STARLINK-2174
1 45674U 20001A   26236.50000000  .00001000  00000+0  10000-4 0  9998
2 45674  53.2000  57.6000 0001499  80.0000  73.8000 15.06450000000017
STARLINK-2175
1 45675U 20001A   26236.50000000  .00001000  00000+0  10000-4 0  9999
2 45675  53.2000  60.0000 0001499  80.0000  82.5000 15.06450000000013
STARLINK-2176
1 45676U 20001A   26236.50000000  .00001000  00000+0  10000-4 0  9990
2 45676  53.2000  62.4000 0001499  80.0000  91.2000 15.06450000000017
STARLINK-2177
1 45677U 20001A   26236.50000000  .00001000  00000+0  10000-4 0  9991
2 45677  53.2000  64.8000 0001499  80.0000  99.9000 15.06450000000019
STARLINK-2178
1 45678U 20001A   26236.50000000  .00001000  00000+0  10000-4 0  9992
2 45678  53.2000  67.2000 0001499  80.0000 108.6000 15.06450000000015
STARLINK-2179
1 45679U 20001A   26236.50000000  .00001000  00000+0  10000-4 0  9993
2 45679  53.2000  69.6000 0001499  80.0000 117.3000 15.06450000000019
STARLINK-2180
1 45680U 20001A   26236.50000000  .00001000  00000+0  10000-4 0  9995
2 45680  53.2000  72.0000 0001499  80.0000 126.0000 15.06450000000016
STARLINK-2181
1 45681U 20001A   26236.50000000  .00001000  00000+0  10000-4 0  9996
2 45681  53.2000  74.4000 0001499  80.0000 134.7000 15.06450000000019
STARLINK-2182
1 45682U 20001A   26236.50000000  .00001000  00000+0  10000-4 0  9997
2 45682  53.2000  76.8000 0001499  80.0000 143.4000 15.06450000000013
STARLINK-2183
1 45683U 20001A   26236.50000000  .00001000  00000+0  10000-4 0  9998
2 45683  53.2000  79.2000 0001499  80.0000 152.1000 15.06450000000018
STARLINK-2184
1 45684U 20001A   26236.50000000  .00001000  00000+0  10000-4 0  9999
2 45684  53.2000  81.6000 0001499  80.0000 160.8000 15.06450000000012
STARLINK-2185
1 45685U 20001A   26236.50000000  .00001000  00000+0  10000-4 0  9990
2 45685  53.2000  84.0000 0001499  80.0000 169.5000 15.06450000000016
STARLINK-2186
1 45686U 20001A   26236.50000000  .00001000  00000+0  10000-4 0  9991
2 45686  53.2000  86.4000 0001499  80.0000 178.2000 15.06450000000010
STARLINK-2187
1 45687U 20001A   26236.50000000  .00001000  00000+0  10000-4 0  9992
2 45687  53.2000  88.8000 0001499  80.0000 186.9000 15.06450000000013
STARLINK-2188
1 45688U 20001A   26236.50000000  .00001000  00000+0  10000-4 0  9993
2 45688  53.2000  91.2000 0001499  80.0000 195.6000 15.06450000000019
STARLINK-2189
1 45689U 20001A   26236.50000000  .00001000  00000+0  10000-4 0  9994
2 45689  53.2000  93.6000 0001499  80.0000 204.3000 15.06450000000014
STARLINK-2190
1 45690U 20001A   26236.50000000  .00001000  00000+0  10000-4 0  9996
2 45690  53.2000  96.0000 0001499  80.0000 213.0000 15.06450000000010
STARLINK-2191
1 45691U 20001A   26236.50000000  .00001000  00000+0  10000-4 0  9997
2 45691  53.2000  98.4000 0001499  80.0000 221.7000 15.06450000000013
STARLINK-2192
1 45692U 20001A   26236.50000000  .00001000  00000+0  10000-4 0  9998
2 45692  53.2000 100.8000 0001499  80.0000 230.4000 15.06450000000019
STARLINK-2193
1 45693U 20001A   26236.50000000  .00001000  00000+0  10000-4 0  9999
2 45693  53.2000 103.2000 0001499  80.0000 239.1000 15.06450000000013
STARLINK-2194
1 45694U 20001A   26236.50000000  .00001000  00000+0  10000-4 0  9990
2 45694  53.2000 105.6000 0001499  80.0000 247.8000 15.06450000000016
STARLINK-2195
1 45695U 20001A   26236.50000000  .00001000  00000+0  10000-4 0  9991
2 45695  53.2000 108.0000 0001499  80.0000 256.5000 15.06450000000011
STARLINK-2196
1 45696U 20001A   26236.50000000  .00001000  00000+0  10000-4 0  9992
2 45696  53.2000 110.4000 0001499  80.0000 265.2000 15.06450000000016
STARLINK-2197
1 45697U 20001A   26236.50000000  .00001000  00000+0  10000-4 0  9993
2 45697  53.2000 112.8000 0001499  80.0000 273.9000 15.06450000000019
STARLINK-2198
1 45698U 20001A   26236.50000000  .00001000  00000+0  10000-4 0  9994
2 45698  53.2000 115.2000 0001499  80.0000 282.6000 15.06450000000014
STARLINK-2199
1 45699U 20001A   26236.50000000  .00001000  00000+0  10000-4 0  9995
2 45699  53.2000 117.6000 0001499  80.0000 291.3000 15.06450000000018
STARLINK-2200
1 45700U 20001A   26236.50000000  .00001000  00000+0  10000-4 0  9998
2 45700  53.2000 120.0000 0001499  80.0000 300.0000 15.06450000000017
STARLINK-2201
1 45701U 20001A   26236.50000000  .00001000  00000+0  10000-4 0  9999
2 45701  53.2000 122.4000 0001499  80.0000 308.7000 15.06450000000019
STARLINK-2202
1 45702U 20001A   26236.50000000  .00001000  00000+0  10000-4 0  9990
2 45702  53.2000 124.8000 0001499  80.0000 317.4000 15.06450000000013
STARLINK-2203
1 45703U 20001A   26236.50000000  .00001000  00000+0  10000-4 0  9991
2 45703  53.2000 127.2000 0001499  80.0000 326.1000 15.06450000000018
STARLINK-2204
1 45704U 20001A   26236.50000000  .00001000  00000+0  10000-4 0  9992
2 45704  53.2000 129.6000 0001499  80.0000 334.8000 15.06450000000011
STARLINK-2205
1 45705U 20001A   26236.50000000  .00001000  00000+0  10000-4 0  9993
2 45705  53.2000 132.0000 0001499  80.0000 343.5000 15.06450000000017
STARLINK-2206
1 45706U 20001A   26236.50000000  .00001000  00000+0  10000-4 0  9994
2 45706  53.2000 134.4000 0001499  80.0000 352.2000 15.06450000000011
STARLINK-2207
1 45707U 20001A   26236.50000000  .00001000  00000+0  10000-4 0  9995
2 45707  53.2000 136.8000 0001499  80.0000   0.9000 15.06450000000015
STARLINK-2208
1 45708U 20001A   26236.50000000  .00001000  00000+0  10000-4 0  9996
2 45708  53.2000 139.2000 0001499  80.0000   9.6000 15.06450000000019
STARLINK-2209
1 45709U 20001A   26236.50000000  .00001000  00000+0  10000-4 0  9997
2 45709  53.2000 141.6000 0001499  80.0000  18.3000 15.06450000000014
STARLINK-2210
1 45710U 20001A   26236.50000000  .00001000  00000+0  10000-4 0  9999
2 45710  53.2000 144.0000 0001499  80.0000  27.0000 15.06450000000010
STARLINK-2211
1 45711U 20001A   26236.50000000  .00001000  00000+0  10000-4 0  9990
2 45711  53.2000 146.4000 0001499  80.0000  35.7000 15.06450000000013
STARLINK-2212
1 45712U 20001A   26236.50000000  .00001000  00000+0  10000-4 0  9991
2 45712  53.2000 148.8000 0001499  80.0000  44.4000 15.06450000000017
STARLINK-2213
1 45713U 20001A   26236.50000000  .00001000  00000+0  10000-4 0  9992
2 45713  53.2000 151.2000 0001499  80.0000  53.1000 15.06450000000013
STARLINK-2214
1 45714U 20001A   26236.50000000  .00001000  00000+0  10000-4 0  9993
2 45714  53.2000 153.6000 0001499  80.0000  61.8000 15.06450000000016
STARLINK-2215
1 45715U 20001A   26236.50000000  .00001000  00000+0  10000-4 0  9994
2 45715  53.2000 156.0000 0001499  80.0000  70.5000 15.06450000000011
STARLINK-2216
1 45716U 20001A   26236.50000000  .00001000  00000+0  10000-4 0  9995
2 45716  53.2000 158.4000 0001499  80.0000  79.2000 15.06450000000014
STARLINK-2217
1 45717U 20001A   26236.50000000  .00001000  00000+0  10000-4 0  9996
2 45717  53.2000 160.8000 0001499  80.0000  87.9000 15.06450000000018
STARLINK-2218
1 45718U 20001A   26236.50000000  .00001000  00000+0  10000-4 0  9997
2 45718  53.2000 163.2000 0001499  80.0000  96.6000 15.06450000000013
STARLINK-2219
1 45719U 20001A   26236.50000000  .00001000  00000+0  10000-4 0  9998
2 45719  53.2000 165.6000 0001499  80.0000 105.3000 15.06450000000018
STARLINK-2220
1 45720U 20001A   26236.50000000  .00001000  00000+0  10000-4 0  9990
2 45720  53.2000 168.0000 0001499  80.0000 114.0000 15.06450000000014
STARLINK-2221
1 45721U 20001A   26236.50000000  .00001000  00000+0  10000-4 0  9991
2 45721  53.2000 170.4000 0001499  80.0000 122.7000 15.06450000000018
STARLINK-2222
1 45722U 20001A   26236.50000000  .00001000  00000+0  10000-4 0  9992
2 45722  53.2000 172.8000 0001499  80.0000 131.4000 15.06450000000012
STARLINK-2223
1 45723U 20001A   26236.50000000  .00001000  00000+0  10000-4 0  9993
2 45723  53.2000 175.2000 0001499  80.0000 140.1000 15.06450000000017
STARLINK-2224
1 45724U 20001A   26236.50000000  .00001000  00000+0  10000-4 0  9994
2 45724  53.2000 177.6000 0001499  80.0000 148.8000 15.06450000000019
STARLINK-2225
1 45725U 20001A   26236.50000000  .00001000  00000+0  10000-4 0  9995
2 45725  53.2000 180.0000 0001499  80.0000 157.5000 15.06450000000015
STARLINK-2226
1 45726U 20001A   26236.50000000  .00001000  00000+0  10000-4 0  9996
2 45726  53.2000 182.4000 0001499  80.0000 166.2000 15.06450000000019
STARLINK-2227
1 45727U 20001A   26236.50000000  .00001000  00000+0  10000-4 0  9997
2 45727  53.2000 184.8000 0001499  80.0000 174.9000 15.06450000000012
STARLINK-2228
1 45728U 20001A   26236.50000000  .00001000  00000+0  10000-4 0  9998
2 45728  53.2000 187.2000 0001499  80.0000 183.6000 15.06450000000017
STARLINK-2229
1 45729U 20001A   26236.50000000  .00001000  00000+0  10000-4 0  9999
2 45729  53.2000 189.6000 0001499  80.0000 192.3000 15.06450000000011
STARLINK-2230
1 45730U 20001A   26236.50000000  .00001000  00000+0  10000-4 0  9991
2 45730  53.2000 192.0000 0001499  80.0000 201.0000 15.06450000000019
STARLINK-2231
1 45731U 20001A   26236.50000000  .00001000  00000+0  10000-4 0  9992
2 45731  53.2000 194.4000 0001499  80.0000 209.7000 15.06450000000011
STARLINK-2232
1 45732U 20001A   26236.50000000  .00001000  00000+0  10000-4 0  9993
2 45732  53.2000 196.8000 0001499  80.0000 218.4000 15.06450000000015
STARLINK-2233
1 45733U 20001A   26236.50000000  .00001000  00000+0  10000-4 0  9994
2 45733  53.2000 199.2000 0001499  80.0000 227.1000 15.06450000000010
STARLINK-2234
1 45734U 20001A   26236.50000000  .00001000  00000+0  10000-4 0  9995
2 45734  53.2000 201.6000 0001499  80.0000 235.8000 15.06450000000015
STARLINK-2235
1 45735U 20001A   26236.50000000  .00001000  00000+0  10000-4 0  9996
2 45735  53.2000 204.0000 0001499  80.0000 244.5000 15.06450000000010
STARLINK-2236
1 45736U 20001A   26236.50000000  .00001000  00000+0  10000-4 0  9997
2 45736  53.2000 206.4000 0001499  80.0000 253.2000 15.06450000000014
STARLINK-2237
1 45737U 20001A   26236.50000000  .00001000  00000+0  10000-4 0  9998
2 45737  53.2000 208.8000 0001499  80.0000 261.9000 15.06450000000017
STARLINK-2238
1 45738U 20001A   26236.50000000  .00001000  00000+0  10000-4 0  9999
2 45738  53.2000 211.2000 0001499  80.0000 270.6000 15.06450000000013
STARLINK-2239
1 45739U 20001A   26236.50000000  .00001000  00000+0  10000-4 0  9990
2 45739  53.2000 213.6000 0001499  80.0000 279.3000 15.06450000000016
STARLINK-2240
1 45740U 20001A   26236.50000000  .00001000  00000+0  10000-4 0  9992
2 45740  53.2000 216.0000 0001499  80.0000 288.0000 15.06450000000012
STARLINK-2241
1 45741U 20001A   26236.50000000  .00001000  00000+0  10000-4 0  9993
2 45741  53.2000 218.4000 0001499  80.0000 296.7000 15.06450000000015
STARLINK-2242
1 45742U 20001A   26236.50000000  .00001000  00000+0  10000-4 0  9994
2 45742  53.2000 220.8000 0001499  80.0000 305.4000 15.06450000000011
STARLINK-2243
1 45743U 20001A   26236.50000000  .00001000  00000+0  10000-4 0  9995
2 45743  53.2000 223.2000 0001499  80.0000 314.1000 15.06450000000016
STARLINK-2244
1 45744U 20001A   26236.50000000  .00001000  00000+0  10000-4 0  9996
2 45744  53.2000 225.6000 0001499  80.0000 322.8000 15.06450000000019
STARLINK-2245
1 45745U 20001A   26236.50000000  .00001000  00000+0  10000-4 0  9997
2 45745  53.2000 228.0000 0001499  80.0000 331.5000 15.06450000000014
STARLINK-2246
1 45746U 20001A   26236.50000000  .00001000  00000+0  10000-4 0  9998
2 45746  53.2000 230.4000 0001499  80.0000 340.2000 15.06450000000019
STARLINK-2247
1 45747U 20001A   26236.50000000  .00001000  00000+0  10000-4 0  9999
2 45747  53.2000 232.8000 0001499  80.0000 348.9000 15.06450000000011
STARLINK-2248
1 45748U 20001A   26236.50000000  .00001000  00000+0  10000-4 0  9990
2 45748  53.2000 235.2000 0001499  80.0000 357.6000 15.06450000000016
STARLINK-2249
1 45749U 20001A   26236.50000000  .00001000  00000+0  10000-4 0  9991
2 45749  53.2000 237.6000 0001499  80.0000   6.3000 15.06450000000011
STARLINK-2250
1 45750U 20001A   26236.50000000  .00001000  00000+0  10000-4 0  9993
2 45750  53.2000 240.0000 0001499  80.0000  15.0000 15.06450000000018
STARLINK-2251
1 45751U 20001A   26236.50000000  .00001000  00000+0  10000-4 0  9994
2 45751  53.2000 242.4000 0001499  80.0000  23.7000 15.06450000000011
STARLINK-2252
1 45752U 20001A   26236.50000000  .00001000  00000+0  10000-4 0  9995
2 45752  53.2000 244.8000 0001499  80.0000  32.4000 15.06450000000015
STARLINK-2253
1 45753U 20001A   26236.50000000  .00001000  00000+0  10000-4 0  9996
2 45753  53.2000 247.2000 0001499  80.0000  41.1000 15.06450000000010
STARLINK-2254
1 45754U 20001A   26236.50000000  .00001000  00000+0  10000-4 0  9997
2 45754  53.2000 249.6000 0001499  80.0000  49.8000 15.06450000000012
STARLINK-2255
1 45755U 20001A   26236.50000000  .00001000  00000+0  10000-4 0  9998
2 45755  53.2000 252.0000 0001499  80.0000  58.5000 15.06450000000018
STARLINK-2256
1 45756U 20001A   26236.50000000  .00001000  00000+0  10000-4 0  9999
2 45756  53.2000 254.4000 0001499  80.0000  67.2000 15.06450000000012
STARLINK-2257
1 45757U 20001A   26236.50000000  .00001000  00000+0  10000-4 0  9990
2 45757  53.2000 256.8000 0001499  80.0000  75.9000 15.06450000000015
STARLINK-2258
1 45758U 20001A   26236.50000000  .00001000  00000+0  10000-4 0  9991
2 45758  53.2000 259.2000 0001499  80.0000  84.6000 15.06450000000010
STARLINK-2259
1 45759U 20001A   26236.50000000  .00001000  00000+0  10000-4 0  9992
2 45759  53.2000 261.6000 0001499  80.0000  93.3000 15.06450000000015
STARLINK-2260
1 45760U 20001A   26236.50000000  .00001000  00000+0  10000-4 0  9994
2 45760  53.2000 264.0000 0001499  80.0000 102.0000 15.06450000000012
STARLINK-2261
1 45761U 20001A   26236.50000000  .00001000  00000+0  10000-4 0  9995
2 45761  53.2000 266.4000 0001499  80.0000 110.7000 15.06450000000015
STARLINK-2262
1 45762U 20001A   26236.50000000  .00001000  00000+0  10000-4 0  9996
2 45762  53.2000 268.8000 0001499  80.0000 119.4000 15.06450000000018
STARLINK-2263
1 45763U 20001A   26236.50000000  .00001000  00000+0  10000-4 0  9997
2 45763  53.2000 271.2000 0001499  80.0000 128.1000 15.06450000000014
STARLINK-2264
1 45764U 20001A   26236.50000000  .00001000  00000+0  10000-4 0  9998
2 45764  53.2000 273.6000 0001499  80.0000 136.8000 15.06450000000017
STARLINK-2265
1 45765U 20001A   26236.50000000  .00001000  00000+0  10000-4 0  9999
2 45765  53.2000 276.0000 0001499  80.0000 145.5000 15.06450000000012
STARLINK-2266
1 45766U 20001A   26236.50000000  .00001000  00000+0  10000-4 0  9990
2 45766  53.2000 278.4000 0001499  80.0000 154.2000 15.06450000000016
STARLINK-2267
1 45767U 20001A   26236.50000000  .00001000  00000+0  10000-4 0  9991
2 45767  53.2000 280.8000 0001499  80.0000 162.9000 15.06450000000010
STARLINK-2268
1 45768U 20001A   26236.50000000  .00001000  00000+0  10000-4 0  9992
2 45768  53.2000 283.2000 0001499  80.0000 171.6000 15.06450000000015
STARLINK-2269
1 45769U 20001A   26236.50000000  .00001000  00000+0  10000-4 0  9993
2 45769  53.2000 285.6000 0001499  80.0000 180.3000 15.06450000000019
STARLINK-2270
1 45770U 20001A   26236.50000000  .00001000  00000+0  10000-4 0  9995
2 45770  53.2000 288.0000 0001499  80.0000 189.0000 15.06450000000014
STARLINK-2271
1 45771U 20001A   26236.50000000  .00001000  00000+0  10000-4 0  9996
2 45771  53.2000 290.4000 0001499  80.0000 197.7000 15.06450000000018
STARLINK-2272
1 45772U 20001A   26236.50000000  .00001000  00000+0  10000-4 0  9997
2 45772  53.2000 292.8000 0001499  80.0000 206.4000 15.06450000000013
STARLINK-2273
1 45773U 20001A   26236.50000000  .00001000  00000+0  10000-4 0  9998
2 45773  53.2000 295.2000 0001499  80.0000 215.1000 15.06450000000018
STARLINK-2274
1 45774U 20001A   26236.50000000  .00001000  00000+0  10000-4 0  9999
2 45774  53.2000 297.6000 0001499  80.0000 223.8000 15.06450000000011
STARLINK-2275
1 45775U 20001A   26236.50000000  .00001000  00000+0  10000-4 0  9990
2 45775  53.2000 300.0000 0001499  80.0000 232.5000 15.06450000000018
STARLINK-2276
1 45776U 20001A   26236.50000000  .00001000  00000+0  10000-4 0  9991
2 45776  53.2000 302.4000 0001499  80.0000 241.2000 15.06450000000012
STARLINK-2277
1 45777U 20001A   26236.50000000  .00001000  00000+0  10000-4 0  9992
2 45777  53.2000 304.8000 0001499  80.0000 249.9000 15.06450000000014
STARLINK-2278
1 45778U 20001A   26236.50000000  .00001000  00000+0  10000-4 0  9993
2 45778  53.2000 307.2000 0001499  80.0000 258.6000 15.06450000000019
STARLINK-2279
1 45779U 20001A   26236.50000000  .00001000  00000+0  10000-4 0  9994
2 45779  53.2000 309.6000 0001499  80.0000 267.3000 15.06450000000013
STARLINK-2280
1 45780U 20001A   26236.50000000  .00001000  00000+0  10000-4 0  9996
2 45780  53.2000 312.0000 0001499  80.0000 276.0000 15.06450000000010
STARLINK-2281
1 45781U 20001A   26236.50000000  .00001000  00000+0  10000-4 0  9997
2 45781  53.2000 314.4000 0001499  80.0000 284.7000 15.06450000000013
STARLINK-2282
1 45782U 20001A   26236.50000000  .00001000  00000+0  10000-4 0  9998
2 45782  53.2000 316.8000 0001499  80.0000 293.4000 15.06450000000017
STARLINK-2283
1 45783U 20001A   26236.50000000  .00001000  00000+0  10000-4 0  9999
2 45783  53.2000 319.2000 0001499  80.0000 302.1000 15.06450000000013
STARLINK-2284
1 45784U 20001A   26236.50000000  .00001000  00000+0  10000-4 0  9990
2 45784  53.2000 321.6000 0001499  80.0000 310.8000 15.06450000000017
STARLINK-2285
1 45785U 20001A   26236.50000000  .00001000  00000+0  10000-4 0  9991
2 45785  53.2000 324.0000 0001499  80.0000 319.5000 15.06450000000011
STARLINK-2286
1 45786U 20001A   26236.50000000  .00001000  00000+0  10000-4 0  9992
2 45786  53.2000 326.4000 0001499  80.0000 328.2000 15.06450000000015
STARLINK-2287
1 45787U 20001A   26236.50000000  .00001000  00000+0  10000-4 0  9993
2 45787  53.2000 328.8000 0001499  80.0000 336.9000 15.06450000000018
STARLINK-2288
1 45788U 20001A   26236.50000000  .00001000  00000+0  10000-4 0  9994
2 45788  53.2000 331.2000 0001499  80.0000 345.6000 15.06450000000014
STARLINK-2289
1 45789U 20001A   26236.50000000  .00001000  00000+0  10000-4 0  9995
2 45789  53.2000 333.6000 0001499  80.0000 354.3000 15.06450000000018
STARLINK-2290
1 45790U 20001A   26236.50000000  .00001000  00000+0  10000-4 0  9997
2 45790  53.2000 336.0000 0001499  80.0000   3.0000 15.06450000000015
STARLINK-2291
1 45791U 20001A   26236.50000000  .00001000  00000+0  10000-4 0  9998
2 45791  53.2000 338.4000 0001499  80.0000  11.7000 15.06450000000018
STARLINK-2292
1 45792U 20001A   26236.50000000  .00001000  00000+0  10000-4 0  9999
2 45792  53.2000 340.8000 0001499  80.0000  20.4000 15.06450000000013
STARLINK-2293
1 45793U 20001A   26236.50000000  .00001000  00000+0  10000-4 0  9990
2 45793  53.2000 343.2000 0001499  80.0000  29.1000 15.06450000000017
STARLINK-2294
1 45794U 20001A   26236.50000000  .00001000  00000+0  10000-4 0  9991
2 45794  53.2000 345.6000 0001499  80.0000  37.8000 15.06450000000010
STARLINK-2295
1 45795U 20001A   26236.50000000  .00001000  00000+0  10000-4 0  9992
2 45795  53.2000 348.0000 0001499  80.0000  46.5000 15.06450000000015
STARLINK-2296
1 45796U 20001A   26236.50000000  .00001000  00000+0  10000-4 0  9993
2 45796  53.2000 350.4000 0001499  80.0000  55.2000 15.06450000000010
STARLINK-2297
1 45797U 20001A   26236.50000000  .00001000  00000+0  10000-4 0  9994
2 45797  53.2000 352.8000 0001499  80.0000  63.9000 15.06450000000013
STARLINK-2298
1 45798U 20001A   26236.50000000  .00001000  00000+0  10000-4 0  9995
2 45798  53.2000 355.2000 0001499  80.0000  72.6000 15.06450000000018
STARLINK-2299
1 45799U 20001A   26236.50000000  .00001000  00000+0  10000-4 0  9996
2 45799  53.2000 357.6000 0001499  80.0000  81.3000 15.06450000000012
STARLINK-2300
1 45800U 20001A   26236.50000000  .00001000  00000+0  10000-4 0  9999
2 45800  53.2000   0.0000 0001499  80.0000  90.0000 15.06450000000011
STARLINK-2301
1 45801U 20001A   26236.50000000  .00001000  00000+0  10000-4 0  9990
2 45801  53.2000   2.4000 0001499  80.0000  98.7000 15.06450000000013
STARLINK-2302
1 45802U 20001A   26236.50000000  .00001000  00000+0  10000-4 0  9991
2 45802  53.2000   4.8000 0001499  80.0000 107.4000 15.06450000000018
STARLINK-2303
1 45803U 20001A   26236.50000000  .00001000  00000+0  10000-4 0  9992
2 45803  53.2000   7.2000 0001499  80.0000 116.1000 15.06450000000013
STARLINK-2304
1 45804U 20001A   26236.50000000  .00001000  00000+0  10000-4 0  9993
2 45804  53.2000   9.6000 0001499  80.0000 124.8000 15.06450000000016
STARLINK-2305
1 45805U 20001A   26236.50000000  .00001000  00000+0  10000-4 0  9994
2 45805  53.2000  12.0000 0001499  80.0000 133.5000 15.06450000000012
STARLINK-2306
1 45806U 20001A   26236.50000000  .00001000  00000+0  10000-4 0  9995
2 45806  53.2000  14.4000 0001499  80.0000 142.2000 15.06450000000016
STARLINK-2307
1 45807U 20001A   26236.50000000  .00001000  00000+0  10000-4 0  9996
2 45807  53.2000  16.8000 0001499  80.0000 150.9000 15.06450000000019
STARLINK-2308
1 45808U 20001A   26236.50000000  .00001000  00000+0  10000-4 0  9997
2 45808  53.2000  19.2000 0001499  80.0000 159.6000 15.06450000000013
STARLINK-2309
1 45809U 20001A   26236.50000000  .00001000  00000+0  10000-4 0  9998
2 45809  53.2000  21.6000 0001499  80.0000 168.3000 15.06450000000018
STARLINK-2310
1 45810U 20001A   26236.50000000  .00001000  00000+0  10000-4 0  9990
2 45810  53.2000  24.0000 0001499  80.0000 177.0000 15.06450000000014
STARLINK-2311
1 45811U 20001A   26236.50000000  .00001000  00000+0  10000-4 0  9991
2 45811  53.2000  26.4000 0001499  80.0000 185.7000 15.06450000000017
STARLINK-2312
1 45812U 20001A   26236.50000000  .00001000  00000+0  10000-4 0  9992
2 45812  53.2000  28.8000 0001499  80.0000 194.4000 15.06450000000011
STARLINK-2313
1 45813U 20001A   26236.50000000  .00001000  00000+0  10000-4 0  9993
2 45813  53.2000  31.2000 0001499  80.0000 203.1000 15.06450000000018
STARLINK-2314
1 45814U 20001A   26236.50000000  .00001000  00000+0  10000-4 0  9994
2 45814  53.2000  33.6000 0001499  80.0000 211.8000 15.06450000000011
STARLINK-2315
1 45815U 20001A   26236.50000000  .00001000  00000+0  10000-4 0  9995
2 45815  53.2000  36.0000 0001499  80.0000 220.5000 15.06450000000016
STARLINK-2316
1 45816U 20001A   26236.50000000  .00001000  00000+0  10000-4 0  9996
2 45816  53.2000  38.4000 0001499  80.0000 229.2000 15.06450000000019
STARLINK-2317
1 45817U 20001A   26236.50000000  .00001000  00000+0  10000-4 0  9997
2 45817  53.2000  40.8000 0001499  80.0000 237.9000 15.06450000000013
STARLINK-2318
1 45818U 20001A   26236.50000000  .00001000  00000+0  10000-4 0  9998
2 45818  53.2000  43.2000 0001499  80.0000 246.6000 15.06450000000018
STARLINK-2319
1 45819U 20001A   26236.50000000  .00001000  00000+0  10000-4 0  9999
2 45819  53.2000  45.6000 0001499  80.0000 255.3000 15.06450000000012
STARLINK-2320
1 45820U 20001A   26236.50000000  .00001000  00000+0  10000-4 0  9991
2 45820  53.2000  48.0000 0001499  80.0000 264.0000 15.06450000000018
STARLINK-2321
1 45821U 20001A   26236.50000000  .00001000  00000+0  10000-4 0  9992
2 45821  53.2000  50.4000 0001499  80.0000 272.7000 15.06450000000012
STARLINK-2322
1 45822U 20001A   26236.50000000  .00001000  00000+0  10000-4 0  9993
2 45822  53.2000  52.8000 0001499  80.0000 281.4000 15.06450000000016
STARLINK-2323
1 45823U 20001A   26236.50000000  .00001000  00000+0  10000-4 0  9994
2 45823  53.2000  55.2000 0001499  80.0000 290.1000 15.06450000000011
STARLINK-2324
1 45824U 20001A   26236.50000000  .00001000  00000+0  10000-4 0  9995
2 45824  53.2000  57.6000 0001499  80.0000 298.8000 15.06450000000013
STARLINK-2325
1 45825U 20001A   26236.50000000  .00001000  00000+0  10000-4 0  9996
2 45825  53.2000  60.0000 0001499  80.0000 307.5000 15.06450000000010
STARLINK-2326
1 45826U 20001A   26236.50000000  .00001000  00000+0  10000-4 0  9997
2 45826  53.2000  62.4000 0001499  80.0000 316.2000 15.06450000000014
STARLINK-2327
1 45827U 20001A   26236.50000000  .00001000  00000+0  10000-4 0  9998
2 45827  53.2000  64.8000 0001499  80.0000 324.9000 15.06450000000017
STARLINK-2328
1 45828U 20001A   26236.50000000  .00001000  00000+0  10000-4 0  9999
2 45828  53.2000  67.2000 0001499  80.0000 333.6000 15.06450000000012
STARLINK-2329
1 45829U 20001A   26236.50000000  .00001000  00000+0  10000-4 0  9990
2 45829  53.2000  69.6000 0001499  80.0000 342.3000 15.06450000000016
STARLINK-2330
1 45830U 20001A   26236.50000000  .00001000  00000+0  10000-4 0  9992
2 45830  53.2000  72.0000 0001499  80.0000 351.0000 15.06450000000013
STARLINK-2331
1 45831U 20001A   26236.50000000  .00001000  00000+0  10000-4 0  9993
2 45831  53.2000  74.4000 0001499  80.0000 359.7000 15.06450000000015
STARLINK-2332
1 45832U 20001A   26236.50000000  .00001000  00000+0  10000-4 0  9994
2 45832  53.2000  76.8000 0001499  80.0000   8.4000 15.06450000000010
STARLINK-2333
1 45833U 20001A   26236.50000000  .00001000  00000+0  10000-4 0  9995
2 45833  53.2000  79.2000 0001499  80.0000  17.1000 15.06450000000015
STARLINK-2334
1 45834U 20001A   26236.50000000  .00001000  00000+0  10000-4 0  9996
2 45834  53.2000  81.6000 0001499  80.0000  25.8000 15.06450000000019
STARLINK-2335
1 45835U 20001A   26236.50000000  .00001000  00000+0  10000-4 0  9997
2 45835  53.2000  84.0000 0001499  80.0000  34.5000 15.06450000000014
STARLINK-2336
1 45836U 20001A   26236.50000000  .00001000  00000+0  10000-4 0  9998
2 45836  53.2000  86.4000 0001499  80.0000  43.2000 15.06450000000018
STARLINK-2337
1 45837U 20001A   26236.50000000  .00001000  00000+0  10000-4 0  9999
2 45837  53.2000  88.8000 0001499  80.0000  51.9000 15.06450000000011
STARLINK-2338
1 45838U 20001A   26236.50000000  .00001000  00000+0  10000-4 0  9990
2 45838  53.2000  91.2000 0001499  80.0000  60.6000 15.06450000000017
STARLINK-2339
1 45839U 20001A   26236.50000000  .00001000  00000+0  10000-4 0  9991
2 45839  53.2000  93.6000 0001499  80.0000  69.3000 15.06450000000010
STARLINK-2340
1 45840U 20001A   26236.50000000  .00001000  00000+0  10000-4 0  9993
2 45840  53.2000  96.0000 0001499  80.0000  78.0000 15.06450000000016
STARLINK-2341
1 45841U 20001A   26236.50000000  .00001000  00000+0  10000-4 0  9994
2 45841  53.2000  98.4000 0001499  80.0000  86.7000 15.06450000000019
STARLINK-2342
1 45842U 20001A   26236.50000000  .00001000  00000+0  10000-4 0  9995
2 45842  53.2000 100.8000 0001499  80.0000  95.4000 15.06450000000015
STARLINK-2343
1 45843U 20001A   26236.50000000  .00001000  00000+0  10000-4 0  9996
2 45843  53.2000 103.2000 0001499  80.0000 104.1000 15.06450000000011
STARLINK-2344
1 45844U 20001A   26236.50000000  .00001000  00000+0  10000-4 0  9997
2 45844  53.2000 105.6000 0001499  80.0000 112.8000 15.06450000000014
STARLINK-2345
1 45845U 20001A   26236.50000000  .00001000  00000+0  10000-4 0  9998
2 45845  53.2000 108.0000 0001499  80.0000 121.5000 15.06450000000019
STARLINK-2346
1 45846U 20001A   26236.50000000  .00001000  00000+0  10000-4 0  9999
2 45846  53.2000 110.4000 0001499  80.0000 130.2000 15.06450000000014
STARLINK-2347
1 45847U 20001A   26236.50000000  .00001000  00000+0  10000-4 0  9990
2 45847  53.2000 112.8000 0001499  80.0000 138.9000 15.06450000000016
STARLINK-2348
1 45848U 20001A   26236.50000000  .00001000  00000+0  10000-4 0  9991
2 45848  53.2000 115.2000 0001499  80.0000 147.6000 15.06450000000011
STARLINK-2349
1 45849U 20001A   26236.50000000  .00001000  00000+0  10000-4 0  9992
2 45849  53.2000 117.6000 0001499  80.0000 156.3000 15.06450000000015
STARLINK-2350
1 45850U 20001A   26236.50000000  .00001000  00000+0  10000-4 0  9994
2 45850  53.2000 120.0000 0001499  80.0000 165.0000 15.06450000000012
STARLINK-2351
1 45851U 20001A   26236.50000000  .00001000  00000+0  10000-4 0  9995
2 45851  53.2000 122.4000 0001499  80.0000 173.7000 15.06450000000015
STARLINK-2352
1 45852U 20001A   26236.50000000  .00001000  00000+0  10000-4 0  9996
2 45852  53.2000 124.8000 0001499  80.0000 182.4000 15.06450000000019
STARLINK-2353
1 45853U 20001A   26236.50000000  .00001000  00000+0  10000-4 0  9997
2 45853  53.2000 127.2000 0001499  80.0000 191.1000 15.06450000000014
STARLINK-2354
1 45854U 20001A   26236.50000000  .00001000  00000+0  10000-4 0  9998
2 45854  53.2000 129.6000 0001499  80.0000 199.8000 15.06450000000016
STARLINK-2355
1 45855U 20001A   26236.50000000  .00001000  00000+0  10000-4 0  9999
2 45855  53.2000 132.0000 0001499  80.0000 208.5000 15.06450000000013
STARLINK-2356
1 45856U 20001A   26236.50000000  .00001000  00000+0  10000-4 0  9990
2 45856  53.2000 134.4000 0001499  80.0000 217.2000 15.06450000000017
STARLINK-2357
1 45857U 20001A   26236.50000000  .00001000  00000+0  10000-4 0  9991
2 45857  53.2000 136.8000 0001499  80.0000 225.9000 15.06450000000010
STARLINK-2358
1 45858U 20001A   26236.50000000  .00001000  00000+0  10000-4 0  9992
2 45858  53.2000 139.2000 0001499  80.0000 234.6000 15.06450000000015
STARLINK-2359
1 45859U 20001A   26236.50000000  .00001000  00000+0  10000-4 0  9993
2 45859  53.2000 141.6000 0001499  80.0000 243.3000 15.06450000000010
STARLINK-2360
1 45860U 20001A   26236.50000000  .00001000  00000+0  10000-4 0  9995
2 45860  53.2000 144.0000 0001499  80.0000 252.0000 15.06450000000016
STARLINK-2361
1 45861U 20001A   26236.50000000  .00001000  00000+0  10000-4 0  9996
2 45861  53.2000 146.4000 0001499  80.0000 260.7000 15.06450000000019
STARLINK-2362
1 45862U 20001A   26236.50000000  .00001000  00000+0  10000-4 0  9997
2 45862  53.2000 148.8000 0001499  80.0000 269.4000 15.06450000000012
STARLINK-2363
1 45863U 20001A   26236.50000000  .00001000  00000+0  10000-4 0  9998
2 45863  53.2000 151.2000 0001499  80.0000 278.1000 15.06450000000018
STARLINK-2364
1 45864U 20001A   26236.50000000  .00001000  00000+0  10000-4 0  9999
2 45864  53.2000 153.6000 0001499  80.0000 286.8000 15.06450000000011
STARLINK-2365
1 45865U 20001A   26236.50000000  .00001000  00000+0  10000-4 0  9990
2 45865  53.2000 156.0000 0001499  80.0000 295.5000 15.06450000000016
STARLINK-2366
1 45866U 20001A   26236.50000000  .00001000  00000+0  10000-4 0  9991
2 45866  53.2000 158.4000 0001499  80.0000 304.2000 15.06450000000011
STARLINK-2367
1 45867U 20001A   26236.50000000  .00001000  00000+0  10000-4 0  9992
2 45867  53.2000 160.8000 0001499  80.0000 312.9000 15.06450000000015
STARLINK-2368
1 45868U 20001A   26236.50000000  .00001000  00000+0  10000-4 0  9993
2 45868  53.2000 163.2000 0001499  80.0000 321.6000 15.06450000000010
STARLINK-2369
1 45869U 20001A   26236.50000000  .00001000  00000+0  10000-4 0  9994
2 45869  53.2000 165.6000 0001499  80.0000 330.3000 15.06450000000014
STARLINK-2370
1 45870U 20001A   26236.50000000  .00001000  00000+0  10000-4 0  9996
2 45870  53.2000 168.0000 0001499  80.0000 339.0000 15.06450000000019
STARLINK-2371
1 45871U 20001A   26236.50000000  .00001000  00000+0  10000-4 0  9997
2 45871  53.2000 170.4000 0001499  80.0000 347.7000 15.06450000000013
STARLINK-2372
1 45872U 20001A   26236.50000000  .00001000  00000+0  10000-4 0  9998
2 45872  53.2000 172.8000 0001499  80.0000 356.4000 15.06450000000017
STARLINK-2373
1 45873U 20001A   26236.50000000  .00001000  00000+0  10000-4 0  9999
2 45873  53.2000 175.2000 0001499  80.0000   5.1000 15.06450000000013
STARLINK-2374
1 45874U 20001A   26236.50000000  .00001000  00000+0  10000-4 0  9990
2 45874  53.2000 177.6000 0001499  80.0000  13.8000 15.06450000000016
STARLINK-2375
1 45875U 20001A   26236.50000000  .00001000  00000+0  10000-4 0  9991
2 45875  53.2000 180.0000 0001499  80.0000  22.5000 15.06450000000012
STARLINK-2376
1 45876U 20001A   26236.50000000  .00001000  00000+0  10000-4 0  9992
2 45876  53.2000 182.4000 0001499  80.0000  31.2000 15.06450000000016
STARLINK-2377
1 45877U 20001A   26236.50000000  .00001000  00000+0  10000-4 0  9993
2 45877  53.2000 184.8000 0001499  80.0000  39.9000 15.06450000000018
STARLINK-2378
1 45878U 20001A   26236.50000000  .00001000  00000+0  10000-4 0  9994
2 45878  53.2000 187.2000 0001499  80.0000  48.6000 15.06450000000013
STARLINK-2379
1 45879U 20001A   26236.50000000  .00001000  00000+0  10000-4 0  9995
2 45879  53.2000 189.6000 0001499  80.0000  57.3000 15.06450000000017
STARLINK-2380
1 45880U 20001A   26236.50000000  .00001000  00000+0  10000-4 0  9997
2 45880  53.2000 192.0000 0001499  80.0000  66.0000 15.06450000000014
STARLINK-2381
1 45881U 20001A   26236.50000000  .00001000  00000+0  10000-4 0  9998
2 45881  53.2000 194.4000 0001499  80.0000  74.7000 15.06450000000017
STARLINK-2382
1 45882U 20001A   26236.50000000  .00001000  00000+0  10000-4 0  9999
2 45882  53.2000 196.8000 0001499  80.0000  83.4000 15.06450000000011
STARLINK-2383
1 45883U 20001A   26236.50000000  .00001000  00000+0  10000-4 0  9990
2 45883  53.2000 199.2000 0001499  80.0000  92.1000 15.06450000000016
STARLINK-2384
1 45884U 20001A   26236.50000000  .00001000  00000+0  10000-4 0  9991
2 45884  53.2000 201.6000 0001499  80.0000 100.8000 15.06450000000012
STARLINK-2385
1 45885U 20001A   26236.50000000  .00001000  00000+0  10000-4 0  9992
2 45885  53.2000 204.0000 0001499  80.0000 109.5000 15.06450000000016
STARLINK-2386
1 45886U 20001A   26236.50000000  .00001000  00000+0  10000-4 0  9993
2 45886  53.2000 206.4000 0001499  80.0000 118.2000 15.06450000000010
STARLINK-2387
1 45887U 20001A   26236.50000000  .00001000  00000+0  10000-4 0  9994
2 45887  53.2000 208.8000 0001499  80.0000 126.9000 15.06450000000013
STARLINK-2388
1 45888U 20001A   26236.50000000  .00001000  00000+0  10000-4 0  9995
2 45888  53.2000 211.2000 0001499  80.0000 135.6000 15.06450000000019
STARLINK-2389
1 45889U 20001A   26236.50000000  .00001000  00000+0  10000-4 0  9996
2 45889  53.2000 213.6000 0001499  80.0000 144.3000 15.06450000000013
STARLINK-2390
1 45890U 20001A   26236.50000000  .00001000  00000+0  10000-4 0  9998
2 45890  53.2000 216.0000 0001499  80.0000 153.0000 15.06450000000019
STARLINK-2391
1 45891U 20001A   26236.50000000  .00001000  00000+0  10000-4 0  9999
2 45891  53.2000 218.4000 0001499  80.0000 161.7000 15.06450000000012
STARLINK-2392
1 45892U 20001A   26236.50000000  .00001000  00000+0  10000-4 0  9990
2 45892  53.2000 220.8000 0001499  80.0000 170.4000 15.06450000000017
STARLINK-2393
1 45893U 20001A   26236.50000000  .00001000  00000+0  10000-4 0  9991
2 45893  53.2000 223.2000 0001499  80.0000 179.1000 15.06450000000011
STARLINK-2394
1 45894U 20001A   26236.50000000  .00001000  00000+0  10000-4 0  9992
2 45894  53.2000 225.6000 0001499  80.0000 187.8000 15.06450000000014
STARLINK-2395
1 45895U 20001A   26236.50000000  .00001000  00000+0  10000-4 0  9993
2 45895  53.2000 228.0000 0001499  80.0000 196.5000 15.06450000000019
STARLINK-2396
1 45896U 20001A   26236.50000000  .00001000  00000+0  10000-4 0  9994
2 45896  53.2000 230.4000 0001499  80.0000 205.2000 15.06450000000015
STARLINK-2397
1 45897U 20001A   26236.50000000  .00001000  00000+0  10000-4 0  9995
2 45897  53.2000 232.8000 0001499  80.0000 213.9000 15.06450000000018
STARLINK-2398
1 45898U 20001A   26236.50000000  .00001000  00000+0  10000-4 0  9996
2 45898  53.2000 235.2000 0001499  80.0000 222.6000 15.06450000000013
STARLINK-2399
1 45899U 20001A   26236.50000000  .00001000  00000+0  10000-4 0  9997
2 45899  53.2000 237.6000 0001499  80.0000 231.3000 15.06450000000017
STARLINK-2400
1 45900U 20001A   26236.50000000  .00001000  00000+0  10000-4 0  9990
2 45900  53.2000 240.0000 0001499  80.0000 240.0000 15.06450000000015
STARLINK-2401
1 45901U 20001A   26236.50000000  .00001000  00000+0  10000-4 0  9991
2 45901  53.2000 242.4000 0001499  80.0000 248.7000 15.06450000000017
STARLINK-2402
1 45902U 20001A   26236.50000000  .00001000  00000+0  10000-4 0  9992
2 45902  53.2000 244.8000 0001499  80.0000 257.4000 15.06450000000011
STARLINK-2403
1 45903U 20001A   26236.50000000  .00001000  00000+0  10000-4 0  9993
2 45903  53.2000 247.2000 0001499  80.0000 266.1000 15.06450000000016
STARLINK-2404
1 45904U 20001A   26236.50000000  .00001000  00000+0  10000-4 0  9994
2 45904  53.2000 249.6000 0001499  80.0000 274.8000 15.06450000000019
STARLINK-2405
1 45905U 20001A   26236.50000000  .00001000  00000+0  10000-4 0  9995
2 45905  53.2000 252.0000 0001499  80.0000 283.5000 15.06450000000015
STARLINK-2406
1 45906U 20001A   26236.50000000  .00001000  00000+0  10000-4 0  9996
2 45906  53.2000 254.4000 0001499  80.0000 292.2000 15.06450000000019
STARLINK-2407
1 45907U 20001A   26236.50000000  .00001000  00000+0  10000-4 0  9997
2 45907  53.2000 256.8000 0001499  80.0000 300.9000 15.06450000000013
STARLINK-2408
1 45908U 20001A   26236.50000000  .00001000  00000+0  10000-4 0  9998
2 45908  53.2000 259.2000 0001499  80.0000 309.6000 15.06450000000017
STARLINK-2409
1 45909U 20001A   26236.50000000  .00001000  00000+0  10000-4 0  9999
2 45909  53.2000 261.6000 0001499  80.0000 318.3000 15.06450000000012
STARLINK-2410
1 45910U 20001A   26236.50000000  .00001000  00000+0  10000-4 0  9991
2 45910  53.2000 264.0000 0001499  80.0000 327.0000 15.06450000000018
STARLINK-2411
1 45911U 20001A   26236.50000000  .00001000  00000+0  10000-4 0  9992
2 45911  53.2000 266.4000 0001499  80.0000 335.7000 15.06450000000011
STARLINK-2412
1 45912U 20001A   26236.50000000  .00001000  00000+0  10000-4 0  9993
2 45912  53.2000 268.8000 0001499  80.0000 344.4000 15.06450000000015
STARLINK-2413
1 45913U 20001A   26236.50000000  .00001000  00000+0  10000-4 0  9994
2 45913  53.2000 271.2000 0001499  80.0000 353.1000 15.06450000000011
STARLINK-2414
1 45914U 20001A   26236.50000000  .00001000  00000+0  10000-4 0  9995
2 45914  53.2000 273.6000 0001499  80.0000   1.8000 15.06450000000015
STARLINK-2415
1 45915U 20001A   26236.50000000  .00001000  00000+0  10000-4 0  9996
2 45915  53.2000 276.0000 0001499  80.0000  10.5000 15.06450000000010
STARLINK-2416
1 45916U 20001A   26236.50000000  .00001000  00000+0  10000-4 0  9997
2 45916  53.2000 278.4000 0001499  80.0000  19.2000 15.06450000000013
STARLINK-2417
1 45917U 20001A   26236.50000000  .00001000  00000+0  10000-4 0  9998
2 45917  53.2000 280.8000 0001499  80.0000  27.9000 15.06450000000017
STARLINK-2418
1 45918U 20001A   26236.50000000  .00001000  00000+0  10000-4 0  9999
2 45918  53.2000 283.2000 0001499  80.0000  36.6000 15.06450000000012
STARLINK-2419
1 45919U 20001A   26236.50000000  .00001000  00000+0  10000-4 0  9990
2 45919  53.2000 285.6000 0001499  80.0000  45.3000 15.06450000000016
STARLINK-2420
1 45920U 20001A   26236.50000000  .00001000  00000+0  10000-4 0  9992
2 45920  53.2000 288.0000 0001499  80.0000  54.0000 15.06450000000012
STARLINK-2421
1 45921U 20001A   26236.50000000  .00001000  00000+0  10000-4 0  9993
2 45921  53.2000 290.4000 0001499  80.0000  62.7000 15.06450000000016
STARLINK-2422
1 45922U 20001A   26236.50000000  .00001000  00000+0  10000-4 0  9994
2 45922  53.2000 292.8000 0001499  80.0000  71.4000 15.06450000000010
STARLINK-2423
1 45923U 20001A   26236.50000000  .00001000  00000+0  10000-4 0  9995
2 45923  53.2000 295.2000 0001499  80.0000  80.1000 15.06450000000015
STARLINK-2424
1 45924U 20001A   26236.50000000  .00001000  00000+0  10000-4 0  9996
2 45924  53.2000 297.6000 0001499  80.0000  88.8000 15.06450000000017
STARLINK-2425
1 45925U 20001A   26236.50000000  .00001000  00000+0  10000-4 0  9997
2 45925  53.2000 300.0000 0001499  80.0000  97.5000 15.06450000000014
STARLINK-2426
1 45926U 20001A   26236.50000000  .00001000  00000+0  10000-4 0  9998
2 45926  53.2000 302.4000 0001499  80.0000 106.2000 15.06450000000019
STARLINK-2427
1 45927U 20001A   26236.50000000  .00001000  00000+0  10000-4 0  9999
2 45927  53.2000 304.8000 0001499  80.0000 114.9000 15.06450000000012
STARLINK-2428
1 45928U 20001A   26236.50000000  .00001000  00000+0  10000-4 0  9990
2 45928  53.2000 307.2000 0001499  80.0000 123.6000 15.06450000000017
STARLINK-2429
1 45929U 20001A   26236.50000000  .00001000  00000+0  10000-4 0  9991
2 45929  53.2000 309.6000 0001499  80.0000 132.3000 15.06450000000011
STARLINK-2430
1 45930U 20001A   26236.50000000  .00001000  00000+0  10000-4 0  9993
2 45930  53.2000 312.0000 0001499  80.0000 141.0000 15.06450000000018
STARLINK-2431
1 45931U 20001A   26236.50000000  .00001000  00000+0  10000-4 0  9994
2 45931  53.2000 314.4000 0001499  80.0000 149.7000 15.06450000000010
STARLINK-2432
1 45932U 20001A   26236.50000000  .00001000  00000+0  10000-4 0  9995
2 45932  53.2000 316.8000 0001499  80.0000 158.4000 15.06450000000014
STARLINK-2433
1 45933U 20001A   26236.50000000  .00001000  00000+0  10000-4 0  9996
2 45933  53.2000 319.2000 0001499  80.0000 167.1000 15.06450000000019
STARLINK-2434
1 45934U 20001A   26236.50000000  .00001000  00000+0  10000-4 0  9997
2 45934  53.2000 321.6000 0001499  80.0000 175.8000 15.06450000000013
STARLINK-2435
1 45935U 20001A   26236.50000000  .00001000  00000+0  10000-4 0  9998
2 45935  53.2000 324.0000 0001499  80.0000 184.5000 15.06450000000018
STARLINK-2436
1 45936U 20001A   26236.50000000  .00001000  00000+0  10000-4 0  9999
2 45936  53.2000 326.4000 0001499  80.0000 193.2000 15.06450000000012
STARLINK-2437
1 45937U 20001A   26236.50000000  .00001000  00000+0  10000-4 0  9990
2 45937  53.2000 328.8000 0001499  80.0000 201.9000 15.06450000000016
STARLINK-2438
1 45938U 20001A   26236.50000000  .00001000  00000+0  10000-4 0  9991
2 45938  53.2000 331.2000 0001499  80.0000 210.6000 15.06450000000012
STARLINK-2439
1 45939U 20001A   26236.50000000  .00001000  00000+0  10000-4 0  9992
2 45939  53.2000 333.6000 0001499  80.0000 219.3000 15.06450000000015
STARLINK-2440
1 45940U 20001A   26236.50000000  .00001000  00000+0  10000-4 0  9994
2 45940  53.2000 336.0000 0001499  80.0000 228.0000 15.06450000000011
STARLINK-2441
1 45941U 20001A   26236.50000000  .00001000  00000+0  10000-4 0  9995
2 45941  53.2000 338.4000 0001499  80.0000 236.7000 15.06450000000014
STARLINK-2442
1 45942U 20001A   26236.50000000  .00001000  00000+0  10000-4 0  9996
2 45942  53.2000 340.8000 0001499  80.0000 245.4000 15.06450000000019
STARLINK-2443
1 45943U 20001A   26236.50000000  .00001000  00000+0  10000-4 0  9997
2 45943  53.2000 343.2000 0001499  80.0000 254.1000 15.06450000000014
STARLINK-2444
1 45944U 20001A   26236.50000000  .00001000  00000+0  10000-4 0  9998
2 45944  53.2000 345.6000 0001499  80.0000 262.8000 15.06450000000017
STARLINK-2445
1 45945U 20001A   26236.50000000  .00001000  00000+0  10000-4 0  9999
2 45945  53.2000 348.0000 0001499  80.0000 271.5000 15.06450000000012
STARLINK-2446
1 45946U 20001A   26236.50000000  .00001000  00000+0  10000-4 0  9990
2 45946  53.2000 350.4000 0001499  80.0000 280.2000 15.06450000000017
STARLINK-2447
1 45947U 20001A   26236.50000000  .00001000  00000+0  10000-4 0  9991
2 45947  53.2000 352.8000 0001499  80.0000 288.9000 15.06450000000019
STARLINK-2448
1 45948U 20001A   26236.50000000  .00001000  00000+0  10000-4 0  9992
2 45948  53.2000 355.2000 0001499  80.0000 297.6000 15.06450000000014
STARLINK-2449
1 45949U 20001A   26236.50000000  .00001000  00000+0  10000-4 0  9993
2 45949  53.2000 357.6000 0001499  80.0000 306.3000 15.06450000000019
STARLINK-2450
1 45950U 20001A   26236.50000000  .00001000  00000+0  10000-4 0  9995
2 45950  53.2000   0.0000 0001499  80.0000 315.0000 15.06450000000017
STARLINK-2451
1 45951U 20001A   26236.50000000  .00001000  00000+0  10000-4 0  9996
2 45951  53.2000   2.4000 0001499  80.0000 323.7000 15.06450000000010
STARLINK-2452
1 45952U 20001A   26236.50000000  .00001000  00000+0  10000-4 0  9997
2 45952  53.2000   4.8000 0001499  80.0000 332.4000 15.06450000000014
STARLINK-2453
1 45953U 20001A   26236.50000000  .00001000  00000+0  10000-4 0  9998
2 45953  53.2000   7.2000 0001499  80.0000 341.1000 15.06450000000019
STARLINK-2454
1 45954U 20001A   26236.50000000  .00001000  00000+0  10000-4 0  9999
2 45954  53.2000   9.6000 0001499  80.0000 349.8000 15.06450000000011
STARLINK-2455
1 45955U 20001A   26236.50000000  .00001000  00000+0  10000-4 0  9990
2 45955  53.2000  12.0000 0001499  80.0000 358.5000 15.06450000000017
STARLINK-2456
1 45956U 20001A   26236.50000000  .00001000  00000+0  10000-4 0  9991
2 45956  53.2000  14.4000 0001499  80.0000   7.2000 15.06450000000012
STARLINK-2457
1 45957U 20001A   26236.50000000  .00001000  00000+0  10000-4 0  9992
2 45957  53.2000  16.8000 0001499  80.0000  15.9000 15.06450000000015
STARLINK-2458
1 45958U 20001A   26236.50000000  .00001000  00000+0  10000-4 0  9993
2 45958  53.2000  19.2000 0001499  80.0000  24.6000 15.06450000000010
STARLINK-2459
1 45959U 20001A   26236.50000000  .00001000  00000+0  10000-4 0  9994
2 45959  53.2000  21.6000 0001499  80.0000  33.3000 15.06450000000015
STARLINK-2460
1 45960U 20001A   26236.50000000  .00001000  00000+0  10000-4 0  9996
2 45960  53.2000  24.0000 0001499  80.0000  42.0000 15.06450000000011
STARLINK-2461
1 45961U 20001A   26236.50000000  .00001000  00000+0  10000-4 0  9997
2 45961  53.2000  26.4000 0001499  80.0000  50.7000 15.06450000000014
STARLINK-2462
1 45962U 20001A   26236.50000000  .00001000  00000+0  10000-4 0  9998
2 45962  53.2000  28.8000 0001499  80.0000  59.4000 15.06450000000017
STARLINK-2463
1 45963U 20001A   26236.50000000  .00001000  00000+0  10000-4 0  9999
2 45963  53.2000  31.2000 0001499  80.0000  68.1000 15.06450000000013
STARLINK-2464
1 45964U 20001A   26236.50000000  .00001000  00000+0  10000-4 0  9990
2 45964  53.2000  33.6000 0001499  80.0000  76.8000 15.06450000000016
STARLINK-2465
1 45965U 20001A   26236.50000000  .00001000  00000+0  10000-4 0  9991
2 45965  53.2000  36.0000 0001499  80.0000  85.5000 15.06450000000011
STARLINK-2466
1 45966U 20001A   26236.50000000  .00001000  00000+0  10000-4 0  9992
2 45966  53.2000  38.4000 0001499  80.0000  94.2000 15.06450000000015
STARLINK-2467
1 45967U 20001A   26236.50000000  .00001000  00000+0  10000-4 0  9993
2 45967  53.2000  40.8000 0001499  80.0000 102.9000 15.06450000000010
STARLINK-2468
1 45968U 20001A   26236.50000000  .00001000  00000+0  10000-4 0  9994
2 45968  53.2000  43.2000 0001499  80.0000 111.6000 15.06450000000015
STARLINK-2469
1 45969U 20001A   26236.50000000  .00001000  00000+0  10000-4 0  9995
2 45969  53.2000  45.6000 0001499  80.0000 120.3000 15.06450000000019
STARLINK-2470
1 45970U 20001A   26236.50000000  .00001000  00000+0  10000-4 0  9997
2 45970  53.2000  48.0000 0001499  80.0000 129.0000 15.06450000000014
STARLINK-2471
1 45971U 20001A   26236.50000000  .00001000  00000+0  10000-4 0  9998
2 45971  53.2000  50.4000 0001499  80.0000 137.7000 15.06450000000018
STARLINK-2472
1 45972U 20001A   26236.50000000  .00001000  00000+0  10000-4 0  9999
2 45972  53.2000  52.8000 0001499  80.0000 146.4000 15.06450000000012
STARLINK-2473
1 45973U 20001A   26236.50000000  .00001000  00000+0  10000-4 0  9990
2 45973  53.2000  55.2000 0001499  80.0000 155.1000 15.06450000000017
STARLINK-2474
1 45974U 20001A   26236.50000000  .00001000  00000+0  10000-4 0  9991
2 45974  53.2000  57.6000 0001499  80.0000 163.8000 15.06450000000010
STARLINK-2475
1 45975U 20001A   26236.50000000  .00001000  00000+0  10000-4 0  9992
2 45975  53.2000  60.0000 0001499  80.0000 172.5000 15.06450000000016
STARLINK-2476
1 45976U 20001A   26236.50000000  .00001000  00000+0  10000-4 0  9993
2 45976  53.2000  62.4000 0001499  80.0000 181.2000 15.06450000000010
STARLINK-2477
1 45977U 20001A   26236.50000000  .00001000  00000+0  10000-4 0  9994
2 45977  53.2000  64.8000 0001499  80.0000 189.9000 15.06450000000012
STARLINK-2478
1 45978U 20001A   26236.50000000  .00001000  00000+0  10000-4 0  9995
2 45978  53.2000  67.2000 0001499  80.0000 198.6000 15.06450000000017
STARLINK-2479
1 45979U 20001A   26236.50000000  .00001000  00000+0  10000-4 0  9996
2 45979  53.2000  69.6000 0001499  80.0000 207.3000 15.06450000000012
STARLINK-2480
1 45980U 20001A   26236.50000000  .00001000  00000+0  10000-4 0  9998
2 45980  53.2000  72.0000 0001499  80.0000 216.0000 15.06450000000019
STARLINK-2481
1 45981U 20001A   26236.50000000  .00001000  00000+0  10000-4 0  9999
2 45981  53.2000  74.4000 0001499  80.0000 224.7000 15.06450000000012
STARLINK-2482
1 45982U 20001A   26236.50000000  .00001000  00000+0  10000-4 0  9990
2 45982  53.2000  76.8000 0001499  80.0000 233.4000 15.06450000000016
STARLINK-2483
1 45983U 20001A   26236.50000000  .00001000  00000+0  10000-4 0  9991
2 45983  53.2000  79.2000 0001499  80.0000 242.1000 15.06450000000011
STARLINK-2484
1 45984U 20001A   26236.50000000  .00001000  00000+0  10000-4 0  9992
2 45984  53.2000  81.6000 0001499  80.0000 250.8000 15.06450000000015
STARLINK-2485
1 45985U 20001A   26236.50000000  .00001000  00000+0  10000-4 0  9993
2 45985  53.2000  84.0000 0001499  80.0000 259.5000 15.06450000000019
STARLINK-2486
1 45986U 20001A   26236.50000000  .00001000  00000+0  10000-4 0  9994
2 45986  53.2000  86.4000 0001499  80.0000 268.2000 15.06450000000013
STARLINK-2487
1 45987U 20001A   26236.50000000  .00001000  00000+0  10000-4 0  9995
2 45987  53.2000  88.8000 0001499  80.0000 276.9000 15.06450000000016
STARLINK-2488
1 45988U 20001A   26236.50000000  .00001000  00000+0  10000-4 0  9996
2 45988  53.2000  91.2000 0001499  80.0000 285.6000 15.06450000000012
STARLINK-2489
1 45989U 20001A   26236.50000000  .00001000  00000+0  10000-4 0  9997
2 45989  53.2000  93.6000 0001499  80.0000 294.3000 15.06450000000016
STARLINK-2490
1 45990U 20001A   26236.50000000  .00001000  00000+0  10000-4 0  9999
2 45990  53.2000  96.0000 0001499  80.0000 303.0000 15.06450000000013
STARLINK-2491
1 45991U 20001A   26236.50000000  .00001000  00000+0  10000-4 0  9990
2 45991  53.2000  98.4000 0001499  80.0000 311.7000 15.06450000000016
STARLINK-2492
1 45992U 20001A   26236.50000000  .00001000  00000+0  10000-4 0  9991
2 45992  53.2000 100.8000 0001499  80.0000 320.4000 15.06450000000012
STARLINK-2493
1 45993U 20001A   26236.50000000  .00001000  00000+0  10000-4 0  9992
2 45993  53.2000 103.2000 0001499  80.0000 329.1000 15.06450000000016
STARLINK-2494
1 45994U 20001A   26236.50000000  .00001000  00000+0  10000-4 0  9993
2 45994  53.2000 105.6000 0001499  80.0000 337.8000 15.06450000000019
STARLINK-2495
1 45995U 20001A   26236.50000000  .00001000  00000+0  10000-4 0  9994
2 45995  53.2000 108.0000 0001499  80.0000 346.5000 15.06450000000014
STARLINK-2496
1 45996U 20001A   26236.50000000  .00001000  00000+0  10000-4 0  9995
2 45996  53.2000 110.4000 0001499  80.0000 355.2000 15.06450000000019
STARLINK-2497
1 45997U 20001A   26236.50000000  .00001000  00000+0  10000-4 0  9996
2 45997  53.2000 112.8000 0001499  80.0000   3.9000 15.06450000000013
STARLINK-2498
1 45998U 20001A   26236.50000000  .00001000  00000+0  10000-4 0  9997
2 45998  53.2000 115.2000 0001499  80.0000  12.6000 15.06450000000018
STARLINK-2499
1 45999U 20001A   26236.50000000  .00001000  00000+0  10000-4 0  9998
2 45999  53.2000 117.6000 0001499  80.0000  21.3000 15.06450000000012
STARLINK-2500
1 46000U 20001A   26236.50000000  .00001000  00000+0  10000-4 0  9992
2 46000  53.2000 120.0000 0001499  80.0000  30.0000 15.06450000000011
STARLINK-2501
1 46001U 20001A   26236.50000000  .00001000  00000+0  10000-4 0  9993
2 46001  53.2000 122.4000 0001499  80.0000  38.7000 15.06450000000013
STARLINK-2502
1 46002U 20001A   26236.50000000  .00001000  00000+0  10000-4 0  9994
2 46002  53.2000 124.8000 0001499  80.0000  47.4000 15.06450000000017
STARLINK-2503
1 46003U 20001A   26236.50000000  .00001000  00000+0  10000-4 0  9995
2 46003  53.2000 127.2000 0001499  80.0000  56.1000 15.06450000000012
STARLINK-2504
1 46004U 20001A   26236.50000000  .00001000  00000+0  10000-4 0  9996
2 46004  53.2000 129.6000 0001499  80.0000  64.8000 15.06450000000015
STARLINK-2505
1 46005U 20001A   26236.50000000  .00001000  00000+0  10000-4 0  9997
2 46005  53.2000 132.0000 0001499  80.0000  73.5000 15.06450000000011
STARLINK-2506
1 46006U 20001A   26236.50000000  .00001000  00000+0  10000-4 0  9998
2 46006  53.2000 134.4000 0001499  80.0000  82.2000 15.06450000000015
STARLINK-2507
1 46007U 20001A   26236.50000000  .00001000  00000+0  10000-4 0  9999
2 46007  53.2000 136.8000 0001499  80.0000  90.9000 15.06450000000018
STARLINK-2508
1 46008U 20001A   26236.50000000  .00001000  00000+0  10000-4 0  9990
2 46008  53.2000 139.2000 0001499  80.0000  99.6000 15.06450000000012
STARLINK-2509
1 46009U 20001A   26236.50000000  .00001000  00000+0  10000-4 0  9991
2 46009  53.2000 141.6000 0001499  80.0000 108.3000 15.06450000000018
STARLINK-2510
1 46010U 20001A   26236.50000000  .00001000  00000+0  10000-4 0  9993
2 46010  53.2000 144.0000 0001499  80.0000 117.0000 15.06450000000014
STARLINK-2511
1 46011U 20001A   26236.50000000  .00001000  00000+0  10000-4 0  9994
2 46011  53.2000 146.4000 0001499  80.0000 125.7000 15.06450000000017
STARLINK-2512
1 46012U 20001A   26236.50000000  .00001000  00000+0  10000-4 0  9995
2 46012  53.2000 148.8000 0001499  80.0000 134.4000 15.06450000000011
STARLINK-2513
1 46013U 20001A   26236.50000000  .00001000  00000+0  10000-4 0  9996
2 46013  53.2000 151.2000 0001499  80.0000 143.1000 15.06450000000017
STARLINK-2514
1 46014U 20001A   26236.50000000  .00001000  00000+0  10000-4 0  9997
2 46014  53.2000 153.6000 0001499  80.0000 151.8000 15.06450000000010
STARLINK-2515
1 46015U 20001A   26236.50000000  .00001000  00000+0  10000-4 0  9998
2 46015  53.2000 156.0000 0001499  80.0000 160.5000 15.06450000000015
STARLINK-2516
1 46016U 20001A   26236.50000000  .00001000  00000+0  10000-4 0  9999
2 46016  53.2000 158.4000 0001499  80.0000 169.2000 15.06450000000018
STARLINK-2517
1 46017U 20001A   26236.50000000  .00001000  00000+0  10000-4 0  9990
2 46017  53.2000 160.8000 0001499  80.0000 177.9000 15.06450000000012
STARLINK-2518
1 46018U 20001A   26236.50000000  .00001000  00000+0  10000-4 0  9991
2 46018  53.2000 163.2000 0001499  80.0000 186.6000 15.06450000000017
STARLINK-2519
1 46019U 20001A   26236.50000000  .00001000  00000+0  10000-4 0  9992
2 46019  53.2000 165.6000 0001499  80.0000 195.3000 15.06450000000011
STARLINK-2520
1 46020U 20001A   26236.50000000  .00001000  00000+0  10000-4 0  9994
2 46020  53.2000 168.0000 0001499  80.0000 204.0000 15.06450000000018
STARLINK-2521
1 46021U 20001A   26236.50000000  .00001000  00000+0  10000-4 0  9995
2 46021  53.2000 170.4000 0001499  80.0000 212.7000 15.06450000000012
STARLINK-2522
1 46022U 20001A   26236.50000000  .00001000  00000+0  10000-4 0  9996
2 46022  53.2000 172.8000 0001499  80.0000 221.4000 15.06450000000016
STARLINK-2523
1 46023U 20001A   26236.50000000  .00001000  00000+0  10000-4 0  9997
2 46023  53.2000 175.2000 0001499  80.0000 230.1000 15.06450000000011
STARLINK-2524
1 46024U 20001A   26236.50000000  .00001000  00000+0  10000-4 0  9998
2 46024  53.2000 177.6000 0001499  80.0000 238.8000 15.06450000000013
STARLINK-2525
1 46025U 20001A   26236.50000000  .00001000  00000+0  10000-4 0  9999
2 46025  53.2000 180.0000 0001499  80.0000 247.5000 15.06450000000019
STARLINK-2526
1 46026U 20001A   26236.50000000  .00001000  00000+0  10000-4 0  9990
2 46026  53.2000 182.4000 0001499  80.0000 256.2000 15.06450000000013
STARLINK-2527
1 46027U 20001A   26236.50000000  .00001000  00000+0  10000-4 0  9991
2 46027  53.2000 184.8000 0001499  80.0000 264.9000 15.06450000000016
STARLINK-2528
1 46028U 20001A   26236.50000000  .00001000  00000+0  10000-4 0  9992
2 46028  53.2000 187.2000 0001499  80.0000 273.6000 15.06450000000011
STARLINK-2529
1 46029U 20001A   26236.50000000  .00001000  00000+0  10000-4 0  9993
2 46029  53.2000 189.6000 0001499  80.0000 282.3000 15.06450000000015
STARLINK-2530
1 46030U 20001A   26236.50000000  .00001000  00000+0  10000-4 0  9995
2 46030  53.2000 192.0000 0001499  80.0000 291.0000 15.06450000000012
STARLINK-2531
1 46031U 20001A   26236.50000000  .00001000  00000+0  10000-4 0  9996
2 46031  53.2000 194.4000 0001499  80.0000 299.7000 15.06450000000014
STARLINK-2532
1 46032U 20001A   26236.50000000  .00001000  00000+0  10000-4 0  9997
2 46032  53.2000 196.8000 0001499  80.0000 308.4000 15.06450000000019
STARLINK-2533
1 46033U 20001A   26236.50000000  .00001000  00000+0  10000-4 0  9998
2 46033  53.2000 199.2000 0001499  80.0000 317.1000 15.06450000000014
STARLINK-2534
1 46034U 20001A   26236.50000000  .00001000  00000+0  10000-4 0  9999
2 46034  53.2000 201.6000 0001499  80.0000 325.8000 15.06450000000019
STARLINK-2535
1 46035U 20001A   26236.50000000  .00001000  00000+0  10000-4 0  9990
2 46035  53.2000 204.0000 0001499  80.0000 334.5000 15.06450000000014
STARLINK-2536
1 46036U 20001A   26236.50000000  .00001000  00000+0  10000-4 0  9991
2 46036  53.2000 206.4000 0001499  80.0000 343.2000 15.06450000000018
STARLINK-2537
1 46037U 20001A   26236.50000000  .00001000  00000+0  10000-4 0  9992
2 46037  53.2000 208.8000 0001499  80.0000 351.9000 15.06450000000011
STARLINK-2538
1 46038U 20001A   26236.50000000  .00001000  00000+0  10000-4 0  9993
2 46038  53.2000 211.2000 0001499  80.0000   0.6000 15.06450000000018
STARLINK-2539
1 46039U 20001A   26236.50000000  .00001000  00000+0  10000-4 0  9994
2 46039  53.2000 213.6000 0001499  80.0000   9.3000 15.06450000000011
STARLINK-2540
1 46040U 20001A   26236.50000000  .00001000  00000+0  10000-4 0  9996
2 46040  53.2000 216.0000 0001499  80.0000  18.0000 15.06450000000017
STARLINK-2541
1 46041U 20001A   26236.50000000  .00001000  00000+0  10000-4 0  9997
2 46041  53.2000 218.4000 0001499  80.0000  26.7000 15.06450000000010
STARLINK-2542
1 46042U 20001A   26236.50000000  .00001000  00000+0  10000-4 0  9998
2 46042  53.2000 220.8000 0001499  80.0000  35.4000 15.06450000000015
STARLINK-2543
1 46043U 20001A   26236.50000000  .00001000  00000+0  10000-4 0  9999
2 46043  53.2000 223.2000 0001499  80.0000  44.1000 15.06450000000010
STARLINK-2544
1 46044U 20001A   26236.50000000  .00001000  00000+0  10000-4 0  9990
2 46044  53.2000 225.6000 0001499  80.0000  52.8000 15.06450000000013
STARLINK-2545
1 46045U 20001A   26236.50000000  .00001000  00000+0  10000-4 0  9991
2 46045  53.2000 228.0000 0001499  80.0000  61.5000 15.06450000000018
STARLINK-2546
1 46046U 20001A   26236.50000000  .00001000  00000+0  10000-4 0  9992
2 46046  53.2000 230.4000 0001499  80.0000  70.2000 15.06450000000013
STARLINK-2547
1 46047U 20001A   26236.50000000  .00001000  00000+0  10000-4 0  9993
2 46047  53.2000 232.8000 0001499  80.0000  78.9000 15.06450000000015
STARLINK-2548
1 46048U 20001A   26236.50000000  .00001000  00000+0  10000-4 0  9994
2 46048  53.2000 235.2000 0001499  80.0000  87.6000 15.06450000000010
STARLINK-2549
1 46049U 20001A   26236.50000000  .00001000  00000+0  10000-4 0  9995
2 46049  53.2000 237.6000 0001499  80.0000  96.3000 15.06450000000014
STARLINK-2550
1 46050U 20001A   26236.50000000  .00001000  00000+0  10000-4 0  9997
2 46050  53.2000 240.0000 0001499  80.0000 105.0000 15.06450000000012
STARLINK-2551
1 46051U 20001A   26236.50000000  .00001000  00000+0  10000-4 0  9998
2 46051  53.2000 242.4000 0001499  80.0000 113.7000 15.06450000000015
STARLINK-2552
1 46052U 20001A   26236.50000000  .00001000  00000+0  10000-4 0  9999
2 46052  53.2000 244.8000 0001499  80.0000 122.4000 15.06450000000019
STARLINK-2553
1 46053U 20001A   26236.50000000  .00001000  00000+0  10000-4 0  9990
2 46053  53.2000 247.2000 0001499  80.0000 131.1000 15.06450000000014
STARLINK-2554
1 46054U 20001A   26236.50000000  .00001000  00000+0  10000-4 0  9991
2 46054  53.2000 249.6000 0001499  80.0000 139.8000 15.06450000000016
STARLINK-2555
1 46055U 20001A   26236.50000000  .00001000  00000+0  10000-4 0  9992
2 46055  53.2000 252.0000 0001499  80.0000 148.5000 15.06450000000012
STARLINK-2556
1 46056U 20001A   26236.50000000  .00001000  00000+0  10000-4 0  9993
2 46056  53.2000 254.4000 0001499  80.0000 157.2000 15.06450000000016
STARLINK-2557
1 46057U 20001A   26236.50000000  .00001000  00000+0  10000-4 0  9994
2 46057  53.2000 256.8000 0001499  80.0000 165.9000 15.06450000000019
STARLINK-2558
1 46058U 20001A   26236.50000000  .00001000  00000+0  10000-4 0  9995
2 46058  53.2000 259.2000 0001499  80.0000 174.6000 15.06450000000014
STARLINK-2559
1 46059U 20001A   26236.50000000  .00001000  00000+0  10000-4 0  9996
2 46059  53.2000 261.6000 0001499  80.0000 183.3000 15.06450000000019
STARLINK-2560
1 46060U 20001A   26236.50000000  .00001000  00000+0  10000-4 0  9998
2 46060  53.2000 264.0000 0001499  80.0000 192.0000 15.06450000000015
STARLINK-2561
1 46061U 20001A   26236.50000000  .00001000  00000+0  10000-4 0  9999
2 46061  53.2000 266.4000 0001499  80.0000 200.7000 15.06450000000019
STARLINK-2562
1 46062U 20001A   26236.50000000  .00001000  00000+0  10000-4 0  9990
2 46062  53.2000 268.8000 0001499  80.0000 209.4000 15.06450000000012
STARLINK-2563
1 46063U 20001A   26236.50000000  .00001000  00000+0  10000-4 0  9991
2 46063  53.2000 271.2000 0001499  80.0000 218.1000 15.06450000000018
STARLINK-2564
1 46064U 20001A   26236.50000000  .00001000  00000+0  10000-4 0  9992
2 46064  53.2000 273.6000 0001499  80.0000 226.8000 15.06450000000011
STARLINK-2565
1 46065U 20001A   26236.50000000  .00001000  00000+0  10000-4 0  9993
2 46065  53.2000 276.0000 0001499  80.0000 235.5000 15.06450000000016
STARLINK-2566
1 46066U 20001A   26236.50000000  .00001000  00000+0  10000-4 0  9994
2 46066  53.2000 278.4000 0001499  80.0000 244.2000 15.06450000000010
STARLINK-2567
1 46067U 20001A   26236.50000000  .00001000  00000+0  10000-4 0  9995
2 46067  53.2000 280.8000 0001499  80.0000 252.9000 15.06450000000014
STARLINK-2568
1 46068U 20001A   26236.50000000  .00001000  00000+0  10000-4 0  9996
2 46068  53.2000 283.2000 0001499  80.0000 261.6000 15.06450000000019
STARLINK-2569
1 46069U 20001A   26236.50000000  .00001000  00000+0  10000-4 0  9997
2 46069  53.2000 285.6000 0001499  80.0000 270.3000 15.06450000000013
STARLINK-2570
1 46070U 20001A   26236.50000000  .00001000  00000+0  10000-4 0  9999
2 46070  53.2000 288.0000 0001499  80.0000 279.0000 15.06450000000018
STARLINK-2571
1 46071U 20001A   26236.50000000  .00001000  00000+0  10000-4 0  9990
2 46071  53.2000 290.4000 0001499  80.0000 287.7000 15.06450000000012
STARLINK-2572
1 46072U 20001A   26236.50000000  .00001000  00000+0  10000-4 0  9991
2 46072  53.2000 292.8000 0001499  80.0000 296.4000 15.06450000000016
STARLINK-2573
1 46073U 20001A   26236.50000000  .00001000  00000+0  10000-4 0  9992
2 46073  53.2000 295.2000 0001499  80.0000 305.1000 15.06450000000012
STARLINK-2574
1 46074U 20001A   26236.50000000  .00001000  00000+0  10000-4 0  9993
2 46074  53.2000 297.6000 0001499  80.0000 313.8000 15.06450000000015
STARLINK-2575
1 46075U 20001A   26236.50000000  .00001000  00000+0  10000-4 0  9994
2 46075  53.2000 300.0000 0001499  80.0000 322.5000 15.06450000000012
STARLINK-2576
1 46076U 20001A   26236.50000000  .00001000  00000+0  10000-4 0  9995
2 46076  53.2000 302.4000 0001499  80.0000 331.2000 15.06450000000016
STARLINK-2577
1 46077U 20001A   26236.50000000  .00001000  00000+0  10000-4 0  9996
2 46077  53.2000 304.8000 0001499  80.0000 339.9000 15.06450000000018
STARLINK-2578
1 46078U 20001A   26236.50000000  .00001000  00000+0  10000-4 0  9997
2 46078  53.2000 307.2000 0001499  80.0000 348.6000 15.06450000000013
STARLINK-2579
1 46079U 20001A   26236.50000000  .00001000  00000+0  10000-4 0  9998
2 46079  53.2000 309.6000 0001499  80.0000 357.3000 15.06450000000017
STARLINK-2580
1 46080U 20001A   26236.50000000  .00001000  00000+0  10000-4 0  9990
2 46080  53.2000 312.0000 0001499  80.0000   6.0000 15.06450000000015
STARLINK-2581
1 46081U 20001A   26236.50000000  .00001000  00000+0  10000-4 0  9991
2 46081  53.2000 314.4000 0001499  80.0000  14.7000 15.06450000000018
STARLINK-2582
1 46082U 20001A   26236.50000000  .00001000  00000+0  10000-4 0  9992
2 46082  53.2000 316.8000 0001499  80.0000  23.4000 15.06450000000012
STARLINK-2583
1 46083U 20001A   26236.50000000  .00001000  00000+0  10000-4 0  9993
2 46083  53.2000 319.2000 0001499  80.0000  32.1000 15.06450000000017
STARLINK-2584
1 46084U 20001A   26236.50000000  .00001000  00000+0  10000-4 0  9994
2 46084  53.2000 321.6000 0001499  80.0000  40.8000 15.06450000000011
STARLINK-2585
1 46085U 20001A   26236.50000000  .00001000  00000+0  10000-4 0  9995
2 46085  53.2000 324.0000 0001499  80.0000  49.5000 15.06450000000015
STARLINK-2586
1 46086U 20001A   26236.50000000  .00001000  00000+0  10000-4 0  9996
2 46086  53.2000 326.4000 0001499  80.0000  58.2000 15.06450000000019
STARLINK-2587
1 46087U 20001A   26236.50000000  .00001000  00000+0  10000-4 0  9997
2 46087  53.2000 328.8000 0001499  80.0000  66.9000 15.06450000000012
STARLINK-2588
1 46088U 20001A   26236.50000000  .00001000  00000+0  10000-4 0  9998
2 46088  53.2000 331.2000 0001499  80.0000  75.6000 15.06450000000018
STARLINK-2589
1 46089U 20001A   26236.50000000  .00001000  00000+0  10000-4 0  9999
2 46089  53.2000 333.6000 0001499  80.0000  84.3000 15.06450000000012
STARLINK-2590
1 46090U 20001A   26236.50000000  .00001000  00000+0  10000-4 0  9991
2 46090  53.2000 336.0000 0001499  80.0000  93.0000 15.06450000000018
STARLINK-2591
1 46091U 20001A   26236.50000000  .00001000  00000+0  10000-4 0  9992
2 46091  53.2000 338.4000 0001499  80.0000 101.7000 15.06450000000012
STARLINK-2592
1 46092U 20001A   26236.50000000  .00001000  00000+0  10000-4 0  9993
2 46092  53.2000 340.8000 0001499  80.0000 110.4000 15.06450000000017
STARLINK-2593
1 46093U 20001A   26236.50000000  .00001000  00000+0  10000-4 0  9994
2 46093  53.2000 343.2000 0001499  80.0000 119.1000 15.06450000000011
STARLINK-2594
1 46094U 20001A   26236.50000000  .00001000  00000+0  10000-4 0  9995
2 46094  53.2000 345.6000 0001499  80.0000 127.8000 15.06450000000014
STARLINK-2595
1 46095U 20001A   26236.50000000  .00001000  00000+0  10000-4 0  9996
2 46095  53.2000 348.0000 0001499  80.0000 136.5000 15.06450000000019
STARLINK-2596
1 46096U 20001A   26236.50000000  .00001000  00000+0  10000-4 0  9997
2 46096  53.2000 350.4000 0001499  80.0000 145.2000 15.06450000000014
STARLINK-2597
1 46097U 20001A   26236.50000000  .00001000  00000+0  10000-4 0  9998
2 46097  53.2000 352.8000 0001499  80.0000 153.9000 15.06450000000017
STARLINK-2598
1 46098U 20001A   26236.50000000  .00001000  00000+0  10000-4 0  9999
2 46098  53.2000 355.2000 0001499  80.0000 162.6000 15.06450000000012
STARLINK-2599
1 46099U 20001A   26236.50000000  .00001000  00000+0  10000-4 0  9990
2 46099  53.2000 357.6000 0001499  80.0000 171.3000 15.06450000000016
STARLINK-2600
1 46100U 20001A   26236.50000000  .00001000  00000+0  10000-4 0  9993
2 46100  53.2000   0.0000 0001499  80.0000 180.0000 15.06450000000015
ONEWEB-0101
1 46501U 20001A   26236.50000000  .00001000  00000+0  10000-4 0  9998
2 46501  87.9000   3.6000 0011999  90.0000  11.2000 13.10000000000019
ONEWEB-0102
1 46502U 20001A   26236.50000000  .00001000  00000+0  10000-4 0  9999
2 46502  87.9000   7.2000 0011999  90.0000  22.4000 13.10000000000014
ONEWEB-0103
1 46503U 20001A   26236.50000000  .00001000  00000+0  10000-4 0  9990
2 46503  87.9000  10.8000 0011999  90.0000  33.6000 13.10000000000019
ONEWEB-0104
1 46504U 20001A   26236.50000000  .00001000  00000+0  10000-4 0  9991
2 46504  87.9000  14.4000 0011999  90.0000  44.8000 13.10000000000014
ONEWEB-0105
1 46505U 20001A   26236.50000000  .00001000  00000+0  10000-4 0  9992
2 46505  87.9000  18.0000 0011999  90.0000  56.0000 13.10000000000010
ONEWEB-0106
1 46506U 20001A   26236.50000000  .00001000  00000+0  10000-4 0  9993
2 46506  87.9000  21.6000 0011999  90.0000  67.2000 13.10000000000015
ONEWEB-0107
1 46507U 20001A   26236.50000000  .00001000  00000+0  10000-4 0  9994
2 46507  87.9000  25.2000 0011999  90.0000  78.4000 13.10000000000010
ONEWEB-0108
1 46508U 20001A   26236.50000000  .00001000  00000+0  10000-4 0  9995
2 46508  87.9000  28.8000 0011999  90.0000  89.6000 13.10000000000014
ONEWEB-0109
1 46509U 20001A   26236.50000000  .00001000  00000+0  10000-4 0  9996
2 46509  87.9000  32.4000 0011999  90.0000 100.8000 13.10000000000012
ONEWEB-0110
1 46510U 20001A   26236.50000000  .00001000  00000+0  10000-4 0  9998
2 46510  87.9000  36.0000 0011999  90.0000 112.0000 13.10000000000019
ONEWEB-0111
1 46511U 20001A   26236.50000000  .00001000  00000+0  10000-4 0  9999
2 46511  87.9000  39.6000 0011999  90.0000 123.2000 13.10000000000013
ONEWEB-0112
1 46512U 20001A   26236.50000000  .00001000  00000+0  10000-4 0  9990
2 46512  87.9000  43.2000 0011999  90.0000 134.4000 13.10000000000019
ONEWEB-0113
1 46513U 20001A   26236.50000000  .00001000  00000+0  10000-4 0  9991
2 46513  87.9000  46.8000 0011999  90.0000 145.6000 13.10000000000013
ONEWEB-0114
1 46514U 20001A   26236.50000000  .00001000  00000+0  10000-4 0  9992
2 46514  87.9000  50.4000 0011999  90.0000 156.8000 13.10000000000019
ONEWEB-0115
1 46515U 20001A   26236.50000000  .00001000  00000+0  10000-4 0  9993
2 46515  87.9000  54.0000 0011999  90.0000 168.0000 13.10000000000015
ONEWEB-0116
1 46516U 20001A   26236.50000000  .00001000  00000+0  10000-4 0  9994
2 46516  87.9000  57.6000 0011999  90.0000 179.2000 13.10000000000019
ONEWEB-0117
1 46517U 20001A   26236.50000000  .00001000  00000+0  10000-4 0  9995
2 46517  87.9000  61.2000 0011999  90.0000 190.4000 13.10000000000016
ONEWEB-0118
1 46518U 20001A   26236.50000000  .00001000  00000+0  10000-4 0  9996
2 46518  87.9000  64.8000 0011999  90.0000 201.6000 13.10000000000011
ONEWEB-0119
1 46519U 20001A   26236.50000000  .00001000  00000+0  10000-4 0  9997
2 46519  87.9000  68.4000 0011999  90.0000 212.8000 13.10000000000016
ONEWEB-0120
1 46520U 20001A   26236.50000000  .00001000  00000+0  10000-4 0  9999
2 46520  87.9000  72.0000 0011999  90.0000 224.0000 13.10000000000014
ONEWEB-0121
1 46521U 20001A   26236.50000000  .00001000  00000+0  10000-4 0  9990
2 46521  87.9000  75.6000 0011999  90.0000 235.2000 13.10000000000018
ONEWEB-0122
1 46522U 20001A   26236.50000000  .00001000  00000+0  10000-4 0  9991
2 46522  87.9000  79.2000 0011999  90.0000 246.4000 13.10000000000013
ONEWEB-0123
1 46523U 20001A   26236.50000000  .00001000  00000+0  10000-4 0  9992
2 46523  87.9000  82.8000 0011999  90.0000 257.6000 13.10000000000018
ONEWEB-0124
1 46524U 20001A   26236.50000000  .00001000  00000+0  10000-4 0  9993
2 46524  87.9000  86.4000 0011999  90.0000 268.8000 13.10000000000013
ONEWEB-0125
1 46525U 20001A   26236.50000000  .00001000  00000+0  10000-4 0  9994
2 46525  87.9000  90.0000 0011999  90.0000 280.0000 13.10000000000011
ONEWEB-0126
1 46526U 20001A   26236.50000000  .00001000  00000+0  10000-4 0  9995
2 46526  87.9000  93.6000 0011999  90.0000 291.2000 13.10000000000015
ONEWEB-0127
1 46527U 20001A   26236.50000000  .00001000  00000+0  10000-4 0  9996
2 46527  87.9000  97.2000 0011999  90.0000 302.4000 13.10000000000011
ONEWEB-0128
1 46528U 20001A   26236.50000000  .00001000  00000+0  10000-4 0  9997
2 46528  87.9000 100.8000 0011999  90.0000 313.6000 13.10000000000017
ONEWEB-0129
1 46529U 20001A   26236.50000000  .00001000  00000+0  10000-4 0  9998
2 46529  87.9000 104.4000 0011999  90.0000 324.8000 13.10000000000012
ONEWEB-0130
1 46530U 20001A   26236.50000000  .00001000  00000+0  10000-4 0  9990
2 46530  87.9000 108.0000 0011999  90.0000 336.0000 13.10000000000019
ONEWEB-0131
1 46531U 20001A   26236.50000000  .00001000  00000+0  10000-4 0  9991
2 46531  87.9000 111.6000 0011999  90.0000 347.2000 13.10000000000014
ONEWEB-0132
1 46532U 20001A   26236.50000000  .00001000  00000+0  10000-4 0  9992
2 46532  87.9000 115.2000 0011999  90.0000 358.4000 13.10000000000019
ONEWEB-0133
1 46533U 20001A   26236.50000000  .00001000  00000+0  10000-4 0  9993
2 46533  87.9000 118.8000 0011999  90.0000   9.6000 13.10000000000014
ONEWEB-0134
1 46534U 20001A   26236.50000000  .00001000  00000+0  10000-4 0  9994
2 46534  87.9000 122.4000 0011999  90.0000  20.8000 13.10000000000011
ONEWEB-0135
1 46535U 20001A   26236.50000000  .00001000  00000+0  10000-4 0  9995
2 46535  87.9000 126.0000 0011999  90.0000  32.0000 13.10000000000017
ONEWEB-0136
1 46536U 20001A   26236.50000000  .00001000  00000+0  10000-4 0  9996
2 46536  87.9000 129.6000 0011999  90.0000  43.2000 13.10000000000011
ONEWEB-0137
1 46537U 20001A   26236.50000000  .00001000  00000+0  10000-4 0  9997
2 46537  87.9000 133.2000 0011999  90.0000  54.4000 13.10000000000017
ONEWEB-0138
1 46538U 20001A   26236.50000000  .00001000  00000+0  10000-4 0  9998
2 46538  87.9000 136.8000 0011999  90.0000  65.6000 13.10000000000011
ONEWEB-0139
1 46539U 20001A   26236.50000000  .00001000  00000+0  10000-4 0  9999
2 46539  87.9000 140.4000 0011999  90.0000  76.8000 13.10000000000017
ONEWEB-0140
1 46540U 20001A   26236.50000000  .00001000  00000+0  10000-4 0  9991
2 46540  87.9000 144.0000 0011999  90.0000  88.0000 13.10000000000014
ONEWEB-0141
1 46541U 20001A   26236.50000000  .00001000  00000+0  10000-4 0  9992
2 46541  87.9000 147.6000 0011999  90.0000  99.2000 13.10000000000018
ONEWEB-0142
1 46542U 20001A   26236.50000000  .00001000  00000+0  10000-4 0  9993
2 46542  87.9000 151.2000 0011999  90.0000 110.4000 13.10000000000016
ONEWEB-0143
1 46543U 20001A   26236.50000000  .00001000  00000+0  10000-4 0  9994
2 46543  87.9000 154.8000 0011999  90.0000 121.6000 13.10000000000010
ONEWEB-0144
1 46544U 20001A   26236.50000000  .00001000  00000+0  10000-4 0  9995
2 46544  87.9000 158.4000 0011999  90.0000 132.8000 13.10000000000015
ONEWEB-0145
1 46545U 20001A   26236.50000000  .00001000  00000+0  10000-4 0  9996
2 46545  87.9000 162.0000 0011999  90.0000 144.0000 13.10000000000012
ONEWEB-0146
1 46546U 20001A   26236.50000000  .00001000  00000+0  10000-4 0  9997
2 46546  87.9000 165.6000 0011999  90.0000 155.2000 13.10000000000016
ONEWEB-0147
1 46547U 20001A   26236.50000000  .00001000  00000+0  10000-4 0  9998
2 46547  87.9000 169.2000 0011999  90.0000 166.4000 13.10000000000011
ONEWEB-0148
1 46548U 20001A   26236.50000000  .00001000  00000+0  10000-4 0  9999
2 46548  87.9000 172.8000 0011999  90.0000 177.6000 13.10000000000016
ONEWEB-0149
1 46549U 20001A   26236.50000000  .00001000  00000+0  10000-4 0  9990
2 46549  87.9000 176.4000 0011999  90.0000 188.8000 13.10000000000011
ONEWEB-0150
1 46550U 20001A   26236.50000000  .00001000  00000+0  10000-4 0  9992
2 46550  87.9000 180.0000 0011999  90.0000 200.0000 13.10000000000011
ONEWEB-0151
1 46551U 20001A   26236.50000000  .00001000  00000+0  10000-4 0  9993
2 46551  87.9000 183.6000 0011999  90.0000 211.2000 13.10000000000015
ONEWEB-0152
1 46552U 20001A   26236.50000000  .00001000  00000+0  10000-4 0  9994
2 46552  87.9000 187.2000 0011999  90.0000 222.4000 13.10000000000010
ONEWEB-0153
1 46553U 20001A   26236.50000000  .00001000  00000+0  10000-4 0  9995
2 46553  87.9000 190.8000 0011999  90.0000 233.6000 13.10000000000015
ONEWEB-0154
1 46554U 20001A   26236.50000000  .00001000  00000+0  10000-4 0  9996
2 46554  87.9000 194.4000 0011999  90.0000 244.8000 13.10000000000010
ONEWEB-0155
1 46555U 20001A   26236.50000000  .00001000  00000+0  10000-4 0  9997
2 46555  87.9000 198.0000 0011999  90.0000 256.0000 13.10000000000016
ONEWEB-0156
1 46556U 20001A   26236.50000000  .00001000  00000+0  10000-4 0  9998
2 46556  87.9000 201.6000 0011999  90.0000 267.2000 13.10000000000012
ONEWEB-0157
1 46557U 20001A   26236.50000000  .00001000  00000+0  10000-4 0  9999
2 46557  87.9000 205.2000 0011999  90.0000 278.4000 13.10000000000017
ONEWEB-0158
1 46558U 20001A   26236.50000000  .00001000  00000+0  10000-4 0  9990
2 46558  87.9000 208.8000 0011999  90.0000 289.6000 13.10000000000011
ONEWEB-0159
1 46559U 20001A   26236.50000000  .00001000  00000+0  10000-4 0  9991
2 46559  87.9000 212.4000 0011999  90.0000 300.8000 13.10000000000019
ONEWEB-0160
1 46560U 20001A   26236.50000000  .00001000  00000+0  10000-4 0  9993
2 46560  87.9000 216.0000 0011999  90.0000 312.0000 13.10000000000016
ONEWEB-0161
1 46561U 20001A   26236.50000000  .00001000  00000+0  10000-4 0  9994
2 46561  87.9000 219.6000 0011999  90.0000 323.2000 13.10000000000010
ONEWEB-0162
1 46562U 20001A   26236.50000000  .00001000  00000+0  10000-4 0  9995
2 46562  87.9000 223.2000 0011999  90.0000 334.4000 13.10000000000016
ONEWEB-0163
1 46563U 20001A   26236.50000000  .00001000  00000+0  10000-4 0  9996
2 46563  87.9000 226.8000 0011999  90.0000 345.6000 13.10000000000010
ONEWEB-0164
1 46564U 20001A   26236.50000000  .00001000  00000+0  10000-4 0  9997
2 46564  87.9000 230.4000 0011999  90.0000 356.8000 13.10000000000016
ONEWEB-0165
1 46565U 20001A   26236.50000000  .00001000  00000+0  10000-4 0  9998
2 46565  87.9000 234.0000 0011999  90.0000   8.0000 13.10000000000013
ONEWEB-0166
1 46566U 20001A   26236.50000000  .00001000  00000+0  10000-4 0  9999
2 46566  87.9000 237.6000 0011999  90.0000  19.2000 13.10000000000017
ONEWEB-0167
1 46567U 20001A   26236.50000000  .00001000  00000+0  10000-4 0  9990
2 46567  87.9000 241.2000 0011999  90.0000  30.4000 13.10000000000014
ONEWEB-0168
1 46568U 20001A   26236.50000000  .00001000  00000+0  10000-4 0  9991
2 46568  87.9000 244.8000 0011999  90.0000  41.6000 13.10000000000018
ONEWEB-0169
1 46569U 20001A   26236.50000000  .00001000  00000+0  10000-4 0  9992
2 46569  87.9000 248.4000 0011999  90.0000  52.8000 13.10000000000013
ONEWEB-0170
1 46570U 20001A   26236.50000000  .00001000  00000+0  10000-4 0  9994
2 46570  87.9000 252.0000 0011999  90.0000  64.0000 13.10000000000011
ONEWEB-0171
1 46571U 20001A   26236.50000000  .00001000  00000+0  10000-4 0  9995
2 46571  87.9000 255.6000 0011999  90.0000  75.2000 13.10000000000015
ONEWEB-0172
1 46572U 20001A   26236.50000000  .00001000  00000+0  10000-4 0  9996
2 46572  87.9000 259.2000 0011999  90.0000  86.4000 13.10000000000010
ONEWEB-0173
1 46573U 20001A   26236.50000000  .00001000  00000+0  10000-4 0  9997
2 46573  87.9000 262.8000 0011999  90.0000  97.6000 13.10000000000015
ONEWEB-0174
1 46574U 20001A   26236.50000000  .00001000  00000+0  10000-4 0  9998
2 46574  87.9000 266.4000 0011999  90.0000 108.8000 13.10000000000011
ONEWEB-0175
1 46575U 20001A   26236.50000000  .00001000  00000+0  10000-4 0  9999
2 46575  87.9000 270.0000 0011999  90.0000 120.0000 13.10000000000019
ONEWEB-0176
1 46576U 20001A   26236.50000000  .00001000  00000+0  10000-4 0  9990
2 46576  87.9000 273.6000 0011999  90.0000 131.2000 13.10000000000013
ONEWEB-0177
1 46577U 20001A   26236.50000000  .00001000  00000+0  10000-4 0  9991
2 46577  87.9000 277.2000 0011999  90.0000 142.4000 13.10000000000018
ONEWEB-0178
1 46578U 20001A   26236.50000000  .00001000  00000+0  10000-4 0  9992
2 46578  87.9000 280.8000 0011999  90.0000 153.6000 13.10000000000013
ONEWEB-0179
1 46579U 20001A   26236.50000000  .00001000  00000+0  10000-4 0  9993
2 46579  87.9000 284.4000 0011999  90.0000 164.8000 13.10000000000018
ONEWEB-0180
1 46580U 20001A   26236.50000000  .00001000  00000+0  10000-4 0  9995
2 46580  87.9000 288.0000 0011999  90.0000 176.0000 13.10000000000015
ONEWEB-0181
1 46581U 20001A   26236.50000000  .00001000  00000+0  10000-4 0  9996
2 46581  87.9000 291.6000 0011999  90.0000 187.2000 13.10000000000010
ONEWEB-0182
1 46582U 20001A   26236.50000000  .00001000  00000+0  10000-4 0  9997
2 46582  87.9000 295.2000 0011999  90.0000 198.4000 13.10000000000015
ONEWEB-0183
1 46583U 20001A   26236.50000000  .00001000  00000+0  10000-4 0  9998
2 46583  87.9000 298.8000 0011999  90.0000 209.6000 13.10000000000010
ONEWEB-0184
1 46584U 20001A   26236.50000000  .00001000  00000+0  10000-4 0  9999
2 46584  87.9000 302.4000 0011999  90.0000 220.8000 13.10000000000018
ONEWEB-0185
1 46585U 20001A   26236.50000000  .00001000  00000+0  10000-4 0  9990
2 46585  87.9000 306.0000 0011999  90.0000 232.0000 13.10000000000014
ONEWEB-0186
1 46586U 20001A   26236.50000000  .00001000  00000+0  10000-4 0  9991
2 46586  87.9000 309.6000 0011999  90.0000 243.2000 13.10000000000018
ONEWEB-0187
1 46587U 20001A   26236.50000000  .00001000  00000+0  10000-4 0  9992
2 46587  87.9000 313.2000 0011999  90.0000 254.4000 13.10000000000014
ONEWEB-0188
1 46588U 20001A   26236.50000000  .00001000  00000+0  10000-4 0  9993
2 46588  87.9000 316.8000 0011999  90.0000 265.6000 13.10000000000018
ONEWEB-0189
1 46589U 20001A   26236.50000000  .00001000  00000+0  10000-4 0  9994
2 46589  87.9000 320.4000 0011999  90.0000 276.8000 13.10000000000014
ONEWEB-0190
1 46590U 20001A   26236.50000000  .00001000  00000+0  10000-4 0  9996
2 46590  87.9000 324.0000 0011999  90.0000 288.0000 13.10000000000011
ONEWEB-0191
1 46591U 20001A   26236.50000000  .00001000  00000+0  10000-4 0  9997
2 46591  87.9000 327.6000 0011999  90.0000 299.2000 13.10000000000015
ONEWEB-0192
1 46592U 20001A   26236.50000000  .00001000  00000+0  10000-4 0  9998
2 46592  87.9000 331.2000 0011999  90.0000 310.4000 13.10000000000013
ONEWEB-0193
1 46593U 20001A   26236.50000000  .00001000  00000+0  10000-4 0  9999
2 46593  87.9000 334.8000 0011999  90.0000 321.6000 13.10000000000017
ONEWEB-0194
1 46594U 20001A   26236.50000000  .00001000  00000+0  10000-4 0  9990
2 46594  87.9000 338.4000 0011999  90.0000 332.8000 13.10000000000012
ONEWEB-0195
1 46595U 20001A   26236.50000000  .00001000  00000+0  10000-4 0  9991
2 46595  87.9000 342.0000 0011999  90.0000 344.0000 13.10000000000019
ONEWEB-0196
1 46596U 20001A   26236.50000000  .00001000  00000+0  10000-4 0  9992
2 46596  87.9000 345.6000 0011999  90.0000 355.2000 13.10000000000013
ONEWEB-0197
1 46597U 20001A   26236.50000000  .00001000  00000+0  10000-4 0  9993
2 46597  87.9000 349.2000 0011999  90.0000   6.4000 13.10000000000019
ONEWEB-0198
1 46598U 20001A   26236.50000000  .00001000  00000+0  10000-4 0  9994
2 46598  87.9000 352.8000 0011999  90.0000  17.6000 13.10000000000014
ONEWEB-0199
1 46599U 20001A   26236.50000000  .00001000  00000+0  10000-4 0  9995
2 46599  87.9000 356.4000 0011999  90.0000  28.8000 13.10000000000019
ONEWEB-0200
1 46600U 20001A   26236.50000000  .00001000  00000+0  10000-4 0  9998
2 46600  87.9000   0.0000 0011999  90.0000  40.0000 13.10000000000010
ONEWEB-0201
1 46601U 20001A   26236.50000000  .00001000  00000+0  10000-4 0  9999
2 46601  87.9000   3.6000 0011999  90.0000  51.2000 13.10000000000014
ONEWEB-0202
1 46602U 20001A   26236.50000000  .00001000  00000+0  10000-4 0  9990
2 46602  87.9000   7.2000 0011999  90.0000  62.4000 13.10000000000019
ONEWEB-0203
1 46603U 20001A   26236.50000000  .00001000  00000+0  10000-4 0  9991
2 46603  87.9000  10.8000 0011999  90.0000  73.6000 13.10000000000014
ONEWEB-0204
1 46604U 20001A   26236.50000000  .00001000  00000+0  10000-4 0  9992
2 46604  87.9000  14.4000 0011999  90.0000  84.8000 13.10000000000019
ONEWEB-0205
1 46605U 20001A   26236.50000000  .00001000  00000+0  10000-4 0  9993
2 46605  87.9000  18.0000 0011999  90.0000  96.0000 13.10000000000015
ONEWEB-0206
1 46606U 20001A   26236.50000000  .00001000  00000+0  10000-4 0  9994
2 46606  87.9000  21.6000 0011999  90.0000 107.2000 13.10000000000011
ONEWEB-0207
1 46607U 20001A   26236.50000000  .00001000  00000+0  10000-4 0  9995
2 46607  87.9000  25.2000 0011999  90.0000 118.4000 13.10000000000016
ONEWEB-0208
1 46608U 20001A   26236.50000000  .00001000  00000+0  10000-4 0  9996
2 46608  87.9000  28.8000 0011999  90.0000 129.6000 13.10000000000010
ONEWEB-0209
1 46609U 20001A   26236.50000000  .00001000  00000+0  10000-4 0  9997
2 46609  87.9000  32.4000 0011999  90.0000 140.8000 13.10000000000017
ONEWEB-0210
1 46610U 20001A   26236.50000000  .00001000  00000+0  10000-4 0  9999
2 46610  87.9000  36.0000 0011999  90.0000 152.0000 13.10000000000014
ONEWEB-0211
1 46611U 20001A   26236.50000000  .00001000  00000+0  10000-4 0  9990
2 46611  87.9000  39.6000 0011999  90.0000 163.2000 13.10000000000018
ONEWEB-0212
1 46612U 20001A   26236.50000000  .00001000  00000+0  10000-4 0  9991
2 46612  87.9000  43.2000 0011999  90.0000 174.4000 13.10000000000014
ONEWEB-0213
1 46613U 20001A   26236.50000000  .00001000  00000+0  10000-4 0  9992
2 46613  87.9000  46.8000 0011999  90.0000 185.6000 13.10000000000018
ONEWEB-0214
1 46614U 20001A   26236.50000000  .00001000  00000+0  10000-4 0  9993
2 46614  87.9000  50.4000 0011999  90.0000 196.8000 13.10000000000014
ONEWEB-0215
1 46615U 20001A   26236.50000000  .00001000  00000+0  10000-4 0  9994
2 46615  87.9000  54.0000 0011999  90.0000 208.0000 13.10000000000011
ONEWEB-0216
1 46616U 20001A   26236.50000000  .00001000  00000+0  10000-4 0  9995
2 46616  87.9000  57.6000 0011999  90.0000 219.2000 13.10000000000015
ONEWEB-0217
1 46617U 20001A   26236.50000000  .00001000  00000+0  10000-4 0  9996
2 46617  87.9000  61.2000 0011999  90.0000 230.4000 13.10000000000012
ONEWEB-0218
1 46618U 20001A   26236.50000000  .00001000  00000+0  10000-4 0  9997
2 46618  87.9000  64.8000 0011999  90.0000 241.6000 13.10000000000016
ONEWEB-0219
1 46619U 20001A   26236.50000000  .00001000  00000+0  10000-4 0  9998
2 46619  87.9000  68.4000 0011999  90.0000 252.8000 13.10000000000011
ONEWEB-0220
1 46620U 20001A   26236.50000000  .00001000  00000+0  10000-4 0  9990
2 46620  87.9000  72.0000 0011999  90.0000 264.0000 13.10000000000019
ONEWEB-0221
1 46621U 20001A   26236.50000000  .00001000  00000+0  10000-4 0  9991
2 46621  87.9000  75.6000 0011999  90.0000 275.2000 13.10000000000013
ONEWEB-0222
1 46622U 20001A   26236.50000000  .00001000  00000+0  10000-4 0  9992
2 46622  87.9000  79.2000 0011999  90.0000 286.4000 13.10000000000018
ONEWEB-0223
1 46623U 20001A   26236.50000000  .00001000  00000+0  10000-4 0  9993
2 46623  87.9000  82.8000 0011999  90.0000 297.6000 13.10000000000013
ONEWEB-0224
1 46624U 20001A   26236.50000000  .00001000  00000+0  10000-4 0  9994
2 46624  87.9000  86.4000 0011999  90.0000 308.8000 13.10000000000019
ONEWEB-0225
1 46625U 20001A   26236.50000000  .00001000  00000+0  10000-4 0  9995
2 46625  87.9000  90.0000 0011999  90.0000 320.0000 13.10000000000017
ONEWEB-0226
1 46626U 20001A   26236.50000000  .00001000  00000+0  10000-4 0  9996
2 46626  87.9000  93.6000 0011999  90.0000 331.2000 13.10000000000011
ONEWEB-0227
1 46627U 20001A   26236.50000000  .00001000  00000+0  10000-4 0  9997
2 46627  87.9000  97.2000 0011999  90.0000 342.4000 13.10000000000016
ONEWEB-0228
1 46628U 20001A   26236.50000000  .00001000  00000+0  10000-4 0  9998
2 46628  87.9000 100.8000 0011999  90.0000 353.6000 13.10000000000012
ONEWEB-0229
1 46629U 20001A   26236.50000000  .00001000  00000+0  10000-4 0  9999
2 46629  87.9000 104.4000 0011999  90.0000   4.8000 13.10000000000018
ONEWEB-0230
1 46630U 20001A   26236.50000000  .00001000  00000+0  10000-4 0  9991
2 46630  87.9000 108.0000 0011999  90.0000  16.0000 13.10000000000015
ONEWEB-0231
1 46631U 20001A   26236.50000000  .00001000  00000+0  10000-4 0  9992
2 46631  87.9000 111.6000 0011999  90.0000  27.2000 13.10000000000010
ONEWEB-0232
1 46632U 20001A   26236.50000000  .00001000  00000+0  10000-4 0  9993
2 46632  87.9000 115.2000 0011999  90.0000  38.4000 13.10000000000015
ONEWEB-0233
1 46633U 20001A   26236.50000000  .00001000  00000+0  10000-4 0  9994
2 46633  87.9000 118.8000 0011999  90.0000  49.6000 13.10000000000019
ONEWEB-0234
1 46634U 20001A   26236.50000000  .00001000  00000+0  10000-4 0  9995
2 46634  87.9000 122.4000 0011999  90.0000  60.8000 13.10000000000016
ONEWEB-0235
1 46635U 20001A   26236.50000000  .00001000  00000+0  10000-4 0  9996
2 46635  87.9000 126.0000 0011999  90.0000  72.0000 13.10000000000012
ONEWEB-0236
1 46636U 20001A   26236.50000000  .00001000  00000+0  10000-4 0  9997
2 46636  87.9000 129.6000 0011999  90.0000  83.2000 13.10000000000016
ONEWEB-0237
1 46637U 20001A   26236.50000000  .00001000  00000+0  10000-4 0  9998
2 46637  87.9000 133.2000 0011999  90.0000  94.4000 13.10000000000012
ONEWEB-0238
1 46638U 20001A   26236.50000000  .00001000  00000+0  10000-4 0  9999
2 46638  87.9000 136.8000 0011999  90.0000 105.6000 13.10000000000017
ONEWEB-0239
1 46639U 20001A   26236.50000000  .00001000  00000+0  10000-4 0  9990
2 46639  87.9000 140.4000 0011999  90.0000 116.8000 13.10000000000013
ONEWEB-0240
1 46640U 20001A   26236.50000000  .00001000  00000+0  10000-4 0  9992
2 46640  87.9000 144.0000 0011999  90.0000 128.0000 13.10000000000010
ONEWEB-0241
1 46641U 20001A   26236.50000000  .00001000  00000+0  10000-4 0  9993
2 46641  87.9000 147.6000 0011999  90.0000 139.2000 13.10000000000014
ONEWEB-0242
1 46642U 20001A   26236.50000000  .00001000  00000+0  10000-4 0  9994
2 46642  87.9000 151.2000 0011999  90.0000 150.4000 13.10000000000011
ONEWEB-0243
1 46643U 20001A   26236.50000000  .00001000  00000+0  10000-4 0  9995
2 46643  87.9000 154.8000 0011999  90.0000 161.6000 13.10000000000015
ONEWEB-0244
1 46644U 20001A   26236.50000000  .00001000  00000+0  10000-4 0  9996
2 46644  87.9000 158.4000 0011999  90.0000 172.8000 13.10000000000010
ONEWEB-0245
1 46645U 20001A   26236.50000000  .00001000  00000+0  10000-4 0  9997
2 46645  87.9000 162.0000 0011999  90.0000 184.0000 13.10000000000017
ONEWEB-0246
1 46646U 20001A   26236.50000000  .00001000  00000+0  10000-4 0  9998
2 46646  87.9000 165.6000 0011999  90.0000 195.2000 13.10000000000011
ONEWEB-0247
1 46647U 20001A   26236.50000000  .00001000  00000+0  10000-4 0  9999
2 46647  87.9000 169.2000 0011999  90.0000 206.4000 13.10000000000017
ONEWEB-0248
1 46648U 20001A   26236.50000000  .00001000  00000+0  10000-4 0  9990
2 46648  87.9000 172.8000 0011999  90.0000 217.6000 13.10000000000012
ONEWEB-0249
1 46649U 20001A   26236.50000000  .00001000  00000+0  10000-4 0  9991
2 46649  87.9000 176.4000 0011999  90.0000 228.8000 13.10000000000017
ONEWEB-0250
1 46650U 20001A   26236.50000000  .00001000  00000+0  10000-4 0  9993
2 46650  87.9000 180.0000 0011999  90.0000 240.0000 13.10000000000016
ONEWEB-0251
1 46651U 20001A   26236.50000000  .00001000  00000+0  10000-4 0  9994
2 46651  87.9000 183.6000 0011999  90.0000 251.2000 13.10000000000010
ONEWEB-0252
1 46652U 20001A   26236.50000000  .00001000  00000+0  10000-4 0  9995
2 46652  87.9000 187.2000 0011999  90.0000 262.4000 13.10000000000015
ONEWEB-0253
1 46653U 20001A   26236.50000000  .00001000  00000+0  10000-4 0  9996
2 46653  87.9000 190.8000 0011999  90.0000 273.6000 13.10000000000010
ONEWEB-0254
1 46654U 20001A   26236.50000000  .00001000  00000+0  10000-4 0  9997
2 46654  87.9000 194.4000 0011999  90.0000 284.8000 13.10000000000015
ONEWEB-0255
1 46655U 20001A   26236.50000000  .00001000  00000+0  10000-4 0  9998
2 46655  87.9000 198.0000 0011999  90.0000 296.0000 13.10000000000011
ONEWEB-0256
1 46656U 20001A   26236.50000000  .00001000  00000+0  10000-4 0  9999
2 46656  87.9000 201.6000 0011999  90.0000 307.2000 13.10000000000018
ONEWEB-0257
1 46657U 20001A   26236.50000000  .00001000  00000+0  10000-4 0  9990
2 46657  87.9000 205.2000 0011999  90.0000 318.4000 13.10000000000013
ONEWEB-0258
1 46658U 20001A   26236.50000000  .00001000  00000+0  10000-4 0  9991
2 46658  87.9000 208.8000 0011999  90.0000 329.6000 13.10000000000017
ONEWEB-0259
1 46659U 20001A   26236.50000000  .00001000  00000+0  10000-4 0  9992
2 46659  87.9000 212.4000 0011999  90.0000 340.8000 13.10000000000014
ONEWEB-0260
1 46660U 20001A   26236.50000000  .00001000  00000+0  10000-4 0  9994
2 46660  87.9000 216.0000 0011999  90.0000 352.0000 13.10000000000011
ONEWEB-0261
1 46661U 20001A   26236.50000000  .00001000  00000+0  10000-4 0  9995
2 46661  87.9000 219.6000 0011999  90.0000   3.2000 13.10000000000016
ONEWEB-0262
1 46662U 20001A   26236.50000000  .00001000  00000+0  10000-4 0  9996
2 46662  87.9000 223.2000 0011999  90.0000  14.4000 13.10000000000012
ONEWEB-0263
1 46663U 20001A   26236.50000000  .00001000  00000+0  10000-4 0  9997
2 46663  87.9000 226.8000 0011999  90.0000  25.6000 13.10000000000016
ONEWEB-0264
1 46664U 20001A   26236.50000000  .00001000  00000+0  10000-4 0  9998
2 46664  87.9000 230.4000 0011999  90.0000  36.8000 13.10000000000012
ONEWEB-0265
1 46665U 20001A   26236.50000000  .00001000  00000+0  10000-4 0  9999
2 46665  87.9000 234.0000 0011999  90.0000  48.0000 13.10000000000018
ONEWEB-0266
1 46666U 20001A   26236.50000000  .00001000  00000+0  10000-4 0  9990
2 46666  87.9000 237.6000 0011999  90.0000  59.2000 13.10000000000012
ONEWEB-0267
1 46667U 20001A   26236.50000000  .00001000  00000+0  10000-4 0  9991
2 46667  87.9000 241.2000 0011999  90.0000  70.4000 13.10000000000019
ONEWEB-0268
1 46668U 20001A   26236.50000000  .00001000  00000+0  10000-4 0  9992
2 46668  87.9000 244.8000 0011999  90.0000  81.6000 13.10000000000013
ONEWEB-0269
1 46669U 20001A   26236.50000000  .00001000  00000+0  10000-4 0  9993
2 46669  87.9000 248.4000 0011999  90.0000  92.8000 13.10000000000018
ONEWEB-0270
1 46670U 20001A   26236.50000000  .00001000  00000+0  10000-4 0  9995
2 46670  87.9000 252.0000 0011999  90.0000 104.0000 13.10000000000017
ONEWEB-0271
1 46671U 20001A   26236.50000000  .00001000  00000+0  10000-4 0  9996
2 46671  87.9000 255.6000 0011999  90.0000 115.2000 13.10000000000011
ONEWEB-0272
1 46672U 20001A   26236.50000000  .00001000  00000+0  10000-4 0  9997
2 46672  87.9000 259.2000 0011999  90.0000 126.4000 13.10000000000016
ONEWEB-0273
1 46673U 20001A   26236.50000000  .00001000  00000+0  10000-4 0  9998
2 46673  87.9000 262.8000 0011999  90.0000 137.6000 13.10000000000011
ONEWEB-0274
1 46674U 20001A   26236.50000000  .00001000  00000+0  10000-4 0  9999
2 46674  87.9000 266.4000 0011999  90.0000 148.8000 13.10000000000016
ONEWEB-0275
1 46675U 20001A   26236.50000000  .00001000  00000+0  10000-4 0  9990
2 46675  87.9000 270.0000 0011999  90.0000 160.0000 13.10000000000014
ONEWEB-0276
1 46676U 20001A   26236.50000000  .00001000  00000+0  10000-4 0  9991
2 46676  87.9000 273.6000 0011999  90.0000 171.2000 13.10000000000018
ONEWEB-0277
1 46677U 20001A   26236.50000000  .00001000  00000+0  10000-4 0  9992
2 46677  87.9000 277.2000 0011999  90.0000 182.4000 13.10000000000013
ONEWEB-0278
1 46678U 20001A   26236.50000000  .00001000  00000+0  10000-4 0  9993
2 46678  87.9000 280.8000 0011999  90.0000 193.6000 13.10000000000018
ONEWEB-0279
1 46679U 20001A   26236.50000000  .00001000  00000+0  10000-4 0  9994
2 46679  87.9000 284.4000 0011999  90.0000 204.8000 13.10000000000014
ONEWEB-0280
1 46680U 20001A   26236.50000000  .00001000  00000+0  10000-4 0  9996
2 46680  87.9000 288.0000 0011999  90.0000 216.0000 13.10000000000011
ONEWEB-0281
1 46681U 20001A   26236.50000000  .00001000  00000+0  10000-4 0  9997
2 46681  87.9000 291.6000 0011999  90.0000 227.2000 13.10000000000016
ONEWEB-0282
1 46682U 20001A   26236.50000000  .00001000  00000+0  10000-4 0  9998
2 46682  87.9000 295.2000 0011999  90.0000 238.4000 13.10000000000011
ONEWEB-0283
1 46683U 20001A   26236.50000000  .00001000  00000+0  10000-4 0  9999
2 46683  87.9000 298.8000 0011999  90.0000 249.6000 13.10000000000015
ONEWEB-0284
1 46684U 20001A   26236.50000000  .00001000  00000+0  10000-4 0  9990
2 46684  87.9000 302.4000 0011999  90.0000 260.8000 13.10000000000013
ONEWEB-0285
1 46685U 20001A   26236.50000000  .00001000  00000+0  10000-4 0  9991
2 46685  87.9000 306.0000 0011999  90.0000 272.0000 13.10000000000019
ONEWEB-0286
1 46686U 20001A   26236.50000000  .00001000  00000+0  10000-4 0  9992
2 46686  87.9000 309.6000 0011999  90.0000 283.2000 13.10000000000013
ONEWEB-0287
1 46687U 20001A   26236.50000000  .00001000  00000+0  10000-4 0  9993
2 46687  87.9000 313.2000 0011999  90.0000 294.4000 13.10000000000019
ONEWEB-0288
1 46688U 20001A   26236.50000000  .00001000  00000+0  10000-4 0  9994
2 46688  87.9000 316.8000 0011999  90.0000 305.6000 13.10000000000014
ONEWEB-0289
1 46689U 20001A   26236.50000000  .00001000  00000+0  10000-4 0  9995
2 46689  87.9000 320.4000 0011999  90.0000 316.8000 13.10000000000010
ONEWEB-0290
1 46690U 20001A   26236.50000000  .00001000  00000+0  10000-4 0  9997
2 46690  87.9000 324.0000 0011999  90.0000 328.0000 13.10000000000017
ONEWEB-0291
1 46691U 20001A   26236.50000000  .00001000  00000+0  10000-4 0  9998
2 46691  87.9000 327.6000 0011999  90.0000 339.2000 13.10000000000011
ONEWEB-0292
1 46692U 20001A   26236.50000000  .00001000  00000+0  10000-4 0  9999
2 46692  87.9000 331.2000 0011999  90.0000 350.4000 13.10000000000018
ONEWEB-0293
1 46693U 20001A   26236.50000000  .00001000  00000+0  10000-4 0  9990
2 46693  87.9000 334.8000 0011999  90.0000   1.6000 13.10000000000013
ONEWEB-0294
1 46694U 20001A   26236.50000000  .00001000  00000+0  10000-4 0  9991
2 46694  87.9000 338.4000 0011999  90.0000  12.8000 13.10000000000018
ONEWEB-0295
1 46695U 20001A   26236.50000000  .00001000  00000+0  10000-4 0  9992
2 46695  87.9000 342.0000 0011999  90.0000  24.0000 13.10000000000015
ONEWEB-0296
1 46696U 20001A   26236.50000000  .00001000  00000+0  10000-4 0  9993
2 46696  87.9000 345.6000 0011999  90.0000  35.2000 13.10000000000019
ONEWEB-0297
1 46697U 20001A   26236.50000000  .00001000  00000+0  10000-4 0  9994
2 46697  87.9000 349.2000 0011999  90.0000  46.4000 13.10000000000014
ONEWEB-0298
1 46698U 20001A   26236.50000000  .00001000  00000+0  10000-4 0  9995
2 46698  87.9000 352.8000 0011999  90.0000  57.6000 13.10000000000019
ONEWEB-0299
1 46699U 20001A   26236.50000000  .00001000  00000+0  10000-4 0  9996
2 46699  87.9000 356.4000 0011999  90.0000  68.8000 13.10000000000014
ONEWEB-0300
1 46700U 20001A   26236.50000000  .00001000  00000+0  10000-4 0  9999
2 46700  87.9000   0.0000 0011999  90.0000  80.0000 13.10000000000015
ONEWEB-0301
1 46701U 20001A   26236.50000000  .00001000  00000+0  10000-4 0  9990
2 46701  87.9000   3.6000 0011999  90.0000  91.2000 13.10000000000019
ONEWEB-0302
1 46702U 20001A   26236.50000000  .00001000  00000+0  10000-4 0  9991
2 46702  87.9000   7.2000 0011999  90.0000 102.4000 13.10000000000015
ONEWEB-0303
1 46703U 20001A   26236.50000000  .00001000  00000+0  10000-4 0  9992
2 46703  87.9000  10.8000 0011999  90.0000 113.6000 13.10000000000010
ONEWEB-0304
1 46704U 20001A   26236.50000000  .00001000  00000+0  10000-4 0  9993
2 46704  87.9000  14.4000 0011999  90.0000 124.8000 13.10000000000015
ONEWEB-0305
1 46705U 20001A   26236.50000000  .00001000  00000+0  10000-4 0  9994
2 46705  87.9000  18.0000 0011999  90.0000 136.0000 13.10000000000011
ONEWEB-0306
1 46706U 20001A   26236.50000000  .00001000  00000+0  10000-4 0  9995
2 46706  87.9000  21.6000 0011999  90.0000 147.2000 13.10000000000016
ONEWEB-0307
1 46707U 20001A   26236.50000000  .00001000  00000+0  10000-4 0  9996
2 46707  87.9000  25.2000 0011999  90.0000 158.4000 13.10000000000011
ONEWEB-0308
1 46708U 20001A   26236.50000000  .00001000  00000+0  10000-4 0  9997
2 46708  87.9000  28.8000 0011999  90.0000 169.6000 13.10000000000015
ONEWEB-0309
1 46709U 20001A   26236.50000000  .00001000  00000+0  10000-4 0  9998
2 46709  87.9000  32.4000 0011999  90.0000 180.8000 13.10000000000012
ONEWEB-0310
1 46710U 20001A   26236.50000000  .00001000  00000+0  10000-4 0  9990
2 46710  87.9000  36.0000 0011999  90.0000 192.0000 13.10000000000019
ONEWEB-0311
1 46711U 20001A   26236.50000000  .00001000  00000+0  10000-4 0  9991
2 46711  87.9000  39.6000 0011999  90.0000 203.2000 13.10000000000014
ONEWEB-0312
1 46712U 20001A   26236.50000000  .00001000  00000+0  10000-4 0  9992
2 46712  87.9000  43.2000 0011999  90.0000 214.4000 13.10000000000010
ONEWEB-0313
1 46713U 20001A   26236.50000000  .00001000  00000+0  10000-4 0  9993
2 46713  87.9000  46.8000 0011999  90.0000 225.6000 13.10000000000014
ONEWEB-0314
1 46714U 20001A   26236.50000000  .00001000  00000+0  10000-4 0  9994
2 46714  87.9000  50.4000 0011999  90.0000 236.8000 13.10000000000010
ONEWEB-0315
1 46715U 20001A   26236.50000000  .00001000  00000+0  10000-4 0  9995
2 46715  87.9000  54.0000 0011999  90.0000 248.0000 13.10000000000016
ONEWEB-0316
1 46716U 20001A   26236.50000000  .00001000  00000+0  10000-4 0  9996
2 46716  87.9000  57.6000 0011999  90.0000 259.2000 13.10000000000010
ONEWEB-0317
1 46717U 20001A   26236.50000000  .00001000  00000+0  10000-4 0  9997
2 46717  87.9000  61.2000 0011999  90.0000 270.4000 13.10000000000017
ONEWEB-0318
1 46718U 20001A   26236.50000000  .00001000  00000+0  10000-4 0  9998
2 46718  87.9000  64.8000 0011999  90.0000 281.6000 13.10000000000011
ONEWEB-0319
1 46719U 20001A   26236.50000000  .00001000  00000+0  10000-4 0  9999
2 46719  87.9000  68.4000 0011999  90.0000 292.8000 13.10000000000016
ONEWEB-0320
1 46720U 20001A   26236.50000000  .00001000  00000+0  10000-4 0  9991
2 46720  87.9000  72.0000 0011999  90.0000 304.0000 13.10000000000015
ONEWEB-0321
1 46721U 20001A   26236.50000000  .00001000  00000+0  10000-4 0  9992
2 46721  87.9000  75.6000 0011999  90.0000 315.2000 13.10000000000019
ONEWEB-0322
1 46722U 20001A   26236.50000000  .00001000  00000+0  10000-4 0  9993
2 46722  87.9000  79.2000 0011999  90.0000 326.4000 13.10000000000014
ONEWEB-0323
1 46723U 20001A   26236.50000000  .00001000  00000+0  10000-4 0  9994
2 46723  87.9000  82.8000 0011999  90.0000 337.6000 13.10000000000019
ONEWEB-0324
1 46724U 20001A   26236.50000000  .00001000  00000+0  10000-4 0  9995
2 46724  87.9000  86.4000 0011999  90.0000 348.8000 13.10000000000014
ONEWEB-0325
1 46725U 20001A   26236.50000000  .00001000  00000+0  10000-4 0  9996
2 46725  87.9000  90.0000 0011999  90.0000   0.0000 13.10000000000013
ONEWEB-0326
1 46726U 20001A   26236.50000000  .00001000  00000+0  10000-4 0  9997
2 46726  87.9000  93.6000 0011999  90.0000  11.2000 13.10000000000017
ONEWEB-0327
1 46727U 20001A   26236.50000000  .00001000  00000+0  10000-4 0  9998
2 46727  87.9000  97.2000 0011999  90.0000  22.4000 13.10000000000012
ONEWEB-0328
1 46728U 20001A   26236.50000000  .00001000  00000+0  10000-4 0  9999
2 46728  87.9000 100.8000 0011999  90.0000  33.6000 13.10000000000018
ONEWEB-0329
1 46729U 20001A   26236.50000000  .00001000  00000+0  10000-4 0  9990
2 46729  87.9000 104.4000 0011999  90.0000  44.8000 13.10000000000013
ONEWEB-0330
1 46730U 20001A   26236.50000000  .00001000  00000+0  10000-4 0  9992
2 46730  87.9000 108.0000 0011999  90.0000  56.0000 13.10000000000010
ONEWEB-0331
1 46731U 20001A   26236.50000000  .00001000  00000+0  10000-4 0  9993
2 46731  87.9000 111.6000 0011999  90.0000  67.2000 13.10000000000015
ONEWEB-0332
1 46732U 20001A   26236.50000000  .00001000  00000+0  10000-4 0  9994
2 46732  87.9000 115.2000 0011999  90.0000  78.4000 13.10000000000010
ONEWEB-0333
1 46733U 20001A   26236.50000000  .00001000  00000+0  10000-4 0  9995
2 46733  87.9000 118.8000 0011999  90.0000  89.6000 13.10000000000014
ONEWEB-0334
1 46734U 20001A   26236.50000000  .00001000  00000+0  10000-4 0  9996
2 46734  87.9000 122.4000 0011999  90.0000 100.8000 13.10000000000012
ONEWEB-0335
1 46735U 20001A   26236.50000000  .00001000  00000+0  10000-4 0  9997
2 46735  87.9000 126.0000 0011999  90.0000 112.0000 13.10000000000018
ONEWEB-0336
1 46736U 20001A   26236.50000000  .00001000  00000+0  10000-4 0  9998
2 46736  87.9000 129.6000 0011999  90.0000 123.2000 13.10000000000012
ONEWEB-0337
1 46737U 20001A   26236.50000000  .00001000  00000+0  10000-4 0  9999
2 46737  87.9000 133.2000 0011999  90.0000 134.4000 13.10000000000018
ONEWEB-0338
1 46738U 20001A   26236.50000000  .00001000  00000+0  10000-4 0  9990
2 46738  87.9000 136.8000 0011999  90.0000 145.6000 13.10000000000012
ONEWEB-0339
1 46739U 20001A   26236.50000000  .00001000  00000+0  10000-4 0  9991
2 46739  87.9000 140.4000 0011999  90.0000 156.8000 13.10000000000018
ONEWEB-0340
1 46740U 20001A   26236.50000000  .00001000  00000+0  10000-4 0  9993
2 46740  87.9000 144.0000 0011999  90.0000 168.0000 13.10000000000015
ONEWEB-0341
1 46741U 20001A   26236.50000000  .00001000  00000+0  10000-4 0  9994
2 46741  87.9000 147.6000 0011999  90.0000 179.2000 13.10000000000019
ONEWEB-0342
1 46742U 20001A   26236.50000000  .00001000  00000+0  10000-4 0  9995
2 46742  87.9000 151.2000 0011999  90.0000 190.4000 13.10000000000016
ONEWEB-0343
1 46743U 20001A   26236.50000000  .00001000  00000+0  10000-4 0  9996
2 46743  87.9000 154.8000 0011999  90.0000 201.6000 13.10000000000011
ONEWEB-0344
1 46744U 20001A   26236.50000000  .00001000  00000+0  10000-4 0  9997
2 46744  87.9000 158.4000 0011999  90.0000 212.8000 13.10000000000016
ONEWEB-0345
1 46745U 20001A   26236.50000000  .00001000  00000+0  10000-4 0  9998
2 46745  87.9000 162.0000 0011999  90.0000 224.0000 13.10000000000013
ONEWEB-0346
1 46746U 20001A   26236.50000000  .00001000  00000+0  10000-4 0  9999
2 46746  87.9000 165.6000 0011999  90.0000 235.2000 13.10000000000017
ONEWEB-0347
1 46747U 20001A   26236.50000000  .00001000  00000+0  10000-4 0  9990
2 46747  87.9000 169.2000 0011999  90.0000 246.4000 13.10000000000012
ONEWEB-0348
1 46748U 20001A   26236.50000000  .00001000  00000+0  10000-4 0  9991
2 46748  87.9000 172.8000 0011999  90.0000 257.6000 13.10000000000017
ONEWEB-0349
1 46749U 20001A   26236.50000000  .00001000  00000+0  10000-4 0  9992
2 46749  87.9000 176.4000 0011999  90.0000 268.8000 13.10000000000012
ONEWEB-0350
1 46750U 20001A   26236.50000000  .00001000  00000+0  10000-4 0  9994
2 46750  87.9000 180.0000 0011999  90.0000 280.0000 13.10000000000011
ONEWEB-0351
1 46751U 20001A   26236.50000000  .00001000  00000+0  10000-4 0  9995
2 46751  87.9000 183.6000 0011999  90.0000 291.2000 13.10000000000015
ONEWEB-0352
1 46752U 20001A   26236.50000000  .00001000  00000+0  10000-4 0  9996
2 46752  87.9000 187.2000 0011999  90.0000 302.4000 13.10000000000011
ONEWEB-0353
1 46753U 20001A   26236.50000000  .00001000  00000+0  10000-4 0  9997
2 46753  87.9000 190.8000 0011999  90.0000 313.6000 13.10000000000016
ONEWEB-0354
1 46754U 20001A   26236.50000000  .00001000  00000+0  10000-4 0  9998
2 46754  87.9000 194.4000 0011999  90.0000 324.8000 13.10000000000011
ONEWEB-0355
1 46755U 20001A   26236.50000000  .00001000  00000+0  10000-4 0  9999
2 46755  87.9000 198.0000 0011999  90.0000 336.0000 13.10000000000017
ONEWEB-0356
1 46756U 20001A   26236.50000000  .00001000  00000+0  10000-4 0  9990
2 46756  87.9000 201.6000 0011999  90.0000 347.2000 13.10000000000013
ONEWEB-0357
1 46757U 20001A   26236.50000000  .00001000  00000+0  10000-4 0  9991
2 46757  87.9000 205.2000 0011999  90.0000 358.4000 13.10000000000018
ONEWEB-0358
1 46758U 20001A   26236.50000000  .00001000  00000+0  10000-4 0  9992
2 46758  87.9000 208.8000 0011999  90.0000   9.6000 13.10000000000013
ONEWEB-0359
1 46759U 20001A   26236.50000000  .00001000  00000+0  10000-4 0  9993
2 46759  87.9000 212.4000 0011999  90.0000  20.8000 13.10000000000010
ONEWEB-0360
1 46760U 20001A   26236.50000000  .00001000  00000+0  10000-4 0  9995
2 46760  87.9000 216.0000 0011999  90.0000  32.0000 13.10000000000017
ONEWEB-0361
1 46761U 20001A   26236.50000000  .00001000  00000+0  10000-4 0  9996
2 46761  87.9000 219.6000 0011999  90.0000  43.2000 13.10000000000011
ONEWEB-0362
1 46762U 20001A   26236.50000000  .00001000  00000+0  10000-4 0  9997
2 46762  87.9000 223.2000 0011999  90.0000  54.4000 13.10000000000017
ONEWEB-0363
1 46763U 20001A   26236.50000000  .00001000  00000+0  10000-4 0  9998
2 46763  87.9000 226.8000 0011999  90.0000  65.6000 13.10000000000011
ONEWEB-0364
1 46764U 20001A   26236.50000000  .00001000  00000+0  10000-4 0  9999
2 46764  87.9000 230.4000 0011999  90.0000  76.8000 13.10000000000017
ONEWEB-0365
1 46765U 20001A   26236.50000000  .00001000  00000+0  10000-4 0  9990
2 46765  87.9000 234.0000 0011999  90.0000  88.0000 13.10000000000013
ONEWEB-0366
1 46766U 20001A   26236.50000000  .00001000  00000+0  10000-4 0  9991
2 46766  87.9000 237.6000 0011999  90.0000  99.2000 13.10000000000017
ONEWEB-0367
1 46767U 20001A   26236.50000000  .00001000  00000+0  10000-4 0  9992
2 46767  87.9000 241.2000 0011999  90.0000 110.4000 13.10000000000015
ONEWEB-0368
1 46768U 20001A   26236.50000000  .00001000  00000+0  10000-4 0  9993
2 46768  87.9000 244.8000 0011999  90.0000 121.6000 13.10000000000019
ONEWEB-0369
1 46769U 20001A   26236.50000000  .00001000  00000+0  10000-4 0  9994
2 46769  87.9000 248.4000 0011999  90.0000 132.8000 13.10000000000014
ONEWEB-0370
1 46770U 20001A   26236.50000000  .00001000  00000+0  10000-4 0  9996
2 46770  87.9000 252.0000 0011999  90.0000 144.0000 13.10000000000012
ONEWEB-0371
1 46771U 20001A   26236.50000000  .00001000  00000+0  10000-4 0  9997
2 46771  87.9000 255.6000 0011999  90.0000 155.2000 13.10000000000016
ONEWEB-0372
1 46772U 20001A   26236.50000000  .00001000  00000+0  10000-4 0  9998
2 46772  87.9000 259.2000 0011999  90.0000 166.4000 13.10000000000011
ONEWEB-0373
1 46773U 20001A   26236.50000000  .00001000  00000+0  10000-4 0  9999
2 46773  87.9000 262.8000 0011999  90.0000 177.6000 13.10000000000016
ONEWEB-0374
1 46774U 20001A   26236.50000000  .00001000  00000+0  10000-4 0  9990
2 46774  87.9000 266.4000 0011999  90.0000 188.8000 13.10000000000011
ONEWEB-0375
1 46775U 20001A   26236.50000000  .00001000  00000+0  10000-4 0  9991
2 46775  87.9000 270.0000 0011999  90.0000 200.0000 13.10000000000010
ONEWEB-0376
1 46776U 20001A   26236.50000000  .00001000  00000+0  10000-4 0  9992
2 46776  87.9000 273.6000 0011999  90.0000 211.2000 13.10000000000014
ONEWEB-0377
1 46777U 20001A   26236.50000000  .00001000  00000+0  10000-4 0  9993
2 46777  87.9000 277.2000 0011999  90.0000 222.4000 13.10000000000019
ONEWEB-0378
1 46778U 20001A   26236.50000000  .00001000  00000+0  10000-4 0  9994
2 46778  87.9000 280.8000 0011999  90.0000 233.6000 13.10000000000014
ONEWEB-0379
1 46779U 20001A   26236.50000000  .00001000  00000+0  10000-4 0  9995
2 46779  87.9000 284.4000 0011999  90.0000 244.8000 13.10000000000019
ONEWEB-0380
1 46780U 20001A   26236.50000000  .00001000  00000+0  10000-4 0  9997
2 46780  87.9000 288.0000 0011999  90.0000 256.0000 13.10000000000016
ONEWEB-0381
1 46781U 20001A   26236.50000000  .00001000  00000+0  10000-4 0  9998
2 46781  87.9000 291.6000 0011999  90.0000 267.2000 13.10000000000011
ONEWEB-0382
1 46782U 20001A   26236.50000000  .00001000  00000+0  10000-4 0  9999
2 46782  87.9000 295.2000 0011999  90.0000 278.4000 13.10000000000016
ONEWEB-0383
1 46783U 20001A   26236.50000000  .00001000  00000+0  10000-4 0  9990
2 46783  87.9000 298.8000 0011999  90.0000 289.6000 13.10000000000010
ONEWEB-0384
1 46784U 20001A   26236.50000000  .00001000  00000+0  10000-4 0  9991
2 46784  87.9000 302.4000 0011999  90.0000 300.8000 13.10000000000019
ONEWEB-0385
1 46785U 20001A   26236.50000000  .00001000  00000+0  10000-4 0  9992
2 46785  87.9000 306.0000 0011999  90.0000 312.0000 13.10000000000015
ONEWEB-0386
1 46786U 20001A   26236.50000000  .00001000  00000+0  10000-4 0  9993
2 46786  87.9000 309.6000 0011999  90.0000 323.2000 13.10000000000019
ONEWEB-0387
1 46787U 20001A   26236.50000000  .00001000  00000+0  10000-4 0  9994
2 46787  87.9000 313.2000 0011999  90.0000 334.4000 13.10000000000015
ONEWEB-0388
1 46788U 20001A   26236.50000000  .00001000  00000+0  10000-4 0  9995
2 46788  87.9000 316.8000 0011999  90.0000 345.6000 13.10000000000019
ONEWEB-0389
1 46789U 20001A   26236.50000000  .00001000  00000+0  10000-4 0  9996
2 46789  87.9000 320.4000 0011999  90.0000 356.8000 13.10000000000015
ONEWEB-0390
1 46790U 20001A   26236.50000000  .00001000  00000+0  10000-4 0  9998
2 46790  87.9000 324.0000 0011999  90.0000   8.0000 13.10000000000013
ONEWEB-0391
1 46791U 20001A   26236.50000000  .00001000  00000+0  10000-4 0  9999
2 46791  87.9000 327.6000 0011999  90.0000  19.2000 13.10000000000017
ONEWEB-0392
1 46792U 20001A   26236.50000000  .00001000  00000+0  10000-4 0  9990
2 46792  87.9000 331.2000 0011999  90.0000  30.4000 13.10000000000014
ONEWEB-0393
1 46793U 20001A   26236.50000000  .00001000  00000+0  10000-4 0  9991
2 46793  87.9000 334.8000 0011999  90.0000  41.6000 13.10000000000018
ONEWEB-0394
1 46794U 20001A   26236.50000000  .00001000  00000+0  10000-4 0  9992
2 46794  87.9000 338.4000 0011999  90.0000  52.8000 13.10000000000013
ONEWEB-0395
1 46795U 20001A   26236.50000000  .00001000  00000+0  10000-4 0  9993
2 46795  87.9000 342.0000 0011999  90.0000  64.0000 13.10000000000010
ONEWEB-0396
1 46796U 20001A   26236.50000000  .00001000  00000+0  10000-4 0  9994
2 46796  87.9000 345.6000 0011999  90.0000  75.2000 13.10000000000014
ONEWEB-0397
1 46797U 20001A   26236.50000000  .00001000  00000+0  10000-4 0  9995
2 46797  87.9000 349.2000 0011999  90.0000  86.4000 13.10000000000019
ONEWEB-0398
1 46798U 20001A   26236.50000000  .00001000  00000+0  10000-4 0  9996
2 46798  87.9000 352.8000 0011999  90.0000  97.6000 13.10000000000014
ONEWEB-0399
1 46799U 20001A   26236.50000000  .00001000  00000+0  10000-4 0  9997
2 46799  87.9000 356.4000 0011999  90.0000 108.8000 13.10000000000010
ONEWEB-0400
1 46800U 20001A   26236.50000000  .00001000  00000+0  10000-4 0  9990
2 46800  87.9000   0.0000 0011999  90.0000 120.0000 13.10000000000011
ONEWEB-0401
1 46801U 20001A   26236.50000000  .00001000  00000+0  10000-4 0  9991
2 46801  87.9000   3.6000 0011999  90.0000 131.2000 13.10000000000015
ONEWEB-0402
1 46802U 20001A   26236.50000000  .00001000  00000+0  10000-4 0  9992
2 46802  87.9000   7.2000 0011999  90.0000 142.4000 13.10000000000010
ONEWEB-0403
1 46803U 20001A   26236.50000000  .00001000  00000+0  10000-4 0  9993
2 46803  87.9000  10.8000 0011999  90.0000 153.6000 13.10000000000015
ONEWEB-0404
1 46804U 20001A   26236.50000000  .00001000  00000+0  10000-4 0  9994
2 46804  87.9000  14.4000 0011999  90.0000 164.8000 13.10000000000010
ONEWEB-0405
1 46805U 20001A   26236.50000000  .00001000  00000+0  10000-4 0  9995
2 46805  87.9000  18.0000 0011999  90.0000 176.0000 13.10000000000016
ONEWEB-0406
1 46806U 20001A   26236.50000000  .00001000  00000+0  10000-4 0  9996
2 46806  87.9000  21.6000 0011999  90.0000 187.2000 13.10000000000011
ONEWEB-0407
1 46807U 20001A   26236.50000000  .00001000  00000+0  10000-4 0  9997
2 46807  87.9000  25.2000 0011999  90.0000 198.4000 13.10000000000016
ONEWEB-0408
1 46808U 20001A   26236.50000000  .00001000  00000+0  10000-4 0  9998
2 46808  87.9000  28.8000 0011999  90.0000 209.6000 13.10000000000011
ONEWEB-0409
1 46809U 20001A   26236.50000000  .00001000  00000+0  10000-4 0  9999
2 46809  87.9000  32.4000 0011999  90.0000 220.8000 13.10000000000018
ONEWEB-0410
1 46810U 20001A   26236.50000000  .00001000  00000+0  10000-4 0  9991
2 46810  87.9000  36.0000 0011999  90.0000 232.0000 13.10000000000015
ONEWEB-0411
1 46811U 20001A   26236.50000000  .00001000  00000+0  10000-4 0  9992
2 46811  87.9000  39.6000 0011999  90.0000 243.2000 13.10000000000019
ONEWEB-0412
1 46812U 20001A   26236.50000000  .00001000  00000+0  10000-4 0  9993
2 46812  87.9000  43.2000 0011999  90.0000 254.4000 13.10000000000015
ONEWEB-0413
1 46813U 20001A   26236.50000000  .00001000  00000+0  10000-4 0  9994
2 46813  87.9000  46.8000 0011999  90.0000 265.6000 13.10000000000019
ONEWEB-0414
1 46814U 20001A   26236.50000000  .00001000  00000+0  10000-4 0  9995
2 46814  87.9000  50.4000 0011999  90.0000 276.8000 13.10000000000015
ONEWEB-0415
1 46815U 20001A   26236.50000000  .00001000  00000+0  10000-4 0  9996
2 46815  87.9000  54.0000 0011999  90.0000 288.0000 13.10000000000011
ONEWEB-0416
1 46816U 20001A   26236.50000000  .00001000  00000+0  10000-4 0  9997
2 46816  87.9000  57.6000 0011999  90.0000 299.2000 13.10000000000015
ONEWEB-0417
1 46817U 20001A   26236.50000000  .00001000  00000+0  10000-4 0  9998
2 46817  87.9000  61.2000 0011999  90.0000 310.4000 13.10000000000013
ONEWEB-0418
1 46818U 20001A   26236.50000000  .00001000  00000+0  10000-4 0  9999
2 46818  87.9000  64.8000 0011999  90.0000 321.6000 13.10000000000017
ONEWEB-0419
1 46819U 20001A   26236.50000000  .00001000  00000+0  10000-4 0  9990
2 46819  87.9000  68.4000 0011999  90.0000 332.8000 13.10000000000012
ONEWEB-0420
1 46820U 20001A   26236.50000000  .00001000  00000+0  10000-4 0  9992
2 46820  87.9000  72.0000 0011999  90.0000 344.0000 13.10000000000010
ONEWEB-0421
1 46821U 20001A   26236.50000000  .00001000  00000+0  10000-4 0  9993
2 46821  87.9000  75.6000 0011999  90.0000 355.2000 13.10000000000014
ONEWEB-0422
1 46822U 20001A   26236.50000000  .00001000  00000+0  10000-4 0  9994
2 46822  87.9000  79.2000 0011999  90.0000   6.4000 13.10000000000010
ONEWEB-0423
1 46823U 20001A   26236.50000000  .00001000  00000+0  10000-4 0  9995
2 46823  87.9000  82.8000 0011999  90.0000  17.6000 13.10000000000015
ONEWEB-0424
1 46824U 20001A   26236.50000000  .00001000  00000+0  10000-4 0  9996
2 46824  87.9000  86.4000 0011999  90.0000  28.8000 13.10000000000010
ONEWEB-0425
1 46825U 20001A   26236.50000000  .00001000  00000+0  10000-4 0  9997
2 46825  87.9000  90.0000 0011999  90.0000  40.0000 13.10000000000018
ONEWEB-0426
1 46826U 20001A   26236.50000000  .00001000  00000+0  10000-4 0  9998
2 46826  87.9000  93.6000 0011999  90.0000  51.2000 13.10000000000012
ONEWEB-0427
1 46827U 20001A   26236.50000000  .00001000  00000+0  10000-4 0  9999
2 46827  87.9000  97.2000 0011999  90.0000  62.4000 13.10000000000017
ONEWEB-0428
1 46828U 20001A   26236.50000000  .00001000  00000+0  10000-4 0  9990
2 46828  87.9000 100.8000 0011999  90.0000  73.6000 13.10000000000013
ONEWEB-0429
1 46829U 20001A   26236.50000000  .00001000  00000+0  10000-4 0  9991
2 46829  87.9000 104.4000 0011999  90.0000  84.8000 13.10000000000018
ONEWEB-0430
1 46830U 20001A   26236.50000000  .00001000  00000+0  10000-4 0  9993
2 46830  87.9000 108.0000 0011999  90.0000  96.0000 13.10000000000015
ONEWEB-0431
1 46831U 20001A   26236.50000000  .00001000  00000+0  10000-4 0  9994
2 46831  87.9000 111.6000 0011999  90.0000 107.2000 13.10000000000011
ONEWEB-0432
1 46832U 20001A   26236.50000000  .00001000  00000+0  10000-4 0  9995
2 46832  87.9000 115.2000 0011999  90.0000 118.4000 13.10000000000016
ONEWEB-0433
1 46833U 20001A   26236.50000000  .00001000  00000+0  10000-4 0  9996
2 46833  87.9000 118.8000 0011999  90.0000 129.6000 13.10000000000010
ONEWEB-0434
1 46834U 20001A   26236.50000000  .00001000  00000+0  10000-4 0  9997
2 46834  87.9000 122.4000 0011999  90.0000 140.8000 13.10000000000017
ONEWEB-0435
1 46835U 20001A   26236.50000000  .00001000  00000+0  10000-4 0  9998
2 46835  87.9000 126.0000 0011999  90.0000 152.0000 13.10000000000013
ONEWEB-0436
1 46836U 20001A   26236.50000000  .00001000  00000+0  10000-4 0  9999
2 46836  87.9000 129.6000 0011999  90.0000 163.2000 13.10000000000017
ONEWEB-0437
1 46837U 20001A   26236.50000000  .00001000  00000+0  10000-4 0  9990
2 46837  87.9000 133.2000 0011999  90.0000 174.4000 13.10000000000013
ONEWEB-0438
1 46838U 20001A   26236.50000000  .00001000  00000+0  10000-4 0  9991
2 46838  87.9000 136.8000 0011999  90.0000 185.6000 13.10000000000017
ONEWEB-0439
1 46839U 20001A   26236.50000000  .00001000  00000+0  10000-4 0  9992
2 46839  87.9000 140.4000 0011999  90.0000 196.8000 13.10000000000013
ONEWEB-0440
1 46840U 20001A   26236.50000000  .00001000  00000+0  10000-4 0  9994
2 46840  87.9000 144.0000 0011999  90.0000 208.0000 13.10000000000011
ONEWEB-0441
1 46841U 20001A   26236.50000000  .00001000  00000+0  10000-4 0  9995
2 46841  87.9000 147.6000 0011999  90.0000 219.2000 13.10000000000015
ONEWEB-0442
1 46842U 20001A   26236.50000000  .00001000  00000+0  10000-4 0  9996
2 46842  87.9000 151.2000 0011999  90.0000 230.4000 13.10000000000012
ONEWEB-0443
1 46843U 20001A   26236.50000000  .00001000  00000+0  10000-4 0  9997
2 46843  87.9000 154.8000 0011999  90.0000 241.6000 13.10000000000016
ONEWEB-0444
1 46844U 20001A   26236.50000000  .00001000  00000+0  10000-4 0  9998
2 46844  87.9000 158.4000 0011999  90.0000 252.8000 13.10000000000011
ONEWEB-0445
1 46845U 20001A   26236.50000000  .00001000  00000+0  10000-4 0  9999
2 46845  87.9000 162.0000 0011999  90.0000 264.0000 13.10000000000018
ONEWEB-0446
1 46846U 20001A   26236.50000000  .00001000  00000+0  10000-4 0  9990
2 46846  87.9000 165.6000 0011999  90.0000 275.2000 13.10000000000012
ONEWEB-0447
1 46847U 20001A   26236.50000000  .00001000  00000+0  10000-4 0  9991
2 46847  87.9000 169.2000 0011999  90.0000 286.4000 13.10000000000017
ONEWEB-0448
1 46848U 20001A   26236.50000000  .00001000  00000+0  10000-4 0  9992
2 46848  87.9000 172.8000 0011999  90.0000 297.6000 13.10000000000012
ONEWEB-0449
1 46849U 20001A   26236.50000000  .00001000  00000+0  10000-4 0  9993
2 46849  87.9000 176.4000 0011999  90.0000 308.8000 13.10000000000018
ONEWEB-0450
1 46850U 20001A   26236.50000000  .00001000  00000+0  10000-4 0  9995
2 46850  87.9000 180.0000 0011999  90.0000 320.0000 13.10000000000017
ONEWEB-0451
1 46851U 20001A   26236.50000000  .00001000  00000+0  10000-4 0  9996
2 46851  87.9000 183.6000 0011999  90.0000 331.2000 13.10000000000011
ONEWEB-0452
1 46852U 20001A   26236.50000000  .00001000  00000+0  10000-4 0  9997
2 46852  87.9000 187.2000 0011999  90.0000 342.4000 13.10000000000016
ONEWEB-0453
1 46853U 20001A   26236.50000000  .00001000  00000+0  10000-4 0  9998
2 46853  87.9000 190.8000 0011999  90.0000 353.6000 13.10000000000011
ONEWEB-0454
1 46854U 20001A   26236.50000000  .00001000  00000+0  10000-4 0  9999
2 46854  87.9000 194.4000 0011999  90.0000   4.8000 13.10000000000017
ONEWEB-0455
1 46855U 20001A   26236.50000000  .00001000  00000+0  10000-4 0  9990
2 46855  87.9000 198.0000 0011999  90.0000  16.0000 13.10000000000013
ONEWEB-0456
1 46856U 20001A   26236.50000000  .00001000  00000+0  10000-4 0  9991
2 46856  87.9000 201.6000 0011999  90.0000  27.2000 13.10000000000019
ONEWEB-0457
1 46857U 20001A   26236.50000000  .00001000  00000+0  10000-4 0  9992
2 46857  87.9000 205.2000 0011999  90.0000  38.4000 13.10000000000014
ONEWEB-0458
1 46858U 20001A   26236.50000000  .00001000  00000+0  10000-4 0  9993
2 46858  87.9000 208.8000 0011999  90.0000  49.6000 13.10000000000018
ONEWEB-0459
1 46859U 20001A   26236.50000000  .00001000  00000+0  10000-4 0  9994
2 46859  87.9000 212.4000 0011999  90.0000  60.8000 13.10000000000015
ONEWEB-0460
1 46860U 20001A   26236.50000000  .00001000  00000+0  10000-4 0  9996
2 46860  87.9000 216.0000 0011999  90.0000  72.0000 13.10000000000012
ONEWEB-0461
1 46861U 20001A   26236.50000000  .00001000  00000+0  10000-4 0  9997
2 46861  87.9000 219.6000 0011999  90.0000  83.2000 13.10000000000016
ONEWEB-0462
1 46862U 20001A   26236.50000000  .00001000  00000+0  10000-4 0  9998
2 46862  87.9000 223.2000 0011999  90.0000  94.4000 13.10000000000012
ONEWEB-0463
1 46863U 20001A   26236.50000000  .00001000  00000+0  10000-4 0  9999
2 46863  87.9000 226.8000 0011999  90.0000 105.6000 13.10000000000017
ONEWEB-0464
1 46864U 20001A   26236.50000000  .00001000  00000+0  10000-4 0  9990
2 46864  87.9000 230.4000 0011999  90.0000 116.8000 13.10000000000013
ONEWEB-0465
1 46865U 20001A   26236.50000000  .00001000  00000+0  10000-4 0  9991
2 46865  87.9000 234.0000 0011999  90.0000 128.0000 13.10000000000019
ONEWEB-0466
1 46866U 20001A   26236.50000000  .00001000  00000+0  10000-4 0  9992
2 46866  87.9000 237.6000 0011999  90.0000 139.2000 13.10000000000013
ONEWEB-0467
1 46867U 20001A   26236.50000000  .00001000  00000+0  10000-4 0  9993
2 46867  87.9000 241.2000 0011999  90.0000 150.4000 13.10000000000010
ONEWEB-0468
1 46868U 20001A   26236.50000000  .00001000  00000+0  10000-4 0  9994
2 46868  87.9000 244.8000 0011999  90.0000 161.6000 13.10000000000014
ONEWEB-0469
1 46869U 20001A   26236.50000000  .00001000  00000+0  10000-4 0  9995
2 46869  87.9000 248.4000 0011999  90.0000 172.8000 13.10000000000019
ONEWEB-0470
1 46870U 20001A   26236.50000000  .00001000  00000+0  10000-4 0  9997
2 46870  87.9000 252.0000 0011999  90.0000 184.0000 13.10000000000017
ONEWEB-0471
1 46871U 20001A   26236.50000000  .00001000  00000+0  10000-4 0  9998
2 46871  87.9000 255.6000 0011999  90.0000 195.2000 13.10000000000011
ONEWEB-0472
1 46872U 20001A   26236.50000000  .00001000  00000+0  10000-4 0  9999
2 46872  87.9000 259.2000 0011999  90.0000 206.4000 13.10000000000017
ONEWEB-0473
1 46873U 20001A   26236.50000000  .00001000  00000+0  10000-4 0  9990
2 46873  87.9000 262.8000 0011999  90.0000 217.6000 13.10000000000012
ONEWEB-0474
1 46874U 20001A   26236.50000000  .00001000  00000+0  10000-4 0  9991
2 46874  87.9000 266.4000 0011999  90.0000 228.8000 13.10000000000017
ONEWEB-0475
1 46875U 20001A   26236.50000000  .00001000  00000+0  10000-4 0  9992
2 46875  87.9000 270.0000 0011999  90.0000 240.0000 13.10000000000015
ONEWEB-0476
1 46876U 20001A   26236.50000000  .00001000  00000+0  10000-4 0  9993
2 46876  87.9000 273.6000 0011999  90.0000 251.2000 13.10000000000019
ONEWEB-0477
1 46877U 20001A   26236.50000000  .00001000  00000+0  10000-4 0  9994
2 46877  87.9000 277.2000 0011999  90.0000 262.4000 13.10000000000014
ONEWEB-0478
1 46878U 20001A   26236.50000000  .00001000  00000+0  10000-4 0  9995
2 46878  87.9000 280.8000 0011999  90.0000 273.6000 13.10000000000019
ONEWEB-0479
1 46879U 20001A   26236.50000000  .00001000  00000+0  10000-4 0  9996
2 46879  87.9000 284.4000 0011999  90.0000 284.8000 13.10000000000014
ONEWEB-0480
1 46880U 20001A   26236.50000000  .00001000  00000+0  10000-4 0  9998
2 46880  87.9000 288.0000 0011999  90.0000 296.0000 13.10000000000011
ONEWEB-0481
1 46881U 20001A   26236.50000000  .00001000  00000+0  10000-4 0  9999
2 46881  87.9000 291.6000 0011999  90.0000 307.2000 13.10000000000017
ONEWEB-0482
1 46882U 20001A   26236.50000000  .00001000  00000+0  10000-4 0  9990
2 46882  87.9000 295.2000 0011999  90.0000 318.4000 13.10000000000012
ONEWEB-0483
1 46883U 20001A   26236.50000000  .00001000  00000+0  10000-4 0  9991
2 46883  87.9000 298.8000 0011999  90.0000 329.6000 13.10000000000016
ONEWEB-0484
1 46884U 20001A   26236.50000000  .00001000  00000+0  10000-4 0  9992
2 46884  87.9000 302.4000 0011999  90.0000 340.8000 13.10000000000014
ONEWEB-0485
1 46885U 20001A   26236.50000000  .00001000  00000+0  10000-4 0  9993
2 46885  87.9000 306.0000 0011999  90.0000 352.0000 13.10000000000010
ONEWEB-0486
1 46886U 20001A   26236.50000000  .00001000  00000+0  10000-4 0  9994
2 46886  87.9000 309.6000 0011999  90.0000   3.2000 13.10000000000015
ONEWEB-0487
1 46887U 20001A   26236.50000000  .00001000  00000+0  10000-4 0  9995
2 46887  87.9000 313.2000 0011999  90.0000  14.4000 13.10000000000011
ONEWEB-0488
1 46888U 20001A   26236.50000000  .00001000  00000+0  10000-4 0  9996
2 46888  87.9000 316.8000 0011999  90.0000  25.6000 13.10000000000015
ONEWEB-0489
1 46889U 20001A   26236.50000000  .00001000  00000+0  10000-4 0  9997
2 46889  87.9000 320.4000 0011999  90.0000  36.8000 13.10000000000011
ONEWEB-0490
1 46890U 20001A   26236.50000000  .00001000  00000+0  10000-4 0  9999
2 46890  87.9000 324.0000 0011999  90.0000  48.0000 13.10000000000018
ONEWEB-0491
1 46891U 20001A   26236.50000000  .00001000  00000+0  10000-4 0  9990
2 46891  87.9000 327.6000 0011999  90.0000  59.2000 13.10000000000012
ONEWEB-0492
1 46892U 20001A   26236.50000000  .00001000  00000+0  10000-4 0  9991
2 46892  87.9000 331.2000 0011999  90.0000  70.4000 13.10000000000019
ONEWEB-0493
1 46893U 20001A   26236.50000000  .00001000  00000+0  10000-4 0  9992
2 46893  87.9000 334.8000 0011999  90.0000  81.6000 13.10000000000013
ONEWEB-0494
1 46894U 20001A   26236.50000000  .00001000  00000+0  10000-4 0  9993
2 46894  87.9000 338.4000 0011999  90.0000  92.8000 13.10000000000018
ONEWEB-0495
1 46895U 20001A   26236.50000000  .00001000  00000+0  10000-4 0  9994
2 46895  87.9000 342.0000 0011999  90.0000 104.0000 13.10000000000016
ONEWEB-0496
1 46896U 20001A   26236.50000000  .00001000  00000+0  10000-4 0  9995
2 46896  87.9000 345.6000 0011999  90.0000 115.2000 13.10000000000010
ONEWEB-0497
1 46897U 20001A   26236.50000000  .00001000  00000+0  10000-4 0  9996
2 46897  87.9000 349.2000 0011999  90.0000 126.4000 13.10000000000015
ONEWEB-0498
1 46898U 20001A   26236.50000000  .00001000  00000+0  10000-4 0  9997
2 46898  87.9000 352.8000 0011999  90.0000 137.6000 13.10000000000010
ONEWEB-0499
1 46899U 20001A   26236.50000000  .00001000  00000+0  10000-4 0  9998
2 46899  87.9000 356.4000 0011999  90.0000 148.8000 13.10000000000015
ONEWEB-0500
1 46900U 20001A   26236.50000000  .00001000  00000+0  10000-4 0  9991
2 46900  87.9000   0.0000 0011999  90.0000 160.0000 13.10000000000016